"# hourly global horizontal irradiance (W/m2), London, UK (51.5N -0.12E), 2023"
"# source: Open-Meteo ERA5 archive (open-meteo.com), CC-BY 4.0; local time Europe/London"
date,h0,h1,h2,h3,h4,h5,h6,h7,h8,h9,h10,h11,h12,h13,h14,h15,h16,h17,h18,h19,h20,h21,h22,h23
2023-01-01,0.0,0.0,0.0,0.0,0.0,0.0,0.0,0.0,0.0,0.0,15.0,71.0,126.0,144.0,154.0,80.0,55.0,7.0,0.0,0.0,0.0,0.0,0.0,0.0
2023-01-02,0.0,0.0,0.0,0.0,0.0,0.0,0.0,0.0,0.0,0.0,15.0,55.0,130.0,151.0,212.0,194.0,119.0,33.0,0.0,0.0,0.0,0.0,0.0,0.0
2023-01-03,0.0,0.0,0.0,0.0,0.0,0.0,0.0,0.0,0.0,0.0,5.0,35.0,66.0,49.0,55.0,46.0,16.0,3.0,0.0,0.0,0.0,0.0,0.0,0.0
2023-01-04,0.0,0.0,0.0,0.0,0.0,0.0,0.0,0.0,0.0,0.0,5.0,64.0,106.0,209.0,139.0,159.0,106.0,28.0,0.0,0.0,0.0,0.0,0.0,0.0
2023-01-05,0.0,0.0,0.0,0.0,0.0,0.0,0.0,0.0,0.0,0.0,10.0,41.0,68.0,40.0,122.0,120.0,66.0,28.0,0.0,0.0,0.0,0.0,0.0,0.0
2023-01-06,0.0,0.0,0.0,0.0,0.0,0.0,0.0,0.0,0.0,0.0,23.0,105.0,174.0,226.0,149.0,150.0,70.0,18.0,0.0,0.0,0.0,0.0,0.0,0.0
2023-01-07,0.0,0.0,0.0,0.0,0.0,0.0,0.0,0.0,0.0,0.0,7.0,32.0,61.0,21.0,48.0,28.0,34.0,18.0,0.0,0.0,0.0,0.0,0.0,0.0
2023-01-08,0.0,0.0,0.0,0.0,0.0,0.0,0.0,0.0,0.0,0.0,23.0,103.0,124.0,131.0,135.0,112.0,73.0,23.0,0.0,0.0,0.0,0.0,0.0,0.0
2023-01-09,0.0,0.0,0.0,0.0,0.0,0.0,0.0,0.0,0.0,0.0,25.0,108.0,181.0,193.0,198.0,185.0,132.0,44.0,0.0,0.0,0.0,0.0,0.0,0.0
2023-01-10,0.0,0.0,0.0,0.0,0.0,0.0,0.0,0.0,0.0,0.0,3.0,18.0,15.0,19.0,21.0,41.0,16.0,8.0,0.0,0.0,0.0,0.0,0.0,0.0
2023-01-11,0.0,0.0,0.0,0.0,0.0,0.0,0.0,0.0,0.0,0.0,25.0,117.0,194.0,233.0,239.0,131.0,48.0,15.0,0.0,0.0,0.0,0.0,0.0,0.0
2023-01-12,0.0,0.0,0.0,0.0,0.0,0.0,0.0,0.0,0.0,0.0,4.0,12.0,66.0,53.0,72.0,60.0,54.0,25.0,1.0,0.0,0.0,0.0,0.0,0.0
2023-01-13,0.0,0.0,0.0,0.0,0.0,0.0,0.0,0.0,0.0,0.0,26.0,118.0,201.0,244.0,262.0,228.0,149.0,54.0,1.0,0.0,0.0,0.0,0.0,0.0
2023-01-14,0.0,0.0,0.0,0.0,0.0,0.0,0.0,0.0,0.0,0.0,5.0,17.0,22.0,32.0,12.0,65.0,126.0,19.0,1.0,0.0,0.0,0.0,0.0,0.0
2023-01-15,0.0,0.0,0.0,0.0,0.0,0.0,0.0,0.0,0.0,0.0,26.0,126.0,216.0,267.0,236.0,228.0,150.0,60.0,2.0,0.0,0.0,0.0,0.0,0.0
2023-01-16,0.0,0.0,0.0,0.0,0.0,0.0,0.0,0.0,0.0,0.0,15.0,83.0,106.0,100.0,228.0,219.0,125.0,54.0,2.0,0.0,0.0,0.0,0.0,0.0
2023-01-17,0.0,0.0,0.0,0.0,0.0,0.0,0.0,0.0,0.0,0.0,28.0,111.0,185.0,244.0,250.0,201.0,137.0,55.0,2.0,0.0,0.0,0.0,0.0,0.0
2023-01-18,0.0,0.0,0.0,0.0,0.0,0.0,0.0,0.0,0.0,0.0,36.0,137.0,225.0,274.0,267.0,223.0,163.0,72.0,3.0,0.0,0.0,0.0,0.0,0.0
2023-01-19,0.0,0.0,0.0,0.0,0.0,0.0,0.0,0.0,0.0,0.0,37.0,138.0,226.0,279.0,265.0,250.0,178.0,74.0,4.0,0.0,0.0,0.0,0.0,0.0
2023-01-20,0.0,0.0,0.0,0.0,0.0,0.0,0.0,0.0,0.0,0.0,38.0,139.0,222.0,281.0,293.0,257.0,169.0,73.0,4.0,0.0,0.0,0.0,0.0,0.0
2023-01-21,0.0,0.0,0.0,0.0,0.0,0.0,0.0,0.0,0.0,0.0,34.0,131.0,232.0,290.0,289.0,260.0,176.0,76.0,5.0,0.0,0.0,0.0,0.0,0.0
2023-01-22,0.0,0.0,0.0,0.0,0.0,0.0,0.0,0.0,0.0,0.0,23.0,78.0,135.0,171.0,219.0,228.0,171.0,80.0,6.0,0.0,0.0,0.0,0.0,0.0
2023-01-23,0.0,0.0,0.0,0.0,0.0,0.0,0.0,0.0,0.0,0.0,26.0,94.0,167.0,223.0,254.0,190.0,116.0,50.0,4.0,0.0,0.0,0.0,0.0,0.0
2023-01-24,0.0,0.0,0.0,0.0,0.0,0.0,0.0,0.0,0.0,0.0,24.0,86.0,182.0,253.0,286.0,244.0,166.0,76.0,7.0,0.0,0.0,0.0,0.0,0.0
2023-01-25,0.0,0.0,0.0,0.0,0.0,0.0,0.0,0.0,0.0,0.0,14.0,41.0,69.0,83.0,100.0,81.0,33.0,15.0,1.0,0.0,0.0,0.0,0.0,0.0
2023-01-26,0.0,0.0,0.0,0.0,0.0,0.0,0.0,0.0,0.0,0.0,27.0,63.0,99.0,124.0,127.0,201.0,167.0,86.0,9.0,0.0,0.0,0.0,0.0,0.0
2023-01-27,0.0,0.0,0.0,0.0,0.0,0.0,0.0,0.0,0.0,0.0,25.0,91.0,182.0,218.0,230.0,172.0,110.0,57.0,10.0,0.0,0.0,0.0,0.0,0.0
2023-01-28,0.0,0.0,0.0,0.0,0.0,0.0,0.0,0.0,0.0,1.0,51.0,155.0,230.0,213.0,260.0,181.0,133.0,66.0,7.0,0.0,0.0,0.0,0.0,0.0
2023-01-29,0.0,0.0,0.0,0.0,0.0,0.0,0.0,0.0,0.0,1.0,13.0,97.0,237.0,237.0,113.0,123.0,85.0,28.0,4.0,0.0,0.0,0.0,0.0,0.0
2023-01-30,0.0,0.0,0.0,0.0,0.0,0.0,0.0,0.0,0.0,1.0,58.0,167.0,263.0,322.0,330.0,275.0,188.0,110.0,16.0,0.0,0.0,0.0,0.0,0.0
2023-01-31,0.0,0.0,0.0,0.0,0.0,0.0,0.0,0.0,0.0,1.0,34.0,164.0,148.0,185.0,340.0,250.0,206.0,112.0,19.0,0.0,0.0,0.0,0.0,0.0
2023-02-01,0.0,0.0,0.0,0.0,0.0,0.0,0.0,0.0,0.0,2.0,67.0,175.0,251.0,320.0,246.0,144.0,71.0,61.0,15.0,0.0,0.0,0.0,0.0,0.0
2023-02-02,0.0,0.0,0.0,0.0,0.0,0.0,0.0,0.0,0.0,2.0,66.0,179.0,160.0,155.0,198.0,102.0,118.0,61.0,16.0,0.0,0.0,0.0,0.0,0.0
2023-02-03,0.0,0.0,0.0,0.0,0.0,0.0,0.0,0.0,0.0,3.0,63.0,170.0,259.0,244.0,263.0,260.0,185.0,67.0,12.0,0.0,0.0,0.0,0.0,0.0
2023-02-04,0.0,0.0,0.0,0.0,0.0,0.0,0.0,0.0,0.0,2.0,23.0,52.0,55.0,61.0,109.0,128.0,76.0,70.0,11.0,0.0,0.0,0.0,0.0,0.0
2023-02-05,0.0,0.0,0.0,0.0,0.0,0.0,0.0,0.0,0.0,4.0,78.0,202.0,298.0,348.0,364.0,287.0,186.0,95.0,25.0,0.0,0.0,0.0,0.0,0.0
2023-02-06,0.0,0.0,0.0,0.0,0.0,0.0,0.0,0.0,0.0,5.0,71.0,156.0,251.0,332.0,377.0,342.0,262.0,149.0,34.0,0.0,0.0,0.0,0.0,0.0
2023-02-07,0.0,0.0,0.0,0.0,0.0,0.0,0.0,0.0,0.0,2.0,41.0,92.0,173.0,231.0,296.0,325.0,248.0,150.0,37.0,0.0,0.0,0.0,0.0,0.0
2023-02-08,0.0,0.0,0.0,0.0,0.0,0.0,0.0,0.0,0.0,5.0,70.0,162.0,271.0,356.0,387.0,356.0,273.0,159.0,40.0,0.0,0.0,0.0,0.0,0.0
2023-02-09,0.0,0.0,0.0,0.0,0.0,0.0,0.0,0.0,0.0,5.0,38.0,89.0,229.0,378.0,356.0,352.0,274.0,165.0,44.0,0.0,0.0,0.0,0.0,0.0
2023-02-10,0.0,0.0,0.0,0.0,0.0,0.0,0.0,0.0,0.0,9.0,100.0,220.0,302.0,315.0,356.0,346.0,243.0,125.0,31.0,0.0,0.0,0.0,0.0,0.0
2023-02-11,0.0,0.0,0.0,0.0,0.0,0.0,0.0,0.0,0.0,5.0,37.0,93.0,193.0,261.0,212.0,154.0,114.0,66.0,20.0,0.0,0.0,0.0,0.0,0.0
2023-02-12,0.0,0.0,0.0,0.0,0.0,0.0,0.0,0.0,0.0,5.0,36.0,108.0,201.0,196.0,168.0,113.0,100.0,67.0,23.0,0.0,0.0,0.0,0.0,0.0
2023-02-13,0.0,0.0,0.0,0.0,0.0,0.0,0.0,0.0,0.0,13.0,112.0,238.0,333.0,393.0,411.0,375.0,295.0,180.0,57.0,0.0,0.0,0.0,0.0,0.0
2023-02-14,0.0,0.0,0.0,0.0,0.0,0.0,0.0,0.0,0.0,16.0,121.0,246.0,344.0,402.0,413.0,377.0,297.0,184.0,60.0,1.0,0.0,0.0,0.0,0.0
2023-02-15,0.0,0.0,0.0,0.0,0.0,0.0,0.0,0.0,0.0,14.0,94.0,196.0,277.0,357.0,392.0,382.0,297.0,184.0,62.0,1.0,0.0,0.0,0.0,0.0
2023-02-16,0.0,0.0,0.0,0.0,0.0,0.0,0.0,0.0,0.0,4.0,31.0,44.0,41.0,103.0,111.0,90.0,95.0,42.0,32.0,1.0,0.0,0.0,0.0,0.0
2023-02-17,0.0,0.0,0.0,0.0,0.0,0.0,0.0,0.0,0.0,9.0,46.0,105.0,139.0,369.0,140.0,125.0,110.0,101.0,28.0,1.0,0.0,0.0,0.0,0.0
2023-02-18,0.0,0.0,0.0,0.0,0.0,0.0,0.0,0.0,0.0,6.0,43.0,78.0,105.0,109.0,72.0,96.0,104.0,67.0,15.0,1.0,0.0,0.0,0.0,0.0
2023-02-19,0.0,0.0,0.0,0.0,0.0,0.0,0.0,0.0,0.0,22.0,110.0,228.0,330.0,403.0,435.0,399.0,318.0,205.0,78.0,3.0,0.0,0.0,0.0,0.0
2023-02-20,0.0,0.0,0.0,0.0,0.0,0.0,0.0,0.0,0.0,12.0,69.0,98.0,139.0,180.0,252.0,281.0,274.0,183.0,77.0,3.0,0.0,0.0,0.0,0.0
2023-02-21,0.0,0.0,0.0,0.0,0.0,0.0,0.0,0.0,0.0,17.0,66.0,103.0,158.0,207.0,180.0,215.0,167.0,134.0,63.0,3.0,0.0,0.0,0.0,0.0
2023-02-22,0.0,0.0,0.0,0.0,0.0,0.0,0.0,0.0,0.0,15.0,62.0,98.0,116.0,200.0,83.0,48.0,43.0,57.0,26.0,2.0,0.0,0.0,0.0,0.0
2023-02-23,0.0,0.0,0.0,0.0,0.0,0.0,0.0,0.0,0.0,8.0,31.0,53.0,84.0,70.0,131.0,187.0,134.0,71.0,27.0,2.0,0.0,0.0,0.0,0.0
2023-02-24,0.0,0.0,0.0,0.0,0.0,0.0,0.0,0.0,0.0,30.0,89.0,151.0,139.0,133.0,93.0,75.0,66.0,172.0,85.0,6.0,0.0,0.0,0.0,0.0
2023-02-25,0.0,0.0,0.0,0.0,0.0,0.0,0.0,0.0,0.0,46.0,154.0,270.0,226.0,307.0,336.0,243.0,207.0,132.0,41.0,5.0,0.0,0.0,0.0,0.0
2023-02-26,0.0,0.0,0.0,0.0,0.0,0.0,0.0,0.0,0.0,42.0,140.0,310.0,388.0,233.0,359.0,224.0,188.0,120.0,42.0,5.0,0.0,0.0,0.0,0.0
2023-02-27,0.0,0.0,0.0,0.0,0.0,0.0,0.0,0.0,0.0,16.0,53.0,64.0,144.0,146.0,255.0,211.0,144.0,99.0,56.0,5.0,0.0,0.0,0.0,0.0
2023-02-28,0.0,0.0,0.0,0.0,0.0,0.0,0.0,0.0,0.0,56.0,162.0,208.0,129.0,153.0,173.0,133.0,99.0,90.0,38.0,5.0,0.0,0.0,0.0,0.0
2023-03-01,0.0,0.0,0.0,0.0,0.0,0.0,0.0,0.0,0.0,26.0,72.0,121.0,167.0,190.0,143.0,135.0,74.0,126.0,68.0,5.0,0.0,0.0,0.0,0.0
2023-03-02,0.0,0.0,0.0,0.0,0.0,0.0,0.0,0.0,1.0,69.0,201.0,324.0,273.0,440.0,459.0,464.0,387.0,267.0,122.0,16.0,0.0,0.0,0.0,0.0
2023-03-03,0.0,0.0,0.0,0.0,0.0,0.0,0.0,0.0,1.0,43.0,96.0,146.0,146.0,160.0,142.0,148.0,93.0,89.0,54.0,10.0,0.0,0.0,0.0,0.0
2023-03-04,0.0,0.0,0.0,0.0,0.0,0.0,0.0,0.0,1.0,21.0,81.0,88.0,165.0,267.0,201.0,163.0,144.0,93.0,56.0,9.0,0.0,0.0,0.0,0.0
2023-03-05,0.0,0.0,0.0,0.0,0.0,0.0,0.0,0.0,2.0,55.0,125.0,214.0,292.0,312.0,215.0,221.0,174.0,92.0,51.0,6.0,0.0,0.0,0.0,0.0
2023-03-06,0.0,0.0,0.0,0.0,0.0,0.0,0.0,0.0,2.0,9.0,36.0,193.0,278.0,269.0,299.0,187.0,86.0,87.0,50.0,8.0,0.0,0.0,0.0,0.0
2023-03-07,0.0,0.0,0.0,0.0,0.0,0.0,0.0,0.0,2.0,45.0,98.0,95.0,188.0,101.0,128.0,140.0,144.0,109.0,67.0,22.0,0.0,0.0,0.0,0.0
2023-03-08,0.0,0.0,0.0,0.0,0.0,0.0,0.0,0.0,1.0,26.0,45.0,58.0,97.0,71.0,60.0,54.0,50.0,34.0,16.0,5.0,0.0,0.0,0.0,0.0
2023-03-09,0.0,0.0,0.0,0.0,0.0,0.0,0.0,0.0,1.0,14.0,33.0,52.0,88.0,154.0,136.0,197.0,76.0,68.0,54.0,9.0,0.0,0.0,0.0,0.0
2023-03-10,0.0,0.0,0.0,0.0,0.0,0.0,0.0,0.0,1.0,14.0,23.0,33.0,74.0,393.0,364.0,264.0,199.0,275.0,128.0,29.0,0.0,0.0,0.0,0.0
2023-03-11,0.0,0.0,0.0,0.0,0.0,0.0,0.0,0.0,9.0,84.0,128.0,386.0,238.0,477.0,341.0,334.0,274.0,90.0,45.0,7.0,0.0,0.0,0.0,0.0
2023-03-12,0.0,0.0,0.0,0.0,0.0,0.0,0.0,0.0,4.0,53.0,186.0,332.0,235.0,313.0,285.0,217.0,132.0,146.0,40.0,8.0,0.0,0.0,0.0,0.0
2023-03-13,0.0,0.0,0.0,0.0,0.0,0.0,0.0,0.0,10.0,48.0,136.0,252.0,393.0,427.0,427.0,312.0,295.0,263.0,126.0,36.0,0.0,0.0,0.0,0.0
2023-03-14,0.0,0.0,0.0,0.0,0.0,0.0,0.0,0.0,9.0,24.0,41.0,94.0,104.0,463.0,496.0,512.0,443.0,326.0,174.0,27.0,0.0,0.0,0.0,0.0
2023-03-15,0.0,0.0,0.0,0.0,0.0,0.0,0.0,0.0,18.0,136.0,274.0,388.0,417.0,329.0,353.0,223.0,179.0,137.0,41.0,23.0,0.0,0.0,0.0,0.0
2023-03-16,0.0,0.0,0.0,0.0,0.0,0.0,0.0,0.0,6.0,46.0,127.0,142.0,194.0,204.0,418.0,312.0,366.0,167.0,81.0,37.0,0.0,0.0,0.0,0.0
2023-03-17,0.0,0.0,0.0,0.0,0.0,0.0,0.0,0.0,9.0,40.0,45.0,99.0,133.0,206.0,105.0,186.0,379.0,273.0,177.0,50.0,0.0,0.0,0.0,0.0
2023-03-18,0.0,0.0,0.0,0.0,0.0,0.0,0.0,0.0,18.0,65.0,68.0,100.0,190.0,186.0,314.0,257.0,264.0,290.0,159.0,47.0,0.0,0.0,0.0,0.0
2023-03-19,0.0,0.0,0.0,0.0,0.0,0.0,0.0,0.0,30.0,155.0,286.0,281.0,244.0,297.0,284.0,323.0,202.0,157.0,140.0,38.0,0.0,0.0,0.0,0.0
2023-03-20,0.0,0.0,0.0,0.0,0.0,0.0,0.0,0.0,9.0,30.0,95.0,176.0,132.0,242.0,108.0,258.0,173.0,74.0,31.0,13.0,0.0,0.0,0.0,0.0
2023-03-21,0.0,0.0,0.0,0.0,0.0,0.0,0.0,0.0,11.0,48.0,105.0,180.0,378.0,414.0,449.0,346.0,315.0,267.0,136.0,55.0,1.0,0.0,0.0,0.0
2023-03-22,0.0,0.0,0.0,0.0,0.0,0.0,0.0,0.0,9.0,40.0,55.0,159.0,176.0,474.0,530.0,404.0,164.0,132.0,89.0,25.0,1.0,0.0,0.0,0.0
2023-03-23,0.0,0.0,0.0,0.0,0.0,0.0,0.0,0.0,41.0,176.0,301.0,395.0,459.0,473.0,538.0,423.0,373.0,72.0,22.0,9.0,0.0,0.0,0.0,0.0
2023-03-24,0.0,0.0,0.0,0.0,0.0,0.0,0.0,0.0,47.0,181.0,331.0,423.0,476.0,497.0,359.0,431.0,373.0,267.0,147.0,58.0,2.0,0.0,0.0,0.0
2023-03-25,0.0,0.0,0.0,0.0,0.0,0.0,0.0,0.0,37.0,134.0,247.0,390.0,471.0,516.0,533.0,484.0,440.0,378.0,190.0,65.0,2.0,0.0,0.0,0.0
2023-03-26,0.0,0.0,0.0,0.0,0.0,0.0,0.0,0.0,14.0,46.0,86.0,114.0,136.0,123.0,171.0,176.0,147.0,93.0,114.0,41.0,2.0,0.0,0.0,0.0
2023-03-27,0.0,0.0,0.0,0.0,0.0,0.0,0.0,0.0,58.0,207.0,371.0,509.0,610.0,671.0,336.0,379.0,262.0,249.0,167.0,65.0,3.0,0.0,0.0,0.0
2023-03-28,0.0,0.0,0.0,0.0,0.0,0.0,0.0,0.0,9.0,34.0,70.0,88.0,121.0,184.0,126.0,153.0,183.0,50.0,18.0,16.0,1.0,0.0,0.0,0.0
2023-03-29,0.0,0.0,0.0,0.0,0.0,0.0,0.0,0.0,18.0,60.0,67.0,80.0,121.0,136.0,205.0,287.0,267.0,189.0,137.0,52.0,3.0,0.0,0.0,0.0
2023-03-30,0.0,0.0,0.0,0.0,0.0,0.0,0.0,1.0,52.0,146.0,239.0,256.0,437.0,402.0,396.0,407.0,312.0,320.0,179.0,84.0,5.0,0.0,0.0,0.0
2023-03-31,0.0,0.0,0.0,0.0,0.0,0.0,0.0,1.0,16.0,86.0,104.0,108.0,233.0,70.0,303.0,179.0,106.0,74.0,15.0,15.0,2.0,0.0,0.0,0.0
2023-04-01,0.0,0.0,0.0,0.0,0.0,0.0,0.0,1.0,28.0,63.0,105.0,158.0,239.0,304.0,301.0,283.0,250.0,276.0,142.0,35.0,4.0,0.0,0.0,0.0
2023-04-02,0.0,0.0,0.0,0.0,0.0,0.0,0.0,2.0,32.0,61.0,195.0,294.0,459.0,555.0,319.0,299.0,417.0,312.0,245.0,108.0,9.0,0.0,0.0,0.0
2023-04-03,0.0,0.0,0.0,0.0,0.0,0.0,0.0,4.0,78.0,217.0,371.0,403.0,372.0,560.0,613.0,626.0,558.0,432.0,277.0,121.0,11.0,0.0,0.0,0.0
2023-04-04,0.0,0.0,0.0,0.0,0.0,0.0,0.0,6.0,105.0,266.0,428.0,565.0,665.0,720.0,722.0,671.0,575.0,443.0,284.0,122.0,12.0,0.0,0.0,0.0
2023-04-05,0.0,0.0,0.0,0.0,0.0,0.0,0.0,8.0,92.0,204.0,276.0,284.0,383.0,463.0,420.0,287.0,182.0,112.0,75.0,36.0,3.0,0.0,0.0,0.0
2023-04-06,0.0,0.0,0.0,0.0,0.0,0.0,0.0,2.0,32.0,143.0,152.0,173.0,162.0,396.0,432.0,442.0,369.0,342.0,176.0,96.0,14.0,0.0,0.0,0.0
2023-04-07,0.0,0.0,0.0,0.0,0.0,0.0,0.0,10.0,114.0,272.0,429.0,567.0,572.0,636.0,649.0,624.0,541.0,444.0,276.0,114.0,16.0,0.0,0.0,0.0
2023-04-08,0.0,0.0,0.0,0.0,0.0,0.0,0.0,11.0,99.0,210.0,360.0,516.0,544.0,498.0,508.0,455.0,416.0,333.0,194.0,95.0,16.0,0.0,0.0,0.0
2023-04-09,0.0,0.0,0.0,0.0,0.0,0.0,0.0,10.0,88.0,230.0,424.0,576.0,642.0,739.0,634.0,663.0,551.0,383.0,185.0,88.0,15.0,0.0,0.0,0.0
2023-04-10,0.0,0.0,0.0,0.0,0.0,0.0,0.0,3.0,14.0,35.0,30.0,67.0,67.0,101.0,453.0,472.0,527.0,287.0,262.0,126.0,18.0,0.0,0.0,0.0
2023-04-11,0.0,0.0,0.0,0.0,0.0,0.0,0.0,18.0,137.0,299.0,455.0,583.0,589.0,530.0,334.0,278.0,178.0,120.0,65.0,50.0,4.0,0.0,0.0,0.0
2023-04-12,0.0,0.0,0.0,0.0,0.0,0.0,0.0,21.0,143.0,302.0,400.0,556.0,659.0,671.0,492.0,366.0,294.0,341.0,135.0,80.0,8.0,0.0,0.0,0.0
2023-04-13,0.0,0.0,0.0,0.0,0.0,0.0,0.0,23.0,151.0,317.0,479.0,616.0,712.0,752.0,699.0,656.0,587.0,406.0,278.0,139.0,24.0,0.0,0.0,0.0
2023-04-14,0.0,0.0,0.0,0.0,0.0,0.0,0.0,14.0,77.0,123.0,192.0,306.0,344.0,321.0,357.0,245.0,201.0,54.0,38.0,31.0,4.0,0.0,0.0,0.0
2023-04-15,0.0,0.0,0.0,0.0,0.0,0.0,0.0,8.0,51.0,115.0,221.0,364.0,520.0,311.0,465.0,344.0,347.0,389.0,264.0,120.0,28.0,0.0,0.0,0.0
2023-04-16,0.0,0.0,0.0,0.0,0.0,0.0,0.0,6.0,34.0,79.0,132.0,250.0,357.0,288.0,515.0,437.0,209.0,160.0,122.0,87.0,23.0,0.0,0.0,0.0
2023-04-17,0.0,0.0,0.0,0.0,0.0,0.0,0.0,14.0,60.0,99.0,116.0,397.0,529.0,560.0,583.0,498.0,532.0,413.0,288.0,160.0,34.0,0.0,0.0,0.0
2023-04-18,0.0,0.0,0.0,0.0,0.0,0.0,0.0,20.0,146.0,338.0,498.0,520.0,456.0,422.0,275.0,237.0,214.0,174.0,90.0,64.0,26.0,0.0,0.0,0.0
2023-04-19,0.0,0.0,0.0,0.0,0.0,0.0,0.0,37.0,170.0,329.0,458.0,492.0,379.0,546.0,547.0,581.0,546.0,483.0,332.0,177.0,43.0,0.0,0.0,0.0
2023-04-20,0.0,0.0,0.0,0.0,0.0,0.0,0.0,45.0,186.0,349.0,506.0,636.0,729.0,776.0,715.0,699.0,641.0,349.0,73.0,14.0,28.0,0.0,0.0,0.0
2023-04-21,0.0,0.0,0.0,0.0,0.0,0.0,0.0,26.0,25.0,85.0,78.0,78.0,139.0,308.0,673.0,532.0,447.0,355.0,186.0,144.0,44.0,0.0,0.0,0.0
2023-04-22,0.0,0.0,0.0,0.0,0.0,0.0,0.0,37.0,109.0,210.0,310.0,517.0,534.0,625.0,522.0,356.0,267.0,385.0,271.0,185.0,46.0,0.0,0.0,0.0
2023-04-23,0.0,0.0,0.0,0.0,0.0,0.0,0.0,36.0,111.0,163.0,224.0,204.0,149.0,153.0,145.0,208.0,257.0,264.0,293.0,157.0,39.0,0.0,0.0,0.0
2023-04-24,0.0,0.0,0.0,0.0,0.0,0.0,0.0,37.0,144.0,313.0,482.0,536.0,464.0,491.0,354.0,439.0,108.0,54.0,47.0,35.0,5.0,0.0,0.0,0.0
2023-04-25,0.0,0.0,0.0,0.0,0.0,0.0,1.0,64.0,212.0,381.0,539.0,673.0,763.0,696.0,546.0,463.0,378.0,309.0,203.0,95.0,28.0,0.0,0.0,0.0
2023-04-26,0.0,0.0,0.0,0.0,0.0,0.0,1.0,47.0,194.0,343.0,422.0,422.0,401.0,280.0,267.0,359.0,351.0,128.0,96.0,43.0,18.0,0.0,0.0,0.0
2023-04-27,0.0,0.0,0.0,0.0,0.0,0.0,1.0,38.0,89.0,171.0,257.0,368.0,469.0,397.0,238.0,174.0,84.0,58.0,64.0,20.0,9.0,0.0,0.0,0.0
2023-04-28,0.0,0.0,0.0,0.0,0.0,0.0,1.0,14.0,54.0,118.0,139.0,191.0,263.0,563.0,450.0,509.0,409.0,407.0,229.0,131.0,56.0,1.0,0.0,0.0
2023-04-29,0.0,0.0,0.0,0.0,0.0,0.0,2.0,74.0,215.0,341.0,483.0,607.0,746.0,798.0,730.0,493.0,487.0,406.0,273.0,196.0,66.0,2.0,0.0,0.0
2023-04-30,0.0,0.0,0.0,0.0,0.0,0.0,3.0,76.0,215.0,370.0,478.0,519.0,416.0,513.0,557.0,487.0,373.0,301.0,178.0,98.0,36.0,1.0,0.0,0.0
2023-05-01,0.0,0.0,0.0,0.0,0.0,0.0,2.0,33.0,82.0,138.0,223.0,325.0,454.0,462.0,567.0,505.0,339.0,468.0,335.0,195.0,66.0,2.0,0.0,0.0
2023-05-02,0.0,0.0,0.0,0.0,0.0,0.0,3.0,26.0,60.0,104.0,199.0,219.0,253.0,393.0,292.0,292.0,366.0,323.0,225.0,159.0,67.0,3.0,0.0,0.0
2023-05-03,0.0,0.0,0.0,0.0,0.0,0.0,5.0,89.0,238.0,400.0,551.0,685.0,728.0,802.0,816.0,769.0,672.0,529.0,353.0,193.0,74.0,3.0,0.0,0.0
2023-05-04,0.0,0.0,0.0,0.0,0.0,0.0,6.0,65.0,147.0,315.0,452.0,562.0,547.0,652.0,408.0,292.0,300.0,410.0,271.0,155.0,73.0,4.0,0.0,0.0
2023-05-05,0.0,0.0,0.0,0.0,0.0,0.0,4.0,42.0,100.0,241.0,355.0,440.0,452.0,474.0,556.0,484.0,483.0,468.0,329.0,211.0,79.0,5.0,0.0,0.0
2023-05-06,0.0,0.0,0.0,0.0,0.0,0.0,7.0,49.0,125.0,115.0,309.0,283.0,175.0,124.0,124.0,216.0,130.0,150.0,147.0,70.0,42.0,2.0,0.0,0.0
2023-05-07,0.0,0.0,0.0,0.0,0.0,0.0,4.0,45.0,99.0,170.0,301.0,297.0,406.0,509.0,436.0,389.0,319.0,365.0,255.0,205.0,83.0,5.0,0.0,0.0
2023-05-08,0.0,0.0,0.0,0.0,0.0,0.0,10.0,81.0,210.0,275.0,171.0,158.0,281.0,234.0,188.0,476.0,310.0,137.0,95.0,41.0,26.0,2.0,0.0,0.0
2023-05-09,0.0,0.0,0.0,0.0,0.0,0.0,5.0,61.0,159.0,198.0,282.0,464.0,408.0,350.0,427.0,492.0,334.0,264.0,260.0,206.0,77.0,5.0,0.0,0.0
2023-05-10,0.0,0.0,0.0,0.0,0.0,0.0,11.0,105.0,249.0,400.0,554.0,638.0,711.0,674.0,681.0,414.0,353.0,460.0,277.0,111.0,72.0,8.0,0.0,0.0
2023-05-11,0.0,0.0,0.0,0.0,0.0,0.0,12.0,97.0,208.0,341.0,473.0,630.0,652.0,230.0,452.0,424.0,601.0,382.0,323.0,175.0,95.0,10.0,0.0,0.0
2023-05-12,0.0,0.0,0.0,0.0,0.0,0.0,5.0,39.0,89.0,156.0,228.0,265.0,240.0,146.0,222.0,248.0,185.0,141.0,128.0,88.0,27.0,3.0,0.0,0.0
2023-05-13,0.0,0.0,0.0,0.0,0.0,0.0,7.0,44.0,102.0,195.0,268.0,243.0,282.0,428.0,263.0,397.0,543.0,482.0,359.0,221.0,103.0,12.0,0.0,0.0
2023-05-14,0.0,0.0,0.0,0.0,0.0,0.0,11.0,57.0,122.0,205.0,333.0,511.0,677.0,768.0,782.0,696.0,627.0,420.0,239.0,177.0,69.0,11.0,0.0,0.0
2023-05-15,0.0,0.0,0.0,0.0,0.0,0.0,4.0,46.0,85.0,108.0,326.0,603.0,733.0,784.0,391.0,495.0,361.0,428.0,351.0,223.0,97.0,13.0,0.0,0.0
2023-05-16,0.0,0.0,0.0,0.0,0.0,0.0,20.0,129.0,283.0,444.0,594.0,709.0,672.0,638.0,729.0,582.0,402.0,396.0,317.0,198.0,96.0,14.0,0.0,0.0
2023-05-17,0.0,0.0,0.0,0.0,0.0,0.0,21.0,125.0,276.0,440.0,575.0,584.0,453.0,584.0,587.0,475.0,367.0,379.0,307.0,150.0,98.0,12.0,0.0,0.0
2023-05-18,0.0,0.0,0.0,0.0,0.0,0.0,18.0,119.0,198.0,251.0,335.0,547.0,648.0,688.0,746.0,666.0,526.0,425.0,281.0,223.0,93.0,14.0,0.0,0.0
2023-05-19,0.0,0.0,0.0,0.0,0.0,0.0,13.0,84.0,145.0,219.0,178.0,134.0,326.0,411.0,571.0,708.0,547.0,509.0,345.0,225.0,106.0,18.0,0.0,0.0
2023-05-20,0.0,0.0,0.0,0.0,0.0,0.0,27.0,140.0,292.0,453.0,602.0,725.0,687.0,675.0,635.0,557.0,574.0,521.0,383.0,243.0,122.0,21.0,0.0,0.0
2023-05-21,0.0,0.0,0.0,0.0,0.0,0.0,28.0,142.0,296.0,456.0,604.0,679.0,459.0,440.0,420.0,456.0,330.0,335.0,238.0,182.0,98.0,20.0,0.0,0.0
2023-05-22,0.0,0.0,0.0,0.0,0.0,0.0,22.0,49.0,85.0,196.0,340.0,569.0,712.0,662.0,574.0,378.0,405.0,531.0,428.0,273.0,130.0,23.0,0.0,0.0
2023-05-23,0.0,0.0,0.0,0.0,0.0,0.0,30.0,139.0,264.0,420.0,602.0,663.0,574.0,639.0,341.0,468.0,374.0,421.0,281.0,198.0,103.0,21.0,0.0,0.0
2023-05-24,0.0,0.0,0.0,0.0,0.0,0.0,30.0,142.0,287.0,448.0,595.0,710.0,682.0,693.0,717.0,588.0,493.0,397.0,286.0,217.0,123.0,24.0,0.0,0.0
2023-05-25,0.0,0.0,0.0,0.0,0.0,0.0,16.0,60.0,132.0,306.0,563.0,692.0,676.0,726.0,573.0,461.0,334.0,247.0,200.0,114.0,71.0,15.0,0.0,0.0
2023-05-26,0.0,0.0,0.0,0.0,0.0,0.0,32.0,141.0,292.0,446.0,541.0,665.0,753.0,823.0,867.0,826.0,737.0,612.0,461.0,299.0,145.0,30.0,0.0,0.0
2023-05-27,0.0,0.0,0.0,0.0,0.0,0.0,35.0,145.0,245.0,329.0,502.0,628.0,738.0,821.0,854.0,820.0,735.0,613.0,461.0,299.0,146.0,31.0,0.0,0.0
2023-05-28,0.0,0.0,0.0,0.0,0.0,0.0,37.0,150.0,301.0,464.0,621.0,741.0,824.0,846.0,843.0,796.0,669.0,534.0,390.0,222.0,133.0,30.0,0.0,0.0
2023-05-29,0.0,0.0,0.0,0.0,0.0,0.0,39.0,161.0,319.0,469.0,459.0,556.0,719.0,755.0,747.0,826.0,718.0,587.0,430.0,265.0,140.0,33.0,0.0,0.0
2023-05-30,0.0,0.0,0.0,0.0,0.0,0.0,27.0,111.0,192.0,265.0,401.0,563.0,738.0,798.0,648.0,573.0,533.0,472.0,300.0,159.0,62.0,14.0,0.0,0.0
2023-05-31,0.0,0.0,0.0,0.0,0.0,0.0,18.0,75.0,142.0,179.0,246.0,377.0,399.0,530.0,406.0,512.0,516.0,542.0,405.0,294.0,128.0,28.0,0.0,0.0
2023-06-01,0.0,0.0,0.0,0.0,0.0,0.0,23.0,85.0,155.0,250.0,398.0,482.0,580.0,702.0,725.0,751.0,675.0,573.0,422.0,282.0,122.0,22.0,0.0,0.0
2023-06-02,0.0,0.0,0.0,0.0,0.0,0.0,22.0,97.0,184.0,253.0,337.0,433.0,627.0,743.0,779.0,777.0,734.0,534.0,387.0,256.0,142.0,37.0,0.0,0.0
2023-06-03,0.0,0.0,0.0,0.0,0.0,0.0,32.0,138.0,295.0,450.0,597.0,705.0,684.0,540.0,561.0,597.0,618.0,551.0,405.0,303.0,156.0,40.0,0.0,0.0
2023-06-04,0.0,0.0,0.0,0.0,0.0,0.0,44.0,165.0,318.0,477.0,624.0,746.0,831.0,875.0,876.0,828.0,739.0,615.0,466.0,308.0,153.0,40.0,0.0,0.0
2023-06-05,0.0,0.0,0.0,0.0,0.0,0.0,42.0,121.0,189.0,262.0,397.0,550.0,685.0,744.0,596.0,701.0,627.0,589.0,434.0,282.0,148.0,35.0,0.0,0.0
2023-06-06,0.0,0.0,0.0,0.0,0.0,0.0,19.0,66.0,126.0,173.0,241.0,293.0,409.0,480.0,485.0,629.0,582.0,555.0,456.0,312.0,155.0,42.0,0.0,0.0
2023-06-07,0.0,0.0,0.0,0.0,0.0,0.0,45.0,163.0,309.0,455.0,566.0,687.0,823.0,874.0,812.0,828.0,740.0,620.0,475.0,316.0,162.0,45.0,0.0,0.0
2023-06-08,0.0,0.0,0.0,0.0,0.0,0.0,46.0,165.0,311.0,455.0,611.0,724.0,819.0,870.0,869.0,824.0,738.0,617.0,472.0,314.0,163.0,45.0,0.0,0.0
2023-06-09,0.0,0.0,0.0,0.0,0.0,0.0,46.0,163.0,312.0,468.0,613.0,733.0,819.0,864.0,864.0,820.0,734.0,615.0,464.0,299.0,158.0,45.0,0.0,0.0
2023-06-10,0.0,0.0,0.0,0.0,0.0,0.0,46.0,158.0,304.0,466.0,609.0,726.0,809.0,858.0,779.0,717.0,632.0,528.0,372.0,244.0,138.0,43.0,1.0,0.0
2023-06-11,0.0,0.0,0.0,0.0,0.0,0.0,38.0,143.0,307.0,462.0,591.0,693.0,784.0,798.0,768.0,709.0,524.0,373.0,313.0,230.0,108.0,38.0,1.0,0.0
2023-06-12,0.0,0.0,0.0,0.0,0.0,0.0,39.0,124.0,246.0,421.0,580.0,712.0,799.0,786.0,745.0,731.0,553.0,358.0,323.0,224.0,116.0,37.0,1.0,0.0
2023-06-13,0.0,0.0,0.0,0.0,0.0,1.0,49.0,172.0,324.0,479.0,621.0,740.0,824.0,865.0,865.0,824.0,742.0,626.0,482.0,327.0,176.0,52.0,1.0,0.0
2023-06-14,0.0,0.0,0.0,0.0,0.0,1.0,49.0,170.0,321.0,478.0,624.0,746.0,834.0,880.0,833.0,798.0,697.0,542.0,481.0,312.0,173.0,52.0,1.0,0.0
2023-06-15,0.0,0.0,0.0,0.0,0.0,1.0,50.0,169.0,319.0,474.0,621.0,741.0,817.0,782.0,785.0,681.0,567.0,422.0,369.0,267.0,143.0,47.0,1.0,0.0
2023-06-16,0.0,0.0,0.0,0.0,0.0,1.0,48.0,167.0,317.0,474.0,620.0,743.0,831.0,877.0,876.0,795.0,709.0,566.0,459.0,297.0,173.0,53.0,1.0,0.0
2023-06-17,0.0,0.0,0.0,0.0,0.0,1.0,47.0,123.0,225.0,311.0,523.0,645.0,715.0,740.0,766.0,634.0,529.0,367.0,355.0,224.0,114.0,44.0,1.0,0.0
2023-06-18,0.0,0.0,0.0,0.0,0.0,0.0,34.0,114.0,210.0,309.0,321.0,592.0,558.0,532.0,425.0,270.0,411.0,169.0,131.0,31.0,14.0,8.0,0.0,0.0
2023-06-19,0.0,0.0,0.0,0.0,0.0,1.0,48.0,165.0,318.0,368.0,527.0,618.0,712.0,744.0,749.0,698.0,626.0,437.0,374.0,260.0,129.0,50.0,1.0,0.0
2023-06-20,0.0,0.0,0.0,0.0,0.0,0.0,20.0,90.0,148.0,131.0,297.0,285.0,428.0,710.0,651.0,434.0,434.0,452.0,388.0,224.0,130.0,48.0,1.0,0.0
2023-06-21,0.0,0.0,0.0,0.0,0.0,0.0,36.0,154.0,275.0,353.0,382.0,607.0,743.0,689.0,732.0,716.0,633.0,556.0,396.0,264.0,147.0,45.0,1.0,0.0
2023-06-22,0.0,0.0,0.0,0.0,0.0,1.0,42.0,146.0,274.0,445.0,592.0,702.0,780.0,769.0,814.0,720.0,615.0,557.0,396.0,261.0,146.0,46.0,1.0,0.0
2023-06-23,0.0,0.0,0.0,0.0,0.0,0.0,42.0,131.0,258.0,385.0,566.0,606.0,681.0,782.0,677.0,723.0,737.0,614.0,456.0,275.0,154.0,49.0,1.0,0.0
2023-06-24,0.0,0.0,0.0,0.0,0.0,0.0,45.0,160.0,299.0,415.0,478.0,404.0,517.0,574.0,564.0,559.0,424.0,351.0,341.0,246.0,119.0,46.0,1.0,0.0
2023-06-25,0.0,0.0,0.0,0.0,0.0,0.0,45.0,160.0,306.0,460.0,604.0,725.0,813.0,860.0,856.0,823.0,734.0,623.0,479.0,321.0,171.0,49.0,1.0,0.0
2023-06-26,0.0,0.0,0.0,0.0,0.0,0.0,46.0,163.0,309.0,379.0,543.0,638.0,714.0,551.0,715.0,307.0,346.0,451.0,288.0,225.0,107.0,34.0,1.0,0.0
2023-06-27,0.0,0.0,0.0,0.0,0.0,0.0,39.0,135.0,248.0,435.0,583.0,498.0,399.0,376.0,231.0,364.0,302.0,170.0,144.0,83.0,60.0,30.0,1.0,0.0
2023-06-28,0.0,0.0,0.0,0.0,0.0,0.0,32.0,96.0,110.0,121.0,172.0,268.0,289.0,415.0,196.0,293.0,246.0,422.0,283.0,150.0,79.0,23.0,1.0,0.0
2023-06-29,0.0,0.0,0.0,0.0,0.0,0.0,4.0,23.0,56.0,65.0,114.0,230.0,484.0,754.0,774.0,730.0,638.0,571.0,451.0,245.0,121.0,40.0,1.0,0.0
2023-06-30,0.0,0.0,0.0,0.0,0.0,0.0,39.0,129.0,271.0,457.0,538.0,256.0,223.0,416.0,128.0,259.0,176.0,138.0,130.0,76.0,49.0,17.0,0.0,0.0
2023-07-01,0.0,0.0,0.0,0.0,0.0,0.0,9.0,67.0,165.0,332.0,460.0,371.0,440.0,451.0,539.0,660.0,435.0,423.0,332.0,285.0,140.0,29.0,1.0,0.0
2023-07-02,0.0,0.0,0.0,0.0,0.0,0.0,43.0,161.0,312.0,469.0,502.0,629.0,741.0,684.0,578.0,443.0,567.0,469.0,328.0,292.0,170.0,56.0,1.0,0.0
2023-07-03,0.0,0.0,0.0,0.0,0.0,0.0,40.0,156.0,306.0,465.0,465.0,373.0,464.0,604.0,457.0,269.0,211.0,162.0,316.0,281.0,110.0,42.0,1.0,0.0
2023-07-04,0.0,0.0,0.0,0.0,0.0,0.0,22.0,122.0,282.0,424.0,450.0,447.0,460.0,337.0,193.0,164.0,97.0,104.0,46.0,29.0,15.0,5.0,0.0,0.0
2023-07-05,0.0,0.0,0.0,0.0,0.0,0.0,39.0,154.0,302.0,452.0,519.0,610.0,662.0,785.0,556.0,649.0,489.0,486.0,419.0,278.0,158.0,49.0,1.0,0.0
2023-07-06,0.0,0.0,0.0,0.0,0.0,0.0,36.0,148.0,298.0,455.0,595.0,511.0,641.0,525.0,481.0,645.0,459.0,539.0,493.0,320.0,173.0,51.0,1.0,0.0
2023-07-07,0.0,0.0,0.0,0.0,0.0,0.0,36.0,149.0,300.0,460.0,608.0,727.0,815.0,865.0,864.0,813.0,718.0,561.0,486.0,327.0,174.0,52.0,1.0,0.0
2023-07-08,0.0,0.0,0.0,0.0,0.0,0.0,34.0,144.0,289.0,427.0,451.0,132.0,224.0,259.0,488.0,243.0,133.0,421.0,435.0,301.0,149.0,44.0,1.0,0.0
2023-07-09,0.0,0.0,0.0,0.0,0.0,0.0,31.0,135.0,248.0,183.0,134.0,102.0,122.0,202.0,573.0,586.0,528.0,388.0,460.0,311.0,124.0,33.0,1.0,0.0
2023-07-10,0.0,0.0,0.0,0.0,0.0,0.0,33.0,144.0,283.0,395.0,518.0,545.0,521.0,451.0,862.0,691.0,633.0,340.0,127.0,143.0,89.0,30.0,1.0,0.0
2023-07-11,0.0,0.0,0.0,0.0,0.0,0.0,5.0,86.0,168.0,363.0,424.0,581.0,353.0,602.0,500.0,476.0,155.0,270.0,443.0,240.0,114.0,29.0,0.0,0.0
2023-07-12,0.0,0.0,0.0,0.0,0.0,0.0,30.0,137.0,271.0,412.0,528.0,599.0,676.0,647.0,643.0,535.0,488.0,434.0,367.0,256.0,134.0,44.0,0.0,0.0
2023-07-13,0.0,0.0,0.0,0.0,0.0,0.0,28.0,136.0,263.0,377.0,462.0,566.0,531.0,351.0,615.0,584.0,498.0,502.0,408.0,206.0,101.0,31.0,0.0,0.0
2023-07-14,0.0,0.0,0.0,0.0,0.0,0.0,16.0,41.0,62.0,115.0,97.0,115.0,141.0,175.0,106.0,203.0,106.0,171.0,90.0,73.0,47.0,9.0,0.0,0.0
2023-07-15,0.0,0.0,0.0,0.0,0.0,0.0,20.0,70.0,105.0,203.0,411.0,290.0,613.0,721.0,658.0,595.0,599.0,557.0,401.0,284.0,137.0,33.0,0.0,0.0
2023-07-16,0.0,0.0,0.0,0.0,0.0,0.0,25.0,133.0,280.0,402.0,436.0,515.0,646.0,662.0,626.0,558.0,515.0,392.0,353.0,187.0,99.0,33.0,0.0,0.0
2023-07-17,0.0,0.0,0.0,0.0,0.0,0.0,23.0,130.0,264.0,394.0,511.0,484.0,530.0,379.0,623.0,609.0,472.0,523.0,411.0,252.0,133.0,30.0,0.0,0.0
2023-07-18,0.0,0.0,0.0,0.0,0.0,0.0,22.0,109.0,203.0,322.0,459.0,606.0,713.0,412.0,394.0,403.0,470.0,365.0,369.0,236.0,137.0,37.0,0.0,0.0
2023-07-19,0.0,0.0,0.0,0.0,0.0,0.0,16.0,81.0,99.0,169.0,325.0,515.0,592.0,754.0,732.0,740.0,676.0,525.0,423.0,280.0,136.0,35.0,0.0,0.0
2023-07-20,0.0,0.0,0.0,0.0,0.0,0.0,20.0,124.0,270.0,428.0,577.0,586.0,685.0,773.0,833.0,669.0,602.0,457.0,318.0,253.0,138.0,26.0,0.0,0.0
2023-07-21,0.0,0.0,0.0,0.0,0.0,0.0,19.0,125.0,268.0,370.0,420.0,562.0,640.0,560.0,638.0,528.0,237.0,157.0,152.0,111.0,94.0,24.0,0.0,0.0
2023-07-22,0.0,0.0,0.0,0.0,0.0,0.0,9.0,45.0,218.0,281.0,297.0,284.0,330.0,292.0,150.0,128.0,69.0,58.0,35.0,28.0,11.0,5.0,0.0,0.0
2023-07-23,0.0,0.0,0.0,0.0,0.0,0.0,5.0,65.0,243.0,357.0,363.0,568.0,554.0,505.0,588.0,530.0,492.0,442.0,299.0,196.0,129.0,26.0,0.0,0.0
2023-07-24,0.0,0.0,0.0,0.0,0.0,0.0,6.0,32.0,40.0,146.0,172.0,217.0,178.0,190.0,331.0,295.0,217.0,260.0,301.0,248.0,117.0,25.0,0.0,0.0
2023-07-25,0.0,0.0,0.0,0.0,0.0,0.0,10.0,84.0,195.0,331.0,504.0,631.0,732.0,753.0,706.0,699.0,579.0,468.0,257.0,230.0,117.0,24.0,0.0,0.0
2023-07-26,0.0,0.0,0.0,0.0,0.0,0.0,14.0,110.0,259.0,417.0,566.0,680.0,699.0,707.0,640.0,519.0,349.0,219.0,92.0,49.0,22.0,3.0,0.0,0.0
2023-07-27,0.0,0.0,0.0,0.0,0.0,0.0,7.0,33.0,78.0,246.0,242.0,327.0,342.0,310.0,296.0,227.0,207.0,169.0,153.0,131.0,67.0,16.0,0.0,0.0
2023-07-28,0.0,0.0,0.0,0.0,0.0,0.0,5.0,55.0,140.0,208.0,265.0,288.0,321.0,324.0,298.0,499.0,520.0,444.0,273.0,196.0,86.0,19.0,0.0,0.0
2023-07-29,0.0,0.0,0.0,0.0,0.0,0.0,8.0,58.0,85.0,162.0,485.0,644.0,653.0,630.0,682.0,668.0,616.0,544.0,350.0,230.0,120.0,22.0,0.0,0.0
2023-07-30,0.0,0.0,0.0,0.0,0.0,0.0,9.0,96.0,227.0,303.0,421.0,444.0,680.0,650.0,321.0,173.0,160.0,187.0,70.0,66.0,81.0,12.0,0.0,0.0
2023-07-31,0.0,0.0,0.0,0.0,0.0,0.0,2.0,61.0,155.0,313.0,171.0,278.0,348.0,259.0,196.0,75.0,174.0,160.0,417.0,185.0,87.0,18.0,0.0,0.0
2023-08-01,0.0,0.0,0.0,0.0,0.0,0.0,8.0,91.0,225.0,362.0,471.0,445.0,526.0,553.0,554.0,455.0,481.0,308.0,317.0,149.0,49.0,7.0,0.0,0.0
2023-08-02,0.0,0.0,0.0,0.0,0.0,0.0,1.0,50.0,147.0,298.0,404.0,501.0,504.0,214.0,162.0,195.0,127.0,262.0,127.0,113.0,81.0,12.0,0.0,0.0
2023-08-03,0.0,0.0,0.0,0.0,0.0,0.0,6.0,83.0,223.0,362.0,453.0,435.0,581.0,618.0,434.0,456.0,409.0,228.0,179.0,206.0,85.0,11.0,0.0,0.0
2023-08-04,0.0,0.0,0.0,0.0,0.0,0.0,5.0,70.0,176.0,217.0,252.0,386.0,502.0,559.0,336.0,416.0,353.0,368.0,262.0,132.0,30.0,4.0,0.0,0.0
2023-08-05,0.0,0.0,0.0,0.0,0.0,0.0,1.0,16.0,31.0,107.0,118.0,144.0,128.0,214.0,326.0,357.0,248.0,265.0,206.0,129.0,69.0,4.0,0.0,0.0
2023-08-06,0.0,0.0,0.0,0.0,0.0,0.0,4.0,81.0,222.0,357.0,446.0,545.0,592.0,587.0,615.0,562.0,471.0,491.0,374.0,195.0,100.0,10.0,0.0,0.0
2023-08-07,0.0,0.0,0.0,0.0,0.0,0.0,4.0,78.0,219.0,377.0,530.0,594.0,672.0,688.0,666.0,440.0,465.0,284.0,229.0,163.0,99.0,10.0,0.0,0.0
2023-08-08,0.0,0.0,0.0,0.0,0.0,0.0,3.0,64.0,138.0,143.0,132.0,132.0,119.0,157.0,131.0,134.0,78.0,63.0,61.0,71.0,20.0,2.0,0.0,0.0
2023-08-09,0.0,0.0,0.0,0.0,0.0,0.0,3.0,70.0,209.0,358.0,510.0,638.0,730.0,791.0,789.0,576.0,460.0,475.0,344.0,201.0,88.0,7.0,0.0,0.0
2023-08-10,0.0,0.0,0.0,0.0,0.0,0.0,2.0,68.0,204.0,358.0,506.0,630.0,693.0,499.0,616.0,686.0,585.0,488.0,391.0,231.0,91.0,6.0,0.0,0.0
2023-08-11,0.0,0.0,0.0,0.0,0.0,0.0,1.0,30.0,101.0,120.0,244.0,590.0,555.0,362.0,422.0,462.0,372.0,345.0,281.0,194.0,67.0,4.0,0.0,0.0
2023-08-12,0.0,0.0,0.0,0.0,0.0,0.0,1.0,63.0,188.0,294.0,443.0,529.0,528.0,575.0,409.0,642.0,303.0,235.0,195.0,119.0,54.0,4.0,0.0,0.0
2023-08-13,0.0,0.0,0.0,0.0,0.0,0.0,1.0,38.0,78.0,188.0,320.0,399.0,590.0,619.0,579.0,596.0,419.0,281.0,245.0,197.0,78.0,4.0,0.0,0.0
2023-08-14,0.0,0.0,0.0,0.0,0.0,0.0,0.0,36.0,111.0,145.0,350.0,332.0,398.0,391.0,517.0,398.0,360.0,237.0,237.0,166.0,27.0,2.0,0.0,0.0
2023-08-15,0.0,0.0,0.0,0.0,0.0,0.0,1.0,58.0,195.0,345.0,475.0,567.0,358.0,497.0,573.0,599.0,517.0,423.0,305.0,181.0,60.0,2.0,0.0,0.0
2023-08-16,0.0,0.0,0.0,0.0,0.0,0.0,0.0,50.0,167.0,325.0,492.0,622.0,635.0,666.0,622.0,621.0,580.0,372.0,278.0,180.0,59.0,2.0,0.0,0.0
2023-08-17,0.0,0.0,0.0,0.0,0.0,0.0,0.0,50.0,180.0,304.0,420.0,543.0,644.0,705.0,723.0,695.0,636.0,491.0,349.0,204.0,67.0,2.0,0.0,0.0
2023-08-18,0.0,0.0,0.0,0.0,0.0,0.0,0.0,23.0,71.0,141.0,100.0,84.0,343.0,592.0,710.0,610.0,493.0,382.0,271.0,79.0,22.0,1.0,0.0,0.0
2023-08-19,0.0,0.0,0.0,0.0,0.0,0.0,0.0,44.0,158.0,232.0,362.0,574.0,594.0,614.0,667.0,530.0,495.0,305.0,336.0,190.0,60.0,1.0,0.0,0.0
2023-08-20,0.0,0.0,0.0,0.0,0.0,0.0,0.0,15.0,78.0,242.0,400.0,540.0,600.0,659.0,661.0,601.0,510.0,321.0,242.0,162.0,49.0,0.0,0.0,0.0
2023-08-21,0.0,0.0,0.0,0.0,0.0,0.0,0.0,37.0,105.0,189.0,341.0,519.0,579.0,551.0,678.0,564.0,465.0,345.0,244.0,183.0,46.0,0.0,0.0,0.0
2023-08-22,0.0,0.0,0.0,0.0,0.0,0.0,0.0,16.0,57.0,150.0,321.0,406.0,508.0,672.0,594.0,648.0,600.0,459.0,316.0,174.0,49.0,0.0,0.0,0.0
2023-08-23,0.0,0.0,0.0,0.0,0.0,0.0,0.0,36.0,161.0,304.0,441.0,523.0,502.0,471.0,728.0,669.0,590.0,471.0,327.0,152.0,37.0,0.0,0.0,0.0
2023-08-24,0.0,0.0,0.0,0.0,0.0,0.0,0.0,26.0,73.0,224.0,220.0,150.0,177.0,584.0,624.0,546.0,485.0,405.0,278.0,63.0,22.0,0.0,0.0,0.0
2023-08-25,0.0,0.0,0.0,0.0,0.0,0.0,0.0,14.0,112.0,293.0,445.0,571.0,596.0,688.0,615.0,454.0,327.0,320.0,210.0,99.0,32.0,0.0,0.0,0.0
2023-08-26,0.0,0.0,0.0,0.0,0.0,0.0,0.0,30.0,146.0,281.0,406.0,506.0,648.0,315.0,256.0,396.0,228.0,264.0,283.0,157.0,34.0,0.0,0.0,0.0
2023-08-27,0.0,0.0,0.0,0.0,0.0,0.0,0.0,28.0,148.0,302.0,446.0,514.0,586.0,570.0,591.0,597.0,400.0,348.0,256.0,104.0,16.0,0.0,0.0,0.0
2023-08-28,0.0,0.0,0.0,0.0,0.0,0.0,0.0,27.0,150.0,308.0,409.0,398.0,402.0,391.0,458.0,414.0,461.0,397.0,255.0,98.0,25.0,0.0,0.0,0.0
2023-08-29,0.0,0.0,0.0,0.0,0.0,0.0,0.0,17.0,110.0,284.0,456.0,556.0,571.0,437.0,351.0,359.0,309.0,137.0,87.0,55.0,13.0,0.0,0.0,0.0
2023-08-30,0.0,0.0,0.0,0.0,0.0,0.0,0.0,23.0,141.0,281.0,389.0,493.0,604.0,608.0,669.0,600.0,488.0,391.0,197.0,116.0,21.0,0.0,0.0,0.0
2023-08-31,0.0,0.0,0.0,0.0,0.0,0.0,0.0,9.0,56.0,102.0,133.0,102.0,211.0,294.0,408.0,249.0,151.0,126.0,64.0,30.0,5.0,0.0,0.0,0.0
2023-09-01,0.0,0.0,0.0,0.0,0.0,0.0,0.0,9.0,60.0,123.0,177.0,179.0,236.0,412.0,358.0,486.0,462.0,365.0,194.0,69.0,12.0,0.0,0.0,0.0
2023-09-02,0.0,0.0,0.0,0.0,0.0,0.0,0.0,5.0,39.0,82.0,132.0,247.0,435.0,558.0,512.0,519.0,455.0,393.0,261.0,128.0,16.0,0.0,0.0,0.0
2023-09-03,0.0,0.0,0.0,0.0,0.0,0.0,0.0,14.0,89.0,199.0,354.0,520.0,635.0,697.0,659.0,618.0,550.0,429.0,278.0,125.0,16.0,0.0,0.0,0.0
2023-09-04,0.0,0.0,0.0,0.0,0.0,0.0,0.0,15.0,124.0,277.0,427.0,555.0,647.0,694.0,699.0,650.0,557.0,429.0,281.0,127.0,15.0,0.0,0.0,0.0
2023-09-05,0.0,0.0,0.0,0.0,0.0,0.0,0.0,14.0,123.0,274.0,422.0,546.0,638.0,685.0,688.0,640.0,546.0,418.0,267.0,115.0,12.0,0.0,0.0,0.0
2023-09-06,0.0,0.0,0.0,0.0,0.0,0.0,0.0,12.0,115.0,264.0,407.0,534.0,626.0,672.0,670.0,619.0,520.0,396.0,242.0,102.0,10.0,0.0,0.0,0.0
2023-09-07,0.0,0.0,0.0,0.0,0.0,0.0,0.0,11.0,113.0,264.0,415.0,542.0,634.0,682.0,690.0,638.0,539.0,409.0,262.0,107.0,8.0,0.0,0.0,0.0
2023-09-08,0.0,0.0,0.0,0.0,0.0,0.0,0.0,8.0,94.0,216.0,295.0,416.0,480.0,548.0,542.0,474.0,375.0,283.0,168.0,68.0,6.0,0.0,0.0,0.0
2023-09-09,0.0,0.0,0.0,0.0,0.0,0.0,0.0,9.0,104.0,250.0,396.0,521.0,610.0,655.0,651.0,604.0,512.0,385.0,237.0,90.0,5.0,0.0,0.0,0.0
2023-09-10,0.0,0.0,0.0,0.0,0.0,0.0,0.0,8.0,100.0,247.0,392.0,513.0,594.0,511.0,590.0,482.0,408.0,232.0,50.0,69.0,5.0,0.0,0.0,0.0
2023-09-11,0.0,0.0,0.0,0.0,0.0,0.0,0.0,6.0,86.0,224.0,348.0,456.0,538.0,534.0,394.0,326.0,332.0,209.0,122.0,39.0,3.0,0.0,0.0,0.0
2023-09-12,0.0,0.0,0.0,0.0,0.0,0.0,0.0,3.0,40.0,186.0,316.0,391.0,455.0,554.0,551.0,148.0,325.0,289.0,171.0,49.0,2.0,0.0,0.0,0.0
2023-09-13,0.0,0.0,0.0,0.0,0.0,0.0,0.0,5.0,92.0,236.0,370.0,393.0,384.0,512.0,477.0,450.0,350.0,239.0,170.0,64.0,2.0,0.0,0.0,0.0
2023-09-14,0.0,0.0,0.0,0.0,0.0,0.0,0.0,4.0,87.0,230.0,376.0,470.0,520.0,581.0,619.0,591.0,483.0,344.0,188.0,68.0,2.0,0.0,0.0,0.0
2023-09-15,0.0,0.0,0.0,0.0,0.0,0.0,0.0,4.0,84.0,226.0,377.0,502.0,591.0,638.0,447.0,481.0,410.0,304.0,182.0,62.0,1.0,0.0,0.0,0.0
2023-09-16,0.0,0.0,0.0,0.0,0.0,0.0,0.0,2.0,52.0,132.0,281.0,435.0,556.0,606.0,576.0,466.0,403.0,293.0,126.0,39.0,0.0,0.0,0.0,0.0
2023-09-17,0.0,0.0,0.0,0.0,0.0,0.0,0.0,2.0,56.0,143.0,238.0,280.0,296.0,328.0,201.0,163.0,261.0,205.0,114.0,33.0,0.0,0.0,0.0,0.0
2023-09-18,0.0,0.0,0.0,0.0,0.0,0.0,0.0,2.0,74.0,161.0,287.0,344.0,236.0,323.0,260.0,424.0,232.0,291.0,184.0,54.0,0.0,0.0,0.0,0.0
2023-09-19,0.0,0.0,0.0,0.0,0.0,0.0,0.0,1.0,37.0,92.0,200.0,171.0,231.0,214.0,254.0,177.0,116.0,197.0,107.0,28.0,0.0,0.0,0.0,0.0
2023-09-20,0.0,0.0,0.0,0.0,0.0,0.0,0.0,1.0,26.0,153.0,229.0,234.0,319.0,180.0,127.0,84.0,107.0,41.0,20.0,4.0,0.0,0.0,0.0,0.0
2023-09-21,0.0,0.0,0.0,0.0,0.0,0.0,0.0,1.0,51.0,206.0,357.0,376.0,448.0,465.0,393.0,300.0,359.0,271.0,67.0,29.0,0.0,0.0,0.0,0.0
2023-09-22,0.0,0.0,0.0,0.0,0.0,0.0,0.0,1.0,61.0,187.0,346.0,482.0,577.0,611.0,514.0,447.0,261.0,221.0,155.0,21.0,0.0,0.0,0.0,0.0
2023-09-23,0.0,0.0,0.0,0.0,0.0,0.0,0.0,0.0,59.0,202.0,351.0,477.0,567.0,581.0,477.0,291.0,254.0,240.0,112.0,24.0,0.0,0.0,0.0,0.0
2023-09-24,0.0,0.0,0.0,0.0,0.0,0.0,0.0,0.0,40.0,101.0,104.0,218.0,170.0,232.0,344.0,366.0,252.0,180.0,112.0,26.0,0.0,0.0,0.0,0.0
2023-09-25,0.0,0.0,0.0,0.0,0.0,0.0,0.0,0.0,47.0,176.0,326.0,463.0,551.0,572.0,527.0,480.0,355.0,232.0,134.0,21.0,0.0,0.0,0.0,0.0
2023-09-26,0.0,0.0,0.0,0.0,0.0,0.0,0.0,0.0,22.0,49.0,112.0,313.0,271.0,387.0,547.0,444.0,388.0,273.0,104.0,16.0,0.0,0.0,0.0,0.0
2023-09-27,0.0,0.0,0.0,0.0,0.0,0.0,0.0,0.0,24.0,139.0,244.0,345.0,507.0,445.0,142.0,71.0,135.0,78.0,40.0,14.0,0.0,0.0,0.0,0.0
2023-09-28,0.0,0.0,0.0,0.0,0.0,0.0,0.0,0.0,44.0,122.0,198.0,229.0,221.0,253.0,486.0,242.0,253.0,200.0,88.0,6.0,0.0,0.0,0.0,0.0
2023-09-29,0.0,0.0,0.0,0.0,0.0,0.0,0.0,0.0,23.0,165.0,314.0,445.0,540.0,583.0,563.0,478.0,396.0,274.0,122.0,17.0,0.0,0.0,0.0,0.0
2023-09-30,0.0,0.0,0.0,0.0,0.0,0.0,0.0,0.0,36.0,165.0,308.0,428.0,343.0,211.0,272.0,239.0,291.0,236.0,107.0,13.0,0.0,0.0,0.0,0.0
2023-10-01,0.0,0.0,0.0,0.0,0.0,0.0,0.0,0.0,18.0,42.0,85.0,141.0,275.0,349.0,222.0,347.0,320.0,168.0,92.0,12.0,0.0,0.0,0.0,0.0
2023-10-02,0.0,0.0,0.0,0.0,0.0,0.0,0.0,0.0,16.0,72.0,133.0,173.0,147.0,155.0,275.0,188.0,321.0,112.0,52.0,7.0,0.0,0.0,0.0,0.0
2023-10-03,0.0,0.0,0.0,0.0,0.0,0.0,0.0,0.0,18.0,113.0,264.0,418.0,476.0,524.0,368.0,427.0,357.0,244.0,103.0,9.0,0.0,0.0,0.0,0.0
2023-10-04,0.0,0.0,0.0,0.0,0.0,0.0,0.0,0.0,19.0,93.0,172.0,270.0,330.0,421.0,388.0,299.0,258.0,171.0,61.0,7.0,0.0,0.0,0.0,0.0
2023-10-05,0.0,0.0,0.0,0.0,0.0,0.0,0.0,0.0,8.0,97.0,137.0,274.0,335.0,458.0,345.0,358.0,162.0,125.0,82.0,6.0,0.0,0.0,0.0,0.0
2023-10-06,0.0,0.0,0.0,0.0,0.0,0.0,0.0,0.0,20.0,119.0,208.0,284.0,369.0,465.0,468.0,437.0,354.0,225.0,90.0,5.0,0.0,0.0,0.0,0.0
2023-10-07,0.0,0.0,0.0,0.0,0.0,0.0,0.0,0.0,22.0,138.0,265.0,376.0,469.0,480.0,438.0,408.0,262.0,215.0,84.0,4.0,0.0,0.0,0.0,0.0
2023-10-08,0.0,0.0,0.0,0.0,0.0,0.0,0.0,0.0,15.0,111.0,231.0,352.0,455.0,501.0,429.0,388.0,323.0,212.0,83.0,3.0,0.0,0.0,0.0,0.0
2023-10-09,0.0,0.0,0.0,0.0,0.0,0.0,0.0,0.0,15.0,111.0,223.0,341.0,386.0,473.0,499.0,444.0,340.0,214.0,79.0,2.0,0.0,0.0,0.0,0.0
2023-10-10,0.0,0.0,0.0,0.0,0.0,0.0,0.0,0.0,18.0,127.0,265.0,375.0,459.0,493.0,487.0,391.0,273.0,161.0,62.0,2.0,0.0,0.0,0.0,0.0
2023-10-11,0.0,0.0,0.0,0.0,0.0,0.0,0.0,0.0,5.0,68.0,109.0,168.0,270.0,284.0,350.0,284.0,79.0,41.0,9.0,0.0,0.0,0.0,0.0,0.0
2023-10-12,0.0,0.0,0.0,0.0,0.0,0.0,0.0,0.0,3.0,24.0,42.0,57.0,57.0,87.0,113.0,112.0,67.0,40.0,16.0,0.0,0.0,0.0,0.0,0.0
2023-10-13,0.0,0.0,0.0,0.0,0.0,0.0,0.0,0.0,5.0,50.0,64.0,68.0,110.0,260.0,414.0,358.0,192.0,168.0,50.0,0.0,0.0,0.0,0.0,0.0
2023-10-14,0.0,0.0,0.0,0.0,0.0,0.0,0.0,0.0,12.0,114.0,250.0,369.0,431.0,464.0,408.0,342.0,296.0,176.0,55.0,0.0,0.0,0.0,0.0,0.0
2023-10-15,0.0,0.0,0.0,0.0,0.0,0.0,0.0,0.0,11.0,114.0,254.0,376.0,461.0,499.0,485.0,425.0,322.0,189.0,54.0,0.0,0.0,0.0,0.0,0.0
2023-10-16,0.0,0.0,0.0,0.0,0.0,0.0,0.0,0.0,6.0,67.0,141.0,240.0,375.0,418.0,216.0,138.0,143.0,86.0,33.0,0.0,0.0,0.0,0.0,0.0
2023-10-17,0.0,0.0,0.0,0.0,0.0,0.0,0.0,0.0,6.0,66.0,170.0,344.0,434.0,476.0,457.0,386.0,291.0,167.0,43.0,0.0,0.0,0.0,0.0,0.0
2023-10-18,0.0,0.0,0.0,0.0,0.0,0.0,0.0,0.0,5.0,44.0,95.0,108.0,77.0,102.0,97.0,119.0,47.0,26.0,7.0,0.0,0.0,0.0,0.0,0.0
2023-10-19,0.0,0.0,0.0,0.0,0.0,0.0,0.0,0.0,1.0,27.0,79.0,74.0,155.0,176.0,149.0,231.0,198.0,121.0,25.0,0.0,0.0,0.0,0.0,0.0
2023-10-20,0.0,0.0,0.0,0.0,0.0,0.0,0.0,0.0,1.0,55.0,88.0,140.0,229.0,271.0,145.0,144.0,152.0,112.0,25.0,0.0,0.0,0.0,0.0,0.0
2023-10-21,0.0,0.0,0.0,0.0,0.0,0.0,0.0,0.0,3.0,53.0,134.0,245.0,316.0,123.0,267.0,281.0,179.0,55.0,8.0,0.0,0.0,0.0,0.0,0.0
2023-10-22,0.0,0.0,0.0,0.0,0.0,0.0,0.0,0.0,3.0,81.0,213.0,325.0,407.0,440.0,395.0,320.0,148.0,124.0,27.0,0.0,0.0,0.0,0.0,0.0
2023-10-23,0.0,0.0,0.0,0.0,0.0,0.0,0.0,0.0,2.0,62.0,175.0,272.0,274.0,260.0,228.0,156.0,120.0,54.0,8.0,0.0,0.0,0.0,0.0,0.0
2023-10-24,0.0,0.0,0.0,0.0,0.0,0.0,0.0,0.0,0.0,25.0,143.0,219.0,357.0,388.0,368.0,295.0,247.0,113.0,17.0,0.0,0.0,0.0,0.0,0.0
2023-10-25,0.0,0.0,0.0,0.0,0.0,0.0,0.0,0.0,1.0,24.0,89.0,130.0,183.0,222.0,359.0,306.0,180.0,121.0,20.0,0.0,0.0,0.0,0.0,0.0
2023-10-26,0.0,0.0,0.0,0.0,0.0,0.0,0.0,0.0,0.0,37.0,78.0,202.0,360.0,307.0,335.0,312.0,186.0,82.0,16.0,0.0,0.0,0.0,0.0,0.0
2023-10-27,0.0,0.0,0.0,0.0,0.0,0.0,0.0,0.0,1.0,26.0,81.0,172.0,301.0,318.0,276.0,285.0,204.0,102.0,13.0,0.0,0.0,0.0,0.0,0.0
2023-10-28,0.0,0.0,0.0,0.0,0.0,0.0,0.0,0.0,0.0,49.0,131.0,274.0,335.0,371.0,364.0,264.0,172.0,69.0,3.0,0.0,0.0,0.0,0.0,0.0
2023-10-29,0.0,0.0,0.0,0.0,0.0,0.0,0.0,0.0,0.0,54.0,145.0,180.0,187.0,145.0,23.0,122.0,188.0,87.0,11.0,0.0,0.0,0.0,0.0,0.0
2023-10-30,0.0,0.0,0.0,0.0,0.0,0.0,0.0,0.0,0.0,46.0,107.0,271.0,353.0,272.0,303.0,249.0,147.0,56.0,8.0,0.0,0.0,0.0,0.0,0.0
2023-10-31,0.0,0.0,0.0,0.0,0.0,0.0,0.0,0.0,0.0,35.0,147.0,259.0,248.0,238.0,154.0,214.0,176.0,62.0,7.0,0.0,0.0,0.0,0.0,0.0
2023-11-01,0.0,0.0,0.0,0.0,0.0,0.0,0.0,0.0,0.0,6.0,35.0,95.0,185.0,281.0,165.0,231.0,202.0,73.0,8.0,0.0,0.0,0.0,0.0,0.0
2023-11-02,0.0,0.0,0.0,0.0,0.0,0.0,0.0,0.0,0.0,17.0,43.0,112.0,105.0,57.0,71.0,41.0,33.0,15.0,1.0,0.0,0.0,0.0,0.0,0.0
2023-11-03,0.0,0.0,0.0,0.0,0.0,0.0,0.0,0.0,0.0,38.0,135.0,217.0,276.0,288.0,281.0,267.0,143.0,66.0,3.0,0.0,0.0,0.0,0.0,0.0
2023-11-04,0.0,0.0,0.0,0.0,0.0,0.0,0.0,0.0,0.0,5.0,12.0,30.0,101.0,335.0,314.0,206.0,123.0,64.0,5.0,0.0,0.0,0.0,0.0,0.0
2023-11-05,0.0,0.0,0.0,0.0,0.0,0.0,0.0,0.0,0.0,11.0,139.0,243.0,330.0,361.0,304.0,265.0,165.0,71.0,4.0,0.0,0.0,0.0,0.0,0.0
2023-11-06,0.0,0.0,0.0,0.0,0.0,0.0,0.0,0.0,0.0,31.0,135.0,243.0,322.0,357.0,312.0,240.0,181.0,71.0,3.0,0.0,0.0,0.0,0.0,0.0
2023-11-07,0.0,0.0,0.0,0.0,0.0,0.0,0.0,0.0,0.0,28.0,134.0,239.0,307.0,237.0,275.0,236.0,170.0,69.0,3.0,0.0,0.0,0.0,0.0,0.0
2023-11-08,0.0,0.0,0.0,0.0,0.0,0.0,0.0,0.0,0.0,4.0,17.0,46.0,53.0,38.0,57.0,37.0,22.0,7.0,0.0,0.0,0.0,0.0,0.0,0.0
2023-11-09,0.0,0.0,0.0,0.0,0.0,0.0,0.0,0.0,0.0,14.0,105.0,136.0,213.0,210.0,231.0,243.0,154.0,56.0,2.0,0.0,0.0,0.0,0.0,0.0
2023-11-10,0.0,0.0,0.0,0.0,0.0,0.0,0.0,0.0,0.0,19.0,55.0,68.0,81.0,214.0,205.0,178.0,142.0,52.0,1.0,0.0,0.0,0.0,0.0,0.0
2023-11-11,0.0,0.0,0.0,0.0,0.0,0.0,0.0,0.0,0.0,20.0,119.0,226.0,303.0,337.0,326.0,264.0,172.0,63.0,1.0,0.0,0.0,0.0,0.0,0.0
2023-11-12,0.0,0.0,0.0,0.0,0.0,0.0,0.0,0.0,0.0,9.0,49.0,50.0,76.0,117.0,87.0,56.0,21.0,18.0,0.0,0.0,0.0,0.0,0.0,0.0
2023-11-13,0.0,0.0,0.0,0.0,0.0,0.0,0.0,0.0,0.0,2.0,17.0,88.0,239.0,292.0,256.0,204.0,132.0,50.0,0.0,0.0,0.0,0.0,0.0,0.0
2023-11-14,0.0,0.0,0.0,0.0,0.0,0.0,0.0,0.0,0.0,10.0,51.0,81.0,93.0,138.0,15.0,19.0,70.0,49.0,0.0,0.0,0.0,0.0,0.0,0.0
2023-11-15,0.0,0.0,0.0,0.0,0.0,0.0,0.0,0.0,0.0,13.0,101.0,205.0,281.0,309.0,297.0,238.0,156.0,51.0,0.0,0.0,0.0,0.0,0.0,0.0
2023-11-16,0.0,0.0,0.0,0.0,0.0,0.0,0.0,0.0,0.0,2.0,14.0,27.0,54.0,67.0,60.0,68.0,47.0,16.0,0.0,0.0,0.0,0.0,0.0,0.0
2023-11-17,0.0,0.0,0.0,0.0,0.0,0.0,0.0,0.0,0.0,11.0,97.0,197.0,270.0,302.0,286.0,231.0,110.0,34.0,0.0,0.0,0.0,0.0,0.0,0.0
2023-11-18,0.0,0.0,0.0,0.0,0.0,0.0,0.0,0.0,0.0,1.0,7.0,15.0,30.0,48.0,45.0,37.0,50.0,8.0,0.0,0.0,0.0,0.0,0.0,0.0
2023-11-19,0.0,0.0,0.0,0.0,0.0,0.0,0.0,0.0,0.0,8.0,80.0,158.0,200.0,201.0,128.0,111.0,30.0,9.0,0.0,0.0,0.0,0.0,0.0,0.0
2023-11-20,0.0,0.0,0.0,0.0,0.0,0.0,0.0,0.0,0.0,4.0,31.0,71.0,124.0,259.0,212.0,111.0,98.0,29.0,0.0,0.0,0.0,0.0,0.0,0.0
2023-11-21,0.0,0.0,0.0,0.0,0.0,0.0,0.0,0.0,0.0,2.0,20.0,74.0,100.0,96.0,67.0,60.0,66.0,22.0,0.0,0.0,0.0,0.0,0.0,0.0
2023-11-22,0.0,0.0,0.0,0.0,0.0,0.0,0.0,0.0,0.0,4.0,43.0,117.0,152.0,196.0,99.0,99.0,55.0,10.0,0.0,0.0,0.0,0.0,0.0,0.0
2023-11-23,0.0,0.0,0.0,0.0,0.0,0.0,0.0,0.0,0.0,4.0,46.0,125.0,116.0,129.0,205.0,214.0,126.0,31.0,0.0,0.0,0.0,0.0,0.0,0.0
2023-11-24,0.0,0.0,0.0,0.0,0.0,0.0,0.0,0.0,0.0,2.0,70.0,157.0,201.0,163.0,66.0,92.0,116.0,34.0,0.0,0.0,0.0,0.0,0.0,0.0
2023-11-25,0.0,0.0,0.0,0.0,0.0,0.0,0.0,0.0,0.0,3.0,73.0,175.0,251.0,285.0,273.0,218.0,129.0,32.0,0.0,0.0,0.0,0.0,0.0,0.0
2023-11-26,0.0,0.0,0.0,0.0,0.0,0.0,0.0,0.0,0.0,2.0,33.0,39.0,57.0,50.0,44.0,32.0,20.0,6.0,0.0,0.0,0.0,0.0,0.0,0.0
2023-11-27,0.0,0.0,0.0,0.0,0.0,0.0,0.0,0.0,0.0,1.0,33.0,94.0,112.0,148.0,71.0,36.0,17.0,9.0,0.0,0.0,0.0,0.0,0.0,0.0
2023-11-28,0.0,0.0,0.0,0.0,0.0,0.0,0.0,0.0,0.0,2.0,59.0,155.0,230.0,259.0,231.0,189.0,101.0,25.0,0.0,0.0,0.0,0.0,0.0,0.0
2023-11-29,0.0,0.0,0.0,0.0,0.0,0.0,0.0,0.0,0.0,1.0,56.0,147.0,215.0,259.0,227.0,182.0,75.0,17.0,0.0,0.0,0.0,0.0,0.0,0.0
2023-11-30,0.0,0.0,0.0,0.0,0.0,0.0,0.0,0.0,0.0,1.0,41.0,106.0,178.0,153.0,190.0,139.0,89.0,22.0,0.0,0.0,0.0,0.0,0.0,0.0
2023-12-01,0.0,0.0,0.0,0.0,0.0,0.0,0.0,0.0,0.0,1.0,54.0,149.0,225.0,262.0,110.0,135.0,90.0,22.0,0.0,0.0,0.0,0.0,0.0,0.0
2023-12-02,0.0,0.0,0.0,0.0,0.0,0.0,0.0,0.0,0.0,0.0,26.0,69.0,106.0,138.0,133.0,120.0,80.0,18.0,0.0,0.0,0.0,0.0,0.0,0.0
2023-12-03,0.0,0.0,0.0,0.0,0.0,0.0,0.0,0.0,0.0,0.0,33.0,94.0,114.0,47.0,78.0,66.0,49.0,15.0,0.0,0.0,0.0,0.0,0.0,0.0
2023-12-04,0.0,0.0,0.0,0.0,0.0,0.0,0.0,0.0,0.0,0.0,15.0,62.0,45.0,58.0,93.0,47.0,25.0,4.0,0.0,0.0,0.0,0.0,0.0,0.0
2023-12-05,0.0,0.0,0.0,0.0,0.0,0.0,0.0,0.0,0.0,0.0,6.0,33.0,48.0,71.0,63.0,49.0,35.0,9.0,0.0,0.0,0.0,0.0,0.0,0.0
2023-12-06,0.0,0.0,0.0,0.0,0.0,0.0,0.0,0.0,0.0,0.0,39.0,117.0,184.0,215.0,221.0,175.0,104.0,20.0,0.0,0.0,0.0,0.0,0.0,0.0
2023-12-07,0.0,0.0,0.0,0.0,0.0,0.0,0.0,0.0,0.0,0.0,14.0,39.0,31.0,29.0,40.0,30.0,27.0,2.0,0.0,0.0,0.0,0.0,0.0,0.0
2023-12-08,0.0,0.0,0.0,0.0,0.0,0.0,0.0,0.0,0.0,0.0,37.0,126.0,199.0,236.0,227.0,156.0,75.0,17.0,0.0,0.0,0.0,0.0,0.0,0.0
2023-12-09,0.0,0.0,0.0,0.0,0.0,0.0,0.0,0.0,0.0,0.0,4.0,15.0,46.0,33.0,132.0,92.0,87.0,19.0,0.0,0.0,0.0,0.0,0.0,0.0
2023-12-10,0.0,0.0,0.0,0.0,0.0,0.0,0.0,0.0,0.0,0.0,8.0,55.0,39.0,50.0,57.0,39.0,20.0,19.0,0.0,0.0,0.0,0.0,0.0,0.0
2023-12-11,0.0,0.0,0.0,0.0,0.0,0.0,0.0,0.0,0.0,0.0,29.0,111.0,189.0,233.0,223.0,182.0,102.0,19.0,0.0,0.0,0.0,0.0,0.0,0.0
2023-12-12,0.0,0.0,0.0,0.0,0.0,0.0,0.0,0.0,0.0,0.0,23.0,74.0,129.0,143.0,44.0,37.0,29.0,14.0,0.0,0.0,0.0,0.0,0.0,0.0
2023-12-13,0.0,0.0,0.0,0.0,0.0,0.0,0.0,0.0,0.0,0.0,6.0,32.0,27.0,152.0,46.0,27.0,20.0,2.0,0.0,0.0,0.0,0.0,0.0,0.0
2023-12-14,0.0,0.0,0.0,0.0,0.0,0.0,0.0,0.0,0.0,0.0,4.0,16.0,26.0,27.0,29.0,37.0,25.0,6.0,0.0,0.0,0.0,0.0,0.0,0.0
2023-12-15,0.0,0.0,0.0,0.0,0.0,0.0,0.0,0.0,0.0,0.0,28.0,113.0,186.0,222.0,209.0,165.0,92.0,18.0,0.0,0.0,0.0,0.0,0.0,0.0
2023-12-16,0.0,0.0,0.0,0.0,0.0,0.0,0.0,0.0,0.0,0.0,8.0,35.0,55.0,69.0,56.0,52.0,46.0,10.0,0.0,0.0,0.0,0.0,0.0,0.0
2023-12-17,0.0,0.0,0.0,0.0,0.0,0.0,0.0,0.0,0.0,0.0,26.0,110.0,181.0,210.0,209.0,158.0,82.0,15.0,0.0,0.0,0.0,0.0,0.0,0.0
2023-12-18,0.0,0.0,0.0,0.0,0.0,0.0,0.0,0.0,0.0,0.0,23.0,64.0,47.0,58.0,129.0,80.0,15.0,4.0,0.0,0.0,0.0,0.0,0.0,0.0
2023-12-19,0.0,0.0,0.0,0.0,0.0,0.0,0.0,0.0,0.0,0.0,1.0,8.0,15.0,12.0,20.0,11.0,19.0,7.0,0.0,0.0,0.0,0.0,0.0,0.0
2023-12-20,0.0,0.0,0.0,0.0,0.0,0.0,0.0,0.0,0.0,0.0,21.0,96.0,129.0,124.0,121.0,98.0,45.0,3.0,0.0,0.0,0.0,0.0,0.0,0.0
2023-12-21,0.0,0.0,0.0,0.0,0.0,0.0,0.0,0.0,0.0,0.0,3.0,24.0,65.0,106.0,147.0,116.0,52.0,6.0,0.0,0.0,0.0,0.0,0.0,0.0
2023-12-22,0.0,0.0,0.0,0.0,0.0,0.0,0.0,0.0,0.0,0.0,7.0,23.0,81.0,74.0,107.0,84.0,51.0,12.0,0.0,0.0,0.0,0.0,0.0,0.0
2023-12-23,0.0,0.0,0.0,0.0,0.0,0.0,0.0,0.0,0.0,0.0,20.0,93.0,146.0,163.0,209.0,166.0,66.0,12.0,0.0,0.0,0.0,0.0,0.0,0.0
2023-12-24,0.0,0.0,0.0,0.0,0.0,0.0,0.0,0.0,0.0,0.0,5.0,23.0,47.0,72.0,76.0,43.0,21.0,10.0,0.0,0.0,0.0,0.0,0.0,0.0
2023-12-25,0.0,0.0,0.0,0.0,0.0,0.0,0.0,0.0,0.0,0.0,5.0,48.0,43.0,121.0,27.0,28.0,25.0,3.0,0.0,0.0,0.0,0.0,0.0,0.0
2023-12-26,0.0,0.0,0.0,0.0,0.0,0.0,0.0,0.0,0.0,0.0,22.0,107.0,183.0,193.0,147.0,133.0,73.0,19.0,0.0,0.0,0.0,0.0,0.0,0.0
2023-12-27,0.0,0.0,0.0,0.0,0.0,0.0,0.0,0.0,0.0,0.0,4.0,11.0,17.0,30.0,26.0,17.0,12.0,2.0,0.0,0.0,0.0,0.0,0.0,0.0
2023-12-28,0.0,0.0,0.0,0.0,0.0,0.0,0.0,0.0,0.0,0.0,19.0,85.0,158.0,192.0,144.0,129.0,77.0,20.0,0.0,0.0,0.0,0.0,0.0,0.0
2023-12-29,0.0,0.0,0.0,0.0,0.0,0.0,0.0,0.0,0.0,0.0,20.0,90.0,138.0,82.0,80.0,108.0,89.0,22.0,0.0,0.0,0.0,0.0,0.0,0.0
2023-12-30,0.0,0.0,0.0,0.0,0.0,0.0,0.0,0.0,0.0,0.0,11.0,23.0,61.0,73.0,117.0,130.0,55.0,14.0,0.0,0.0,0.0,0.0,0.0,0.0
2023-12-31,0.0,0.0,0.0,0.0,0.0,0.0,0.0,0.0,0.0,0.0,20.0,94.0,152.0,189.0,130.0,162.0,104.0,23.0,0.0,0.0,0.0,0.0,0.0,0.0
