"# hourly global horizontal irradiance (W/m2), Abu Dhabi area (Gulf desert) (24.45N 54.4E), 2023"
"# source: Open-Meteo ERA5 archive (open-meteo.com), CC-BY 4.0; local time Asia/Dubai"
date,h0,h1,h2,h3,h4,h5,h6,h7,h8,h9,h10,h11,h12,h13,h14,h15,h16,h17,h18,h19,h20,h21,h22,h23
2023-01-01,0.0,0.0,0.0,0.0,0.0,0.0,0.0,0.0,38.0,197.0,373.0,498.0,600.0,642.0,610.0,484.0,333.0,174.0,25.0,0.0,0.0,0.0,0.0,0.0
2023-01-02,0.0,0.0,0.0,0.0,0.0,0.0,0.0,0.0,38.0,196.0,377.0,525.0,619.0,649.0,611.0,510.0,357.0,174.0,26.0,0.0,0.0,0.0,0.0,0.0
2023-01-03,0.0,0.0,0.0,0.0,0.0,0.0,0.0,0.0,31.0,176.0,259.0,504.0,567.0,639.0,601.0,499.0,306.0,164.0,26.0,0.0,0.0,0.0,0.0,0.0
2023-01-04,0.0,0.0,0.0,0.0,0.0,0.0,0.0,0.0,18.0,119.0,117.0,150.0,310.0,652.0,616.0,491.0,339.0,163.0,27.0,0.0,0.0,0.0,0.0,0.0
2023-01-05,0.0,0.0,0.0,0.0,0.0,0.0,0.0,0.0,36.0,172.0,330.0,519.0,595.0,648.0,614.0,493.0,301.0,146.0,24.0,0.0,0.0,0.0,0.0,0.0
2023-01-06,0.0,0.0,0.0,0.0,0.0,0.0,0.0,0.0,33.0,172.0,324.0,412.0,527.0,604.0,599.0,519.0,359.0,178.0,27.0,0.0,0.0,0.0,0.0,0.0
2023-01-07,0.0,0.0,0.0,0.0,0.0,0.0,0.0,0.0,11.0,112.0,192.0,175.0,280.0,269.0,315.0,424.0,157.0,88.0,28.0,0.0,0.0,0.0,0.0,0.0
2023-01-08,0.0,0.0,0.0,0.0,0.0,0.0,0.0,0.0,27.0,173.0,360.0,495.0,578.0,567.0,491.0,504.0,371.0,166.0,31.0,0.0,0.0,0.0,0.0,0.0
2023-01-09,0.0,0.0,0.0,0.0,0.0,0.0,0.0,0.0,35.0,191.0,373.0,514.0,602.0,638.0,616.0,524.0,372.0,189.0,34.0,0.0,0.0,0.0,0.0,0.0
2023-01-10,0.0,0.0,0.0,0.0,0.0,0.0,0.0,0.0,36.0,197.0,382.0,536.0,636.0,670.0,634.0,448.0,228.0,170.0,29.0,0.0,0.0,0.0,0.0,0.0
2023-01-11,0.0,0.0,0.0,0.0,0.0,0.0,0.0,0.0,26.0,187.0,374.0,521.0,596.0,551.0,590.0,435.0,326.0,178.0,32.0,0.0,0.0,0.0,0.0,0.0
2023-01-12,0.0,0.0,0.0,0.0,0.0,0.0,0.0,0.0,36.0,195.0,376.0,538.0,636.0,676.0,637.0,539.0,387.0,199.0,37.0,0.0,0.0,0.0,0.0,0.0
2023-01-13,0.0,0.0,0.0,0.0,0.0,0.0,0.0,0.0,35.0,190.0,360.0,433.0,627.0,661.0,610.0,528.0,375.0,146.0,36.0,0.0,0.0,0.0,0.0,0.0
2023-01-14,0.0,0.0,0.0,0.0,0.0,0.0,0.0,0.0,36.0,197.0,384.0,538.0,641.0,678.0,645.0,546.0,391.0,205.0,40.0,0.0,0.0,0.0,0.0,0.0
2023-01-15,0.0,0.0,0.0,0.0,0.0,0.0,0.0,0.0,33.0,155.0,340.0,537.0,636.0,677.0,646.0,546.0,391.0,184.0,41.0,0.0,0.0,0.0,0.0,0.0
2023-01-16,0.0,0.0,0.0,0.0,0.0,0.0,0.0,0.0,36.0,197.0,383.0,534.0,641.0,678.0,646.0,547.0,392.0,206.0,43.0,0.0,0.0,0.0,0.0,0.0
2023-01-17,0.0,0.0,0.0,0.0,0.0,0.0,0.0,0.0,35.0,193.0,384.0,541.0,645.0,684.0,649.0,553.0,392.0,211.0,44.0,0.0,0.0,0.0,0.0,0.0
2023-01-18,0.0,0.0,0.0,0.0,0.0,0.0,0.0,0.0,34.0,179.0,334.0,480.0,562.0,569.0,638.0,535.0,372.0,207.0,46.0,0.0,0.0,0.0,0.0,0.0
2023-01-19,0.0,0.0,0.0,0.0,0.0,0.0,0.0,0.0,35.0,206.0,392.0,528.0,560.0,589.0,528.0,493.0,416.0,225.0,49.0,0.0,0.0,0.0,0.0,0.0
2023-01-20,0.0,0.0,0.0,0.0,0.0,0.0,0.0,0.0,38.0,206.0,398.0,560.0,665.0,706.0,675.0,575.0,421.0,227.0,52.0,0.0,0.0,0.0,0.0,0.0
2023-01-21,0.0,0.0,0.0,0.0,0.0,0.0,0.0,0.0,38.0,208.0,406.0,570.0,678.0,718.0,687.0,586.0,428.0,234.0,54.0,0.0,0.0,0.0,0.0,0.0
2023-01-22,0.0,0.0,0.0,0.0,0.0,0.0,0.0,0.0,39.0,208.0,404.0,569.0,678.0,720.0,689.0,590.0,432.0,236.0,55.0,0.0,0.0,0.0,0.0,0.0
2023-01-23,0.0,0.0,0.0,0.0,0.0,0.0,0.0,0.0,38.0,202.0,280.0,472.0,376.0,313.0,423.0,399.0,274.0,104.0,43.0,0.0,0.0,0.0,0.0,0.0
2023-01-24,0.0,0.0,0.0,0.0,0.0,0.0,0.0,0.0,39.0,206.0,394.0,555.0,669.0,710.0,682.0,588.0,430.0,237.0,58.0,0.0,0.0,0.0,0.0,0.0
2023-01-25,0.0,0.0,0.0,0.0,0.0,0.0,0.0,0.0,39.0,205.0,348.0,436.0,650.0,708.0,672.0,575.0,372.0,136.0,54.0,0.0,0.0,0.0,0.0,0.0
2023-01-26,0.0,0.0,0.0,0.0,0.0,0.0,0.0,0.0,21.0,104.0,258.0,362.0,437.0,232.0,341.0,268.0,66.0,156.0,38.0,0.0,0.0,0.0,0.0,0.0
2023-01-27,0.0,0.0,0.0,0.0,0.0,0.0,0.0,0.0,32.0,151.0,240.0,294.0,595.0,613.0,543.0,445.0,354.0,168.0,55.0,0.0,0.0,0.0,0.0,0.0
2023-01-28,0.0,0.0,0.0,0.0,0.0,0.0,0.0,0.0,34.0,180.0,361.0,517.0,562.0,655.0,661.0,608.0,455.0,256.0,68.0,0.0,0.0,0.0,0.0,0.0
2023-01-29,0.0,0.0,0.0,0.0,0.0,0.0,0.0,0.0,42.0,216.0,413.0,579.0,688.0,731.0,701.0,606.0,449.0,254.0,68.0,0.0,0.0,0.0,0.0,0.0
2023-01-30,0.0,0.0,0.0,0.0,0.0,0.0,0.0,0.0,40.0,209.0,413.0,580.0,673.0,716.0,694.0,598.0,452.0,258.0,70.0,0.0,0.0,0.0,0.0,0.0
2023-01-31,0.0,0.0,0.0,0.0,0.0,0.0,0.0,0.0,44.0,223.0,421.0,592.0,701.0,747.0,717.0,618.0,459.0,262.0,72.0,0.0,0.0,0.0,0.0,0.0
2023-02-01,0.0,0.0,0.0,0.0,0.0,0.0,0.0,0.0,45.0,219.0,418.0,585.0,699.0,746.0,717.0,619.0,459.0,262.0,73.0,0.0,0.0,0.0,0.0,0.0
2023-02-02,0.0,0.0,0.0,0.0,0.0,0.0,0.0,0.0,45.0,217.0,413.0,578.0,689.0,731.0,702.0,605.0,450.0,257.0,73.0,0.0,0.0,0.0,0.0,0.0
2023-02-03,0.0,0.0,0.0,0.0,0.0,0.0,0.0,0.0,45.0,216.0,414.0,581.0,692.0,736.0,709.0,611.0,452.0,260.0,75.0,0.0,0.0,0.0,0.0,0.0
2023-02-04,0.0,0.0,0.0,0.0,0.0,0.0,0.0,0.0,46.0,219.0,417.0,585.0,698.0,745.0,716.0,620.0,463.0,267.0,77.0,0.0,0.0,0.0,0.0,0.0
2023-02-05,0.0,0.0,0.0,0.0,0.0,0.0,0.0,0.0,47.0,222.0,422.0,590.0,702.0,747.0,720.0,623.0,466.0,270.0,80.0,1.0,0.0,0.0,0.0,0.0
2023-02-06,0.0,0.0,0.0,0.0,0.0,0.0,0.0,0.0,47.0,195.0,375.0,568.0,690.0,745.0,723.0,626.0,471.0,274.0,82.0,1.0,0.0,0.0,0.0,0.0
2023-02-07,0.0,0.0,0.0,0.0,0.0,0.0,0.0,0.0,51.0,232.0,435.0,605.0,718.0,762.0,734.0,636.0,478.0,279.0,85.0,1.0,0.0,0.0,0.0,0.0
2023-02-08,0.0,0.0,0.0,0.0,0.0,0.0,0.0,0.0,52.0,232.0,434.0,605.0,717.0,759.0,730.0,631.0,475.0,277.0,85.0,1.0,0.0,0.0,0.0,0.0
2023-02-09,0.0,0.0,0.0,0.0,0.0,0.0,0.0,0.0,54.0,239.0,446.0,620.0,736.0,781.0,747.0,646.0,485.0,289.0,89.0,1.0,0.0,0.0,0.0,0.0
2023-02-10,0.0,0.0,0.0,0.0,0.0,0.0,0.0,0.0,55.0,239.0,445.0,615.0,732.0,776.0,748.0,651.0,491.0,278.0,87.0,1.0,0.0,0.0,0.0,0.0
2023-02-11,0.0,0.0,0.0,0.0,0.0,0.0,0.0,0.0,56.0,241.0,446.0,618.0,732.0,777.0,748.0,648.0,488.0,289.0,92.0,1.0,0.0,0.0,0.0,0.0
2023-02-12,0.0,0.0,0.0,0.0,0.0,0.0,0.0,0.0,56.0,232.0,444.0,621.0,738.0,783.0,755.0,655.0,495.0,293.0,94.0,2.0,0.0,0.0,0.0,0.0
2023-02-13,0.0,0.0,0.0,0.0,0.0,0.0,0.0,0.0,61.0,250.0,459.0,635.0,750.0,799.0,772.0,672.0,510.0,304.0,99.0,2.0,0.0,0.0,0.0,0.0
2023-02-14,0.0,0.0,0.0,0.0,0.0,0.0,0.0,0.0,63.0,256.0,466.0,638.0,754.0,799.0,771.0,668.0,502.0,302.0,100.0,2.0,0.0,0.0,0.0,0.0
2023-02-15,0.0,0.0,0.0,0.0,0.0,0.0,0.0,0.0,64.0,259.0,472.0,651.0,774.0,822.0,792.0,690.0,524.0,314.0,104.0,2.0,0.0,0.0,0.0,0.0
2023-02-16,0.0,0.0,0.0,0.0,0.0,0.0,0.0,0.0,67.0,263.0,478.0,658.0,775.0,819.0,785.0,682.0,518.0,311.0,104.0,3.0,0.0,0.0,0.0,0.0
2023-02-17,0.0,0.0,0.0,0.0,0.0,0.0,0.0,0.0,63.0,244.0,446.0,618.0,741.0,794.0,767.0,667.0,506.0,305.0,103.0,3.0,0.0,0.0,0.0,0.0
2023-02-18,0.0,0.0,0.0,0.0,0.0,0.0,0.0,0.0,68.0,260.0,469.0,642.0,758.0,803.0,774.0,674.0,513.0,306.0,104.0,3.0,0.0,0.0,0.0,0.0
2023-02-19,0.0,0.0,0.0,0.0,0.0,0.0,0.0,0.0,70.0,263.0,474.0,649.0,764.0,811.0,782.0,682.0,519.0,313.0,107.0,3.0,0.0,0.0,0.0,0.0
2023-02-20,0.0,0.0,0.0,0.0,0.0,0.0,0.0,0.0,70.0,260.0,464.0,634.0,756.0,801.0,768.0,680.0,519.0,314.0,105.0,4.0,0.0,0.0,0.0,0.0
2023-02-21,0.0,0.0,0.0,0.0,0.0,0.0,0.0,0.0,69.0,256.0,472.0,652.0,769.0,812.0,779.0,662.0,508.0,299.0,105.0,4.0,0.0,0.0,0.0,0.0
2023-02-22,0.0,0.0,0.0,0.0,0.0,0.0,0.0,0.0,73.0,266.0,485.0,662.0,782.0,831.0,802.0,701.0,534.0,325.0,114.0,4.0,0.0,0.0,0.0,0.0
2023-02-23,0.0,0.0,0.0,0.0,0.0,0.0,0.0,0.0,80.0,281.0,494.0,669.0,786.0,832.0,802.0,699.0,533.0,324.0,115.0,4.0,0.0,0.0,0.0,0.0
2023-02-24,0.0,0.0,0.0,0.0,0.0,0.0,0.0,0.0,84.0,289.0,505.0,683.0,800.0,844.0,813.0,709.0,543.0,333.0,119.0,5.0,0.0,0.0,0.0,0.0
2023-02-25,0.0,0.0,0.0,0.0,0.0,0.0,0.0,1.0,83.0,276.0,492.0,662.0,776.0,815.0,792.0,691.0,525.0,322.0,116.0,5.0,0.0,0.0,0.0,0.0
2023-02-26,0.0,0.0,0.0,0.0,0.0,0.0,0.0,1.0,83.0,279.0,487.0,658.0,772.0,817.0,788.0,688.0,526.0,323.0,117.0,5.0,0.0,0.0,0.0,0.0
2023-02-27,0.0,0.0,0.0,0.0,0.0,0.0,0.0,1.0,82.0,262.0,454.0,641.0,674.0,656.0,592.0,324.0,486.0,327.0,113.0,5.0,0.0,0.0,0.0,0.0
2023-02-28,0.0,0.0,0.0,0.0,0.0,0.0,0.0,1.0,85.0,278.0,500.0,662.0,704.0,769.0,776.0,695.0,535.0,330.0,121.0,6.0,0.0,0.0,0.0,0.0
2023-03-01,0.0,0.0,0.0,0.0,0.0,0.0,0.0,1.0,73.0,212.0,347.0,481.0,487.0,506.0,540.0,509.0,260.0,103.0,23.0,2.0,0.0,0.0,0.0,0.0
2023-03-02,0.0,0.0,0.0,0.0,0.0,0.0,0.0,1.0,68.0,258.0,489.0,651.0,768.0,698.0,754.0,690.0,529.0,322.0,121.0,6.0,0.0,0.0,0.0,0.0
2023-03-03,0.0,0.0,0.0,0.0,0.0,0.0,0.0,2.0,95.0,295.0,503.0,674.0,788.0,831.0,800.0,698.0,536.0,331.0,124.0,7.0,0.0,0.0,0.0,0.0
2023-03-04,0.0,0.0,0.0,0.0,0.0,0.0,0.0,2.0,103.0,313.0,527.0,702.0,817.0,863.0,833.0,729.0,563.0,345.0,130.0,7.0,0.0,0.0,0.0,0.0
2023-03-05,0.0,0.0,0.0,0.0,0.0,0.0,0.0,2.0,84.0,229.0,413.0,663.0,801.0,848.0,820.0,718.0,553.0,343.0,131.0,8.0,0.0,0.0,0.0,0.0
2023-03-06,0.0,0.0,0.0,0.0,0.0,0.0,0.0,3.0,106.0,315.0,529.0,705.0,822.0,866.0,833.0,729.0,561.0,347.0,133.0,8.0,0.0,0.0,0.0,0.0
2023-03-07,0.0,0.0,0.0,0.0,0.0,0.0,0.0,4.0,111.0,324.0,541.0,718.0,833.0,877.0,844.0,737.0,567.0,354.0,136.0,8.0,0.0,0.0,0.0,0.0
2023-03-08,0.0,0.0,0.0,0.0,0.0,0.0,0.0,4.0,114.0,327.0,542.0,720.0,836.0,880.0,841.0,585.0,338.0,353.0,128.0,8.0,0.0,0.0,0.0,0.0
2023-03-09,0.0,0.0,0.0,0.0,0.0,0.0,0.0,4.0,103.0,326.0,541.0,716.0,826.0,844.0,784.0,689.0,561.0,355.0,138.0,8.0,0.0,0.0,0.0,0.0
2023-03-10,0.0,0.0,0.0,0.0,0.0,0.0,0.0,4.0,82.0,272.0,429.0,615.0,731.0,714.0,629.0,397.0,515.0,210.0,62.0,6.0,0.0,0.0,0.0,0.0
2023-03-11,0.0,0.0,0.0,0.0,0.0,0.0,0.0,5.0,116.0,320.0,530.0,698.0,794.0,808.0,810.0,706.0,553.0,298.0,122.0,9.0,0.0,0.0,0.0,0.0
2023-03-12,0.0,0.0,0.0,0.0,0.0,0.0,0.0,6.0,121.0,331.0,543.0,715.0,827.0,865.0,802.0,679.0,557.0,345.0,124.0,9.0,0.0,0.0,0.0,0.0
2023-03-13,0.0,0.0,0.0,0.0,0.0,0.0,0.0,5.0,72.0,216.0,289.0,457.0,661.0,496.0,536.0,475.0,246.0,142.0,46.0,3.0,0.0,0.0,0.0,0.0
2023-03-14,0.0,0.0,0.0,0.0,0.0,0.0,0.0,6.0,121.0,316.0,519.0,706.0,823.0,863.0,828.0,723.0,556.0,349.0,139.0,10.0,0.0,0.0,0.0,0.0
2023-03-15,0.0,0.0,0.0,0.0,0.0,0.0,0.0,8.0,128.0,334.0,545.0,705.0,817.0,864.0,820.0,726.0,562.0,347.0,141.0,10.0,0.0,0.0,0.0,0.0
2023-03-16,0.0,0.0,0.0,0.0,0.0,0.0,0.0,8.0,130.0,340.0,550.0,718.0,828.0,867.0,831.0,724.0,558.0,353.0,141.0,11.0,0.0,0.0,0.0,0.0
2023-03-17,0.0,0.0,0.0,0.0,0.0,0.0,0.0,10.0,139.0,355.0,568.0,739.0,845.0,885.0,845.0,735.0,567.0,357.0,143.0,11.0,0.0,0.0,0.0,0.0
2023-03-18,0.0,0.0,0.0,0.0,0.0,0.0,0.0,11.0,146.0,367.0,584.0,758.0,872.0,914.0,879.0,769.0,595.0,374.0,148.0,12.0,0.0,0.0,0.0,0.0
2023-03-19,0.0,0.0,0.0,0.0,0.0,0.0,0.0,9.0,80.0,190.0,464.0,473.0,466.0,735.0,709.0,715.0,483.0,193.0,132.0,12.0,0.0,0.0,0.0,0.0
2023-03-20,0.0,0.0,0.0,0.0,0.0,0.0,0.0,12.0,138.0,358.0,570.0,741.0,851.0,890.0,855.0,748.0,574.0,360.0,148.0,13.0,0.0,0.0,0.0,0.0
2023-03-21,0.0,0.0,0.0,0.0,0.0,0.0,0.0,12.0,146.0,290.0,544.0,585.0,766.0,836.0,794.0,717.0,582.0,372.0,152.0,13.0,0.0,0.0,0.0,0.0
2023-03-22,0.0,0.0,0.0,0.0,0.0,0.0,0.0,15.0,159.0,383.0,599.0,771.0,878.0,913.0,875.0,765.0,592.0,376.0,155.0,14.0,0.0,0.0,0.0,0.0
2023-03-23,0.0,0.0,0.0,0.0,0.0,0.0,0.0,15.0,157.0,378.0,596.0,767.0,879.0,914.0,872.0,760.0,589.0,376.0,156.0,14.0,0.0,0.0,0.0,0.0
2023-03-24,0.0,0.0,0.0,0.0,0.0,0.0,0.0,16.0,158.0,373.0,589.0,723.0,826.0,908.0,870.0,760.0,586.0,368.0,153.0,14.0,0.0,0.0,0.0,0.0
2023-03-25,0.0,0.0,0.0,0.0,0.0,0.0,0.0,17.0,159.0,375.0,577.0,754.0,867.0,905.0,868.0,759.0,589.0,375.0,156.0,15.0,0.0,0.0,0.0,0.0
2023-03-26,0.0,0.0,0.0,0.0,0.0,0.0,0.0,18.0,162.0,380.0,598.0,768.0,877.0,914.0,875.0,763.0,590.0,374.0,157.0,14.0,0.0,0.0,0.0,0.0
2023-03-27,0.0,0.0,0.0,0.0,0.0,0.0,0.0,8.0,47.0,137.0,95.0,166.0,652.0,872.0,758.0,537.0,574.0,341.0,132.0,14.0,0.0,0.0,0.0,0.0
2023-03-28,0.0,0.0,0.0,0.0,0.0,0.0,0.0,20.0,168.0,384.0,595.0,767.0,815.0,896.0,871.0,762.0,593.0,380.0,161.0,16.0,0.0,0.0,0.0,0.0
2023-03-29,0.0,0.0,0.0,0.0,0.0,0.0,0.0,23.0,181.0,404.0,616.0,785.0,892.0,927.0,884.0,770.0,598.0,383.0,163.0,17.0,0.0,0.0,0.0,0.0
2023-03-30,0.0,0.0,0.0,0.0,0.0,0.0,0.0,24.0,181.0,403.0,613.0,781.0,887.0,925.0,887.0,775.0,603.0,387.0,165.0,17.0,0.0,0.0,0.0,0.0
2023-03-31,0.0,0.0,0.0,0.0,0.0,0.0,0.0,25.0,185.0,410.0,624.0,792.0,897.0,930.0,887.0,771.0,596.0,363.0,145.0,13.0,0.0,0.0,0.0,0.0
2023-04-01,0.0,0.0,0.0,0.0,0.0,0.0,0.0,25.0,182.0,402.0,612.0,766.0,881.0,895.0,850.0,759.0,587.0,375.0,159.0,17.0,0.0,0.0,0.0,0.0
2023-04-02,0.0,0.0,0.0,0.0,0.0,0.0,0.0,26.0,174.0,381.0,316.0,722.0,821.0,874.0,877.0,767.0,597.0,348.0,163.0,18.0,0.0,0.0,0.0,0.0
2023-04-03,0.0,0.0,0.0,0.0,0.0,0.0,0.0,29.0,196.0,422.0,635.0,805.0,910.0,944.0,901.0,786.0,609.0,389.0,168.0,19.0,0.0,0.0,0.0,0.0
2023-04-04,0.0,0.0,0.0,0.0,0.0,0.0,0.0,31.0,198.0,422.0,636.0,805.0,910.0,943.0,899.0,784.0,608.0,390.0,168.0,19.0,0.0,0.0,0.0,0.0
2023-04-05,0.0,0.0,0.0,0.0,0.0,0.0,0.0,33.0,202.0,425.0,635.0,801.0,905.0,937.0,894.0,780.0,607.0,392.0,171.0,20.0,0.0,0.0,0.0,0.0
2023-04-06,0.0,0.0,0.0,0.0,0.0,0.0,0.0,35.0,207.0,432.0,644.0,813.0,919.0,951.0,907.0,795.0,620.0,400.0,175.0,21.0,0.0,0.0,0.0,0.0
2023-04-07,0.0,0.0,0.0,0.0,0.0,0.0,0.0,36.0,194.0,417.0,648.0,820.0,924.0,950.0,903.0,786.0,609.0,388.0,169.0,20.0,0.0,0.0,0.0,0.0
2023-04-08,0.0,0.0,0.0,0.0,0.0,0.0,0.0,35.0,201.0,409.0,613.0,788.0,867.0,783.0,625.0,541.0,433.0,195.0,93.0,9.0,0.0,0.0,0.0,0.0
2023-04-09,0.0,0.0,0.0,0.0,0.0,0.0,0.0,36.0,204.0,424.0,631.0,793.0,895.0,926.0,884.0,771.0,600.0,386.0,169.0,21.0,0.0,0.0,0.0,0.0
2023-04-10,0.0,0.0,0.0,0.0,0.0,0.0,0.0,39.0,213.0,436.0,646.0,812.0,914.0,944.0,900.0,784.0,610.0,395.0,174.0,22.0,0.0,0.0,0.0,0.0
2023-04-11,0.0,0.0,0.0,0.0,0.0,0.0,0.0,40.0,213.0,434.0,645.0,809.0,884.0,928.0,891.0,726.0,431.0,387.0,171.0,22.0,0.0,0.0,0.0,0.0
2023-04-12,0.0,0.0,0.0,0.0,0.0,0.0,0.0,41.0,202.0,412.0,625.0,783.0,879.0,910.0,864.0,754.0,567.0,372.0,163.0,21.0,0.0,0.0,0.0,0.0
2023-04-13,0.0,0.0,0.0,0.0,0.0,0.0,0.0,42.0,206.0,398.0,586.0,729.0,676.0,755.0,722.0,741.0,572.0,346.0,143.0,22.0,0.0,0.0,0.0,0.0
2023-04-14,0.0,0.0,0.0,0.0,0.0,0.0,0.0,35.0,175.0,374.0,472.0,585.0,843.0,813.0,642.0,581.0,439.0,280.0,80.0,15.0,0.0,0.0,0.0,0.0
2023-04-15,0.0,0.0,0.0,0.0,0.0,0.0,0.0,45.0,211.0,431.0,635.0,797.0,886.0,918.0,882.0,770.0,593.0,352.0,163.0,21.0,0.0,0.0,0.0,0.0
2023-04-16,0.0,0.0,0.0,0.0,0.0,0.0,0.0,47.0,220.0,436.0,639.0,799.0,899.0,927.0,885.0,619.0,566.0,203.0,56.0,11.0,0.0,0.0,0.0,0.0
2023-04-17,0.0,0.0,0.0,0.0,0.0,0.0,0.0,49.0,224.0,442.0,613.0,774.0,840.0,907.0,861.0,716.0,475.0,160.0,91.0,16.0,0.0,0.0,0.0,0.0
2023-04-18,0.0,0.0,0.0,0.0,0.0,0.0,0.0,37.0,172.0,398.0,606.0,623.0,780.0,772.0,805.0,762.0,594.0,350.0,151.0,24.0,0.0,0.0,0.0,0.0
2023-04-19,0.0,0.0,0.0,0.0,0.0,0.0,0.0,54.0,238.0,460.0,666.0,828.0,929.0,948.0,906.0,766.0,618.0,312.0,158.0,23.0,0.0,0.0,0.0,0.0
2023-04-20,0.0,0.0,0.0,0.0,0.0,0.0,0.0,53.0,205.0,399.0,600.0,634.0,899.0,904.0,872.0,783.0,608.0,344.0,117.0,18.0,0.0,0.0,0.0,0.0
2023-04-21,0.0,0.0,0.0,0.0,0.0,0.0,0.0,57.0,238.0,456.0,658.0,818.0,916.0,942.0,895.0,780.0,607.0,395.0,180.0,27.0,0.0,0.0,0.0,0.0
2023-04-22,0.0,0.0,0.0,0.0,0.0,0.0,0.0,59.0,238.0,428.0,610.0,737.0,928.0,955.0,909.0,791.0,617.0,404.0,185.0,28.0,0.0,0.0,0.0,0.0
2023-04-23,0.0,0.0,0.0,0.0,0.0,0.0,0.0,58.0,243.0,464.0,654.0,775.0,861.0,942.0,813.0,490.0,282.0,215.0,102.0,15.0,0.0,0.0,0.0,0.0
2023-04-24,0.0,0.0,0.0,0.0,0.0,0.0,0.0,62.0,242.0,460.0,635.0,788.0,866.0,905.0,860.0,684.0,558.0,329.0,144.0,27.0,0.0,0.0,0.0,0.0
2023-04-25,0.0,0.0,0.0,0.0,0.0,0.0,0.0,64.0,247.0,465.0,666.0,824.0,917.0,922.0,896.0,781.0,609.0,399.0,183.0,29.0,0.0,0.0,0.0,0.0
2023-04-26,0.0,0.0,0.0,0.0,0.0,0.0,0.0,64.0,243.0,447.0,634.0,780.0,823.0,673.0,654.0,714.0,608.0,299.0,170.0,28.0,0.0,0.0,0.0,0.0
2023-04-27,0.0,0.0,0.0,0.0,0.0,0.0,0.0,61.0,240.0,456.0,653.0,814.0,911.0,937.0,891.0,777.0,607.0,400.0,186.0,30.0,0.0,0.0,0.0,0.0
2023-04-28,0.0,0.0,0.0,0.0,0.0,0.0,0.0,73.0,265.0,489.0,694.0,853.0,950.0,977.0,930.0,812.0,637.0,419.0,197.0,33.0,0.0,0.0,0.0,0.0
2023-04-29,0.0,0.0,0.0,0.0,0.0,0.0,0.0,74.0,267.0,487.0,691.0,849.0,945.0,971.0,922.0,806.0,630.0,412.0,193.0,32.0,0.0,0.0,0.0,0.0
2023-04-30,0.0,0.0,0.0,0.0,0.0,0.0,1.0,76.0,270.0,491.0,694.0,853.0,948.0,971.0,921.0,802.0,628.0,418.0,197.0,34.0,0.0,0.0,0.0,0.0
2023-05-01,0.0,0.0,0.0,0.0,0.0,0.0,1.0,76.0,267.0,489.0,690.0,844.0,939.0,965.0,916.0,801.0,628.0,416.0,197.0,34.0,0.0,0.0,0.0,0.0
2023-05-02,0.0,0.0,0.0,0.0,0.0,0.0,1.0,77.0,267.0,485.0,683.0,838.0,933.0,963.0,918.0,798.0,625.0,414.0,197.0,35.0,0.0,0.0,0.0,0.0
2023-05-03,0.0,0.0,0.0,0.0,0.0,0.0,1.0,82.0,277.0,499.0,704.0,861.0,952.0,973.0,923.0,806.0,631.0,420.0,201.0,36.0,0.0,0.0,0.0,0.0
2023-05-04,0.0,0.0,0.0,0.0,0.0,0.0,1.0,82.0,275.0,495.0,696.0,852.0,949.0,973.0,925.0,808.0,633.0,422.0,202.0,37.0,0.0,0.0,0.0,0.0
2023-05-05,0.0,0.0,0.0,0.0,0.0,0.0,1.0,84.0,280.0,502.0,706.0,866.0,962.0,986.0,935.0,817.0,641.0,424.0,204.0,38.0,0.0,0.0,0.0,0.0
2023-05-06,0.0,0.0,0.0,0.0,0.0,0.0,2.0,88.0,286.0,509.0,712.0,868.0,960.0,984.0,936.0,820.0,647.0,430.0,208.0,39.0,0.0,0.0,0.0,0.0
2023-05-07,0.0,0.0,0.0,0.0,0.0,0.0,2.0,91.0,296.0,521.0,718.0,873.0,965.0,990.0,940.0,822.0,647.0,436.0,213.0,40.0,0.0,0.0,0.0,0.0
2023-05-08,0.0,0.0,0.0,0.0,0.0,0.0,2.0,91.0,292.0,520.0,726.0,885.0,980.0,1005.0,954.0,831.0,654.0,438.0,212.0,40.0,0.0,0.0,0.0,0.0
2023-05-09,0.0,0.0,0.0,0.0,0.0,0.0,2.0,89.0,281.0,499.0,692.0,847.0,940.0,974.0,920.0,773.0,583.0,413.0,201.0,39.0,0.0,0.0,0.0,0.0
2023-05-10,0.0,0.0,0.0,0.0,0.0,0.0,2.0,89.0,281.0,498.0,696.0,849.0,942.0,964.0,914.0,799.0,628.0,420.0,205.0,40.0,0.0,0.0,0.0,0.0
2023-05-11,0.0,0.0,0.0,0.0,0.0,0.0,2.0,89.0,280.0,496.0,692.0,844.0,934.0,956.0,907.0,793.0,624.0,416.0,204.0,40.0,0.0,0.0,0.0,0.0
2023-05-12,0.0,0.0,0.0,0.0,0.0,0.0,3.0,79.0,256.0,483.0,687.0,840.0,931.0,954.0,908.0,795.0,627.0,422.0,207.0,41.0,0.0,0.0,0.0,0.0
2023-05-13,0.0,0.0,0.0,0.0,0.0,0.0,3.0,92.0,283.0,498.0,693.0,844.0,936.0,960.0,914.0,801.0,633.0,423.0,208.0,42.0,0.0,0.0,0.0,0.0
2023-05-14,0.0,0.0,0.0,0.0,0.0,0.0,3.0,95.0,292.0,513.0,709.0,860.0,948.0,969.0,919.0,803.0,632.0,423.0,209.0,43.0,0.0,0.0,0.0,0.0
2023-05-15,0.0,0.0,0.0,0.0,0.0,0.0,3.0,94.0,286.0,501.0,698.0,852.0,944.0,967.0,919.0,805.0,633.0,424.0,210.0,43.0,0.0,0.0,0.0,0.0
2023-05-16,0.0,0.0,0.0,0.0,0.0,0.0,3.0,94.0,286.0,489.0,653.0,805.0,888.0,940.0,903.0,787.0,620.0,409.0,207.0,43.0,0.0,0.0,0.0,0.0
2023-05-17,0.0,0.0,0.0,0.0,0.0,0.0,3.0,91.0,281.0,474.0,682.0,839.0,927.0,950.0,903.0,790.0,624.0,419.0,209.0,44.0,0.0,0.0,0.0,0.0
2023-05-18,0.0,0.0,0.0,0.0,0.0,0.0,4.0,95.0,285.0,497.0,689.0,816.0,920.0,943.0,904.0,790.0,625.0,395.0,201.0,44.0,0.0,0.0,0.0,0.0
2023-05-19,0.0,0.0,0.0,0.0,0.0,0.0,4.0,91.0,281.0,492.0,684.0,830.0,918.0,940.0,891.0,780.0,609.0,410.0,188.0,42.0,0.0,0.0,0.0,0.0
2023-05-20,0.0,0.0,0.0,0.0,0.0,0.0,4.0,91.0,276.0,486.0,677.0,817.0,889.0,850.0,569.0,765.0,538.0,325.0,149.0,36.0,0.0,0.0,0.0,0.0
2023-05-21,0.0,0.0,0.0,0.0,0.0,0.0,4.0,76.0,248.0,459.0,660.0,771.0,842.0,814.0,703.0,439.0,299.0,215.0,110.0,43.0,0.0,0.0,0.0,0.0
2023-05-22,0.0,0.0,0.0,0.0,0.0,0.0,3.0,47.0,161.0,468.0,601.0,737.0,856.0,832.0,854.0,747.0,552.0,410.0,204.0,46.0,0.0,0.0,0.0,0.0
2023-05-23,0.0,0.0,0.0,0.0,0.0,0.0,4.0,90.0,261.0,482.0,669.0,804.0,835.0,840.0,784.0,733.0,622.0,415.0,202.0,46.0,0.0,0.0,0.0,0.0
2023-05-24,0.0,0.0,0.0,0.0,0.0,0.0,5.0,90.0,251.0,453.0,618.0,807.0,846.0,861.0,821.0,679.0,527.0,306.0,149.0,37.0,0.0,0.0,0.0,0.0
2023-05-25,0.0,0.0,0.0,0.0,0.0,0.0,4.0,90.0,247.0,494.0,670.0,751.0,752.0,766.0,712.0,505.0,404.0,237.0,110.0,29.0,0.0,0.0,0.0,0.0
2023-05-26,0.0,0.0,0.0,0.0,0.0,0.0,5.0,97.0,273.0,486.0,626.0,728.0,822.0,936.0,893.0,783.0,620.0,422.0,215.0,51.0,0.0,0.0,0.0,0.0
2023-05-27,0.0,0.0,0.0,0.0,0.0,0.0,5.0,99.0,286.0,494.0,684.0,830.0,918.0,940.0,895.0,786.0,623.0,423.0,216.0,52.0,0.0,0.0,0.0,0.0
2023-05-28,0.0,0.0,0.0,0.0,0.0,0.0,5.0,103.0,293.0,506.0,697.0,843.0,929.0,957.0,911.0,800.0,635.0,433.0,224.0,53.0,0.0,0.0,0.0,0.0
2023-05-29,0.0,0.0,0.0,0.0,0.0,0.0,5.0,104.0,294.0,502.0,696.0,843.0,931.0,954.0,908.0,799.0,635.0,436.0,227.0,56.0,0.0,0.0,0.0,0.0
2023-05-30,0.0,0.0,0.0,0.0,0.0,0.0,5.0,103.0,294.0,503.0,692.0,839.0,925.0,946.0,899.0,792.0,633.0,433.0,225.0,56.0,0.0,0.0,0.0,0.0
2023-05-31,0.0,0.0,0.0,0.0,0.0,0.0,5.0,101.0,280.0,494.0,679.0,823.0,901.0,930.0,888.0,782.0,624.0,430.0,224.0,56.0,0.0,0.0,0.0,0.0
2023-06-01,0.0,0.0,0.0,0.0,0.0,0.0,5.0,101.0,285.0,490.0,672.0,816.0,903.0,927.0,884.0,779.0,618.0,420.0,218.0,56.0,0.0,0.0,0.0,0.0
2023-06-02,0.0,0.0,0.0,0.0,0.0,0.0,6.0,101.0,275.0,468.0,669.0,836.0,927.0,951.0,908.0,800.0,637.0,438.0,228.0,58.0,0.0,0.0,0.0,0.0
2023-06-03,0.0,0.0,0.0,0.0,0.0,0.0,6.0,102.0,287.0,494.0,680.0,822.0,910.0,933.0,890.0,782.0,621.0,428.0,224.0,58.0,0.0,0.0,0.0,0.0
2023-06-04,0.0,0.0,0.0,0.0,0.0,0.0,6.0,101.0,286.0,490.0,677.0,822.0,910.0,934.0,890.0,782.0,624.0,434.0,228.0,60.0,0.0,0.0,0.0,0.0
2023-06-05,0.0,0.0,0.0,0.0,0.0,0.0,6.0,102.0,287.0,493.0,682.0,828.0,918.0,942.0,897.0,780.0,625.0,430.0,225.0,59.0,0.0,0.0,0.0,0.0
2023-06-06,0.0,0.0,0.0,0.0,0.0,0.0,6.0,102.0,287.0,492.0,678.0,822.0,911.0,935.0,892.0,785.0,625.0,432.0,228.0,61.0,0.0,0.0,0.0,0.0
2023-06-07,0.0,0.0,0.0,0.0,0.0,0.0,6.0,101.0,284.0,490.0,678.0,825.0,916.0,947.0,910.0,803.0,641.0,445.0,237.0,63.0,0.0,0.0,0.0,0.0
2023-06-08,0.0,0.0,0.0,0.0,0.0,0.0,6.0,103.0,288.0,492.0,678.0,822.0,911.0,935.0,892.0,787.0,629.0,435.0,231.0,62.0,0.0,0.0,0.0,0.0
2023-06-09,0.0,0.0,0.0,0.0,0.0,0.0,6.0,104.0,290.0,497.0,685.0,831.0,921.0,945.0,900.0,794.0,634.0,439.0,233.0,63.0,0.0,0.0,0.0,0.0
2023-06-10,0.0,0.0,0.0,0.0,0.0,0.0,6.0,104.0,292.0,502.0,690.0,837.0,923.0,949.0,908.0,801.0,642.0,446.0,238.0,65.0,0.0,0.0,0.0,0.0
2023-06-11,0.0,0.0,0.0,0.0,0.0,0.0,6.0,102.0,287.0,493.0,682.0,831.0,924.0,952.0,910.0,797.0,637.0,444.0,237.0,65.0,0.0,0.0,0.0,0.0
2023-06-12,0.0,0.0,0.0,0.0,0.0,0.0,6.0,102.0,288.0,496.0,685.0,832.0,921.0,946.0,903.0,796.0,641.0,444.0,236.0,65.0,1.0,0.0,0.0,0.0
2023-06-13,0.0,0.0,0.0,0.0,0.0,0.0,6.0,101.0,286.0,493.0,680.0,825.0,915.0,941.0,901.0,796.0,639.0,443.0,238.0,67.0,1.0,0.0,0.0,0.0
2023-06-14,0.0,0.0,0.0,0.0,0.0,0.0,6.0,104.0,292.0,498.0,685.0,831.0,923.0,951.0,913.0,805.0,645.0,452.0,242.0,68.0,1.0,0.0,0.0,0.0
2023-06-15,0.0,0.0,0.0,0.0,0.0,0.0,6.0,102.0,285.0,487.0,676.0,824.0,913.0,941.0,901.0,794.0,636.0,440.0,235.0,66.0,1.0,0.0,0.0,0.0
2023-06-16,0.0,0.0,0.0,0.0,0.0,0.0,5.0,101.0,286.0,492.0,682.0,831.0,921.0,948.0,909.0,804.0,644.0,447.0,241.0,68.0,1.0,0.0,0.0,0.0
2023-06-17,0.0,0.0,0.0,0.0,0.0,0.0,5.0,102.0,287.0,493.0,683.0,831.0,923.0,949.0,908.0,803.0,644.0,449.0,242.0,70.0,1.0,0.0,0.0,0.0
2023-06-18,0.0,0.0,0.0,0.0,0.0,0.0,5.0,101.0,286.0,493.0,680.0,828.0,918.0,943.0,901.0,797.0,639.0,445.0,241.0,69.0,1.0,0.0,0.0,0.0
2023-06-19,0.0,0.0,0.0,0.0,0.0,0.0,5.0,96.0,273.0,473.0,656.0,799.0,888.0,914.0,874.0,775.0,614.0,433.0,234.0,67.0,1.0,0.0,0.0,0.0
2023-06-20,0.0,0.0,0.0,0.0,0.0,0.0,5.0,95.0,271.0,472.0,658.0,805.0,897.0,924.0,887.0,786.0,633.0,444.0,239.0,69.0,1.0,0.0,0.0,0.0
2023-06-21,0.0,0.0,0.0,0.0,0.0,0.0,5.0,95.0,275.0,478.0,665.0,811.0,903.0,931.0,894.0,792.0,636.0,443.0,239.0,69.0,1.0,0.0,0.0,0.0
2023-06-22,0.0,0.0,0.0,0.0,0.0,0.0,5.0,95.0,274.0,476.0,663.0,809.0,900.0,927.0,888.0,786.0,631.0,441.0,239.0,69.0,1.0,0.0,0.0,0.0
2023-06-23,0.0,0.0,0.0,0.0,0.0,0.0,5.0,95.0,274.0,479.0,666.0,811.0,903.0,932.0,894.0,792.0,637.0,444.0,240.0,70.0,1.0,0.0,0.0,0.0
2023-06-24,0.0,0.0,0.0,0.0,0.0,0.0,5.0,94.0,273.0,478.0,664.0,813.0,906.0,933.0,895.0,792.0,637.0,446.0,242.0,71.0,1.0,0.0,0.0,0.0
2023-06-25,0.0,0.0,0.0,0.0,0.0,0.0,4.0,94.0,273.0,476.0,661.0,806.0,900.0,929.0,891.0,788.0,632.0,440.0,238.0,70.0,1.0,0.0,0.0,0.0
2023-06-26,0.0,0.0,0.0,0.0,0.0,0.0,4.0,92.0,269.0,471.0,657.0,804.0,897.0,926.0,888.0,786.0,632.0,440.0,238.0,70.0,1.0,0.0,0.0,0.0
2023-06-27,0.0,0.0,0.0,0.0,0.0,0.0,4.0,88.0,262.0,466.0,650.0,798.0,892.0,919.0,878.0,774.0,618.0,432.0,234.0,69.0,1.0,0.0,0.0,0.0
2023-06-28,0.0,0.0,0.0,0.0,0.0,0.0,4.0,86.0,252.0,447.0,630.0,775.0,868.0,896.0,857.0,759.0,550.0,397.0,225.0,67.0,1.0,0.0,0.0,0.0
2023-06-29,0.0,0.0,0.0,0.0,0.0,0.0,4.0,85.0,250.0,442.0,622.0,767.0,859.0,890.0,854.0,755.0,608.0,422.0,228.0,68.0,1.0,0.0,0.0,0.0
2023-06-30,0.0,0.0,0.0,0.0,0.0,0.0,4.0,85.0,256.0,455.0,639.0,784.0,881.0,912.0,879.0,784.0,634.0,443.0,241.0,71.0,1.0,0.0,0.0,0.0
2023-07-01,0.0,0.0,0.0,0.0,0.0,0.0,4.0,90.0,267.0,468.0,654.0,801.0,897.0,926.0,887.0,784.0,631.0,442.0,240.0,72.0,1.0,0.0,0.0,0.0
2023-07-02,0.0,0.0,0.0,0.0,0.0,0.0,4.0,90.0,268.0,471.0,659.0,806.0,900.0,925.0,886.0,784.0,628.0,439.0,238.0,71.0,1.0,0.0,0.0,0.0
2023-07-03,0.0,0.0,0.0,0.0,0.0,0.0,3.0,86.0,259.0,460.0,646.0,793.0,885.0,914.0,878.0,779.0,627.0,436.0,236.0,70.0,1.0,0.0,0.0,0.0
2023-07-04,0.0,0.0,0.0,0.0,0.0,0.0,3.0,83.0,243.0,436.0,630.0,777.0,865.0,896.0,860.0,767.0,617.0,429.0,233.0,69.0,1.0,0.0,0.0,0.0
2023-07-05,0.0,0.0,0.0,0.0,0.0,0.0,3.0,82.0,252.0,452.0,638.0,788.0,883.0,914.0,877.0,777.0,624.0,435.0,235.0,70.0,1.0,0.0,0.0,0.0
2023-07-06,0.0,0.0,0.0,0.0,0.0,0.0,3.0,79.0,253.0,410.0,567.0,775.0,874.0,905.0,874.0,774.0,619.0,431.0,232.0,69.0,1.0,0.0,0.0,0.0
2023-07-07,0.0,0.0,0.0,0.0,0.0,0.0,3.0,78.0,236.0,392.0,570.0,740.0,839.0,880.0,845.0,753.0,605.0,415.0,223.0,67.0,1.0,0.0,0.0,0.0
2023-07-08,0.0,0.0,0.0,0.0,0.0,0.0,2.0,73.0,234.0,427.0,584.0,739.0,864.0,896.0,857.0,761.0,614.0,428.0,232.0,69.0,1.0,0.0,0.0,0.0
2023-07-09,0.0,0.0,0.0,0.0,0.0,0.0,2.0,74.0,229.0,445.0,631.0,779.0,877.0,909.0,873.0,770.0,618.0,428.0,231.0,68.0,1.0,0.0,0.0,0.0
2023-07-10,0.0,0.0,0.0,0.0,0.0,0.0,2.0,74.0,240.0,435.0,622.0,771.0,865.0,895.0,859.0,760.0,608.0,426.0,230.0,68.0,1.0,0.0,0.0,0.0
2023-07-11,0.0,0.0,0.0,0.0,0.0,0.0,2.0,75.0,238.0,432.0,600.0,728.0,549.0,598.0,822.0,767.0,606.0,423.0,228.0,67.0,1.0,0.0,0.0,0.0
2023-07-12,0.0,0.0,0.0,0.0,0.0,0.0,2.0,76.0,243.0,441.0,626.0,774.0,868.0,897.0,860.0,760.0,608.0,420.0,223.0,66.0,1.0,0.0,0.0,0.0
2023-07-13,0.0,0.0,0.0,0.0,0.0,0.0,2.0,59.0,202.0,429.0,612.0,758.0,852.0,879.0,831.0,734.0,595.0,400.0,220.0,65.0,1.0,0.0,0.0,0.0
2023-07-14,0.0,0.0,0.0,0.0,0.0,0.0,2.0,72.0,232.0,426.0,609.0,755.0,852.0,883.0,859.0,756.0,596.0,414.0,223.0,65.0,1.0,0.0,0.0,0.0
2023-07-15,0.0,0.0,0.0,0.0,0.0,0.0,2.0,71.0,232.0,426.0,609.0,758.0,853.0,886.0,851.0,755.0,579.0,413.0,221.0,64.0,1.0,0.0,0.0,0.0
2023-07-16,0.0,0.0,0.0,0.0,0.0,0.0,2.0,70.0,228.0,422.0,607.0,756.0,852.0,885.0,850.0,752.0,604.0,420.0,223.0,64.0,1.0,0.0,0.0,0.0
2023-07-17,0.0,0.0,0.0,0.0,0.0,0.0,1.0,70.0,229.0,428.0,617.0,767.0,862.0,889.0,858.0,762.0,613.0,423.0,226.0,65.0,1.0,0.0,0.0,0.0
2023-07-18,0.0,0.0,0.0,0.0,0.0,0.0,1.0,60.0,232.0,430.0,617.0,768.0,862.0,893.0,858.0,761.0,614.0,421.0,225.0,65.0,1.0,0.0,0.0,0.0
2023-07-19,0.0,0.0,0.0,0.0,0.0,0.0,1.0,68.0,232.0,429.0,616.0,765.0,857.0,885.0,848.0,755.0,609.0,420.0,225.0,64.0,1.0,0.0,0.0,0.0
2023-07-20,0.0,0.0,0.0,0.0,0.0,0.0,1.0,70.0,234.0,435.0,627.0,778.0,877.0,910.0,875.0,774.0,621.0,427.0,227.0,64.0,1.0,0.0,0.0,0.0
2023-07-21,0.0,0.0,0.0,0.0,0.0,0.0,1.0,67.0,228.0,423.0,614.0,769.0,860.0,868.0,845.0,758.0,599.0,418.0,222.0,63.0,1.0,0.0,0.0,0.0
2023-07-22,0.0,0.0,0.0,0.0,0.0,0.0,1.0,59.0,189.0,404.0,585.0,753.0,849.0,882.0,848.0,743.0,588.0,413.0,219.0,61.0,0.0,0.0,0.0,0.0
2023-07-23,0.0,0.0,0.0,0.0,0.0,0.0,1.0,63.0,211.0,395.0,585.0,736.0,833.0,872.0,840.0,748.0,598.0,407.0,199.0,60.0,0.0,0.0,0.0,0.0
2023-07-24,0.0,0.0,0.0,0.0,0.0,0.0,1.0,63.0,219.0,406.0,590.0,743.0,843.0,876.0,845.0,747.0,593.0,403.0,214.0,59.0,0.0,0.0,0.0,0.0
2023-07-25,0.0,0.0,0.0,0.0,0.0,0.0,1.0,58.0,196.0,398.0,593.0,727.0,755.0,846.0,811.0,716.0,552.0,387.0,206.0,51.0,0.0,0.0,0.0,0.0
2023-07-26,0.0,0.0,0.0,0.0,0.0,0.0,1.0,61.0,159.0,234.0,451.0,636.0,835.0,872.0,847.0,743.0,589.0,404.0,211.0,57.0,0.0,0.0,0.0,0.0
2023-07-27,0.0,0.0,0.0,0.0,0.0,0.0,1.0,61.0,218.0,412.0,597.0,746.0,842.0,874.0,840.0,743.0,591.0,403.0,210.0,57.0,0.0,0.0,0.0,0.0
2023-07-28,0.0,0.0,0.0,0.0,0.0,0.0,0.0,55.0,196.0,409.0,594.0,739.0,782.0,758.0,774.0,730.0,594.0,407.0,213.0,56.0,0.0,0.0,0.0,0.0
2023-07-29,0.0,0.0,0.0,0.0,0.0,0.0,0.0,60.0,218.0,414.0,603.0,753.0,848.0,879.0,849.0,754.0,601.0,264.0,207.0,56.0,0.0,0.0,0.0,0.0
2023-07-30,0.0,0.0,0.0,0.0,0.0,0.0,0.0,61.0,225.0,426.0,617.0,770.0,867.0,899.0,865.0,765.0,611.0,421.0,219.0,57.0,0.0,0.0,0.0,0.0
2023-07-31,0.0,0.0,0.0,0.0,0.0,0.0,0.0,60.0,222.0,423.0,615.0,765.0,861.0,900.0,867.0,767.0,611.0,418.0,217.0,56.0,0.0,0.0,0.0,0.0
2023-08-01,0.0,0.0,0.0,0.0,0.0,0.0,0.0,61.0,227.0,430.0,625.0,782.0,881.0,914.0,877.0,775.0,618.0,422.0,219.0,55.0,0.0,0.0,0.0,0.0
2023-08-02,0.0,0.0,0.0,0.0,0.0,0.0,0.0,58.0,221.0,423.0,614.0,766.0,857.0,882.0,842.0,753.0,596.0,415.0,214.0,54.0,0.0,0.0,0.0,0.0
2023-08-03,0.0,0.0,0.0,0.0,0.0,0.0,0.0,57.0,218.0,416.0,606.0,761.0,861.0,891.0,850.0,753.0,597.0,410.0,210.0,52.0,0.0,0.0,0.0,0.0
2023-08-04,0.0,0.0,0.0,0.0,0.0,0.0,0.0,46.0,201.0,409.0,598.0,750.0,845.0,876.0,843.0,751.0,597.0,405.0,208.0,51.0,0.0,0.0,0.0,0.0
2023-08-05,0.0,0.0,0.0,0.0,0.0,0.0,0.0,54.0,211.0,407.0,594.0,743.0,839.0,873.0,834.0,713.0,511.0,329.0,146.0,39.0,0.0,0.0,0.0,0.0
2023-08-06,0.0,0.0,0.0,0.0,0.0,0.0,0.0,53.0,211.0,409.0,598.0,753.0,853.0,887.0,850.0,746.0,561.0,398.0,202.0,47.0,0.0,0.0,0.0,0.0
2023-08-07,0.0,0.0,0.0,0.0,0.0,0.0,0.0,53.0,211.0,409.0,599.0,752.0,849.0,883.0,848.0,747.0,598.0,400.0,203.0,48.0,0.0,0.0,0.0,0.0
2023-08-08,0.0,0.0,0.0,0.0,0.0,0.0,0.0,54.0,216.0,415.0,606.0,772.0,871.0,903.0,868.0,767.0,608.0,412.0,207.0,47.0,0.0,0.0,0.0,0.0
2023-08-09,0.0,0.0,0.0,0.0,0.0,0.0,0.0,53.0,212.0,412.0,603.0,755.0,850.0,879.0,841.0,742.0,589.0,400.0,201.0,45.0,0.0,0.0,0.0,0.0
2023-08-10,0.0,0.0,0.0,0.0,0.0,0.0,0.0,51.0,211.0,411.0,603.0,756.0,851.0,884.0,836.0,663.0,551.0,373.0,192.0,41.0,0.0,0.0,0.0,0.0
2023-08-11,0.0,0.0,0.0,0.0,0.0,0.0,0.0,48.0,188.0,363.0,480.0,751.0,848.0,880.0,845.0,744.0,587.0,394.0,195.0,42.0,0.0,0.0,0.0,0.0
2023-08-12,0.0,0.0,0.0,0.0,0.0,0.0,0.0,50.0,210.0,409.0,600.0,752.0,850.0,881.0,844.0,742.0,586.0,393.0,195.0,41.0,0.0,0.0,0.0,0.0
2023-08-13,0.0,0.0,0.0,0.0,0.0,0.0,0.0,50.0,209.0,409.0,601.0,755.0,854.0,887.0,850.0,747.0,592.0,397.0,196.0,41.0,0.0,0.0,0.0,0.0
2023-08-14,0.0,0.0,0.0,0.0,0.0,0.0,0.0,50.0,213.0,418.0,614.0,770.0,869.0,902.0,861.0,759.0,599.0,399.0,196.0,40.0,0.0,0.0,0.0,0.0
2023-08-15,0.0,0.0,0.0,0.0,0.0,0.0,0.0,50.0,207.0,409.0,612.0,767.0,869.0,897.0,855.0,729.0,518.0,281.0,118.0,23.0,0.0,0.0,0.0,0.0
2023-08-16,0.0,0.0,0.0,0.0,0.0,0.0,0.0,38.0,181.0,393.0,596.0,751.0,850.0,881.0,841.0,700.0,530.0,315.0,143.0,32.0,0.0,0.0,0.0,0.0
2023-08-17,0.0,0.0,0.0,0.0,0.0,0.0,0.0,46.0,202.0,410.0,604.0,761.0,860.0,892.0,854.0,750.0,589.0,391.0,189.0,36.0,0.0,0.0,0.0,0.0
2023-08-18,0.0,0.0,0.0,0.0,0.0,0.0,0.0,48.0,208.0,411.0,606.0,763.0,861.0,893.0,854.0,748.0,586.0,389.0,187.0,35.0,0.0,0.0,0.0,0.0
2023-08-19,0.0,0.0,0.0,0.0,0.0,0.0,0.0,47.0,209.0,414.0,609.0,765.0,863.0,894.0,855.0,749.0,588.0,391.0,187.0,35.0,0.0,0.0,0.0,0.0
2023-08-20,0.0,0.0,0.0,0.0,0.0,0.0,0.0,46.0,207.0,412.0,606.0,764.0,863.0,894.0,855.0,749.0,576.0,384.0,180.0,31.0,0.0,0.0,0.0,0.0
2023-08-21,0.0,0.0,0.0,0.0,0.0,0.0,0.0,47.0,212.0,421.0,619.0,777.0,878.0,910.0,869.0,761.0,595.0,393.0,185.0,32.0,0.0,0.0,0.0,0.0
2023-08-22,0.0,0.0,0.0,0.0,0.0,0.0,0.0,46.0,210.0,419.0,619.0,778.0,875.0,901.0,859.0,751.0,590.0,387.0,170.0,30.0,0.0,0.0,0.0,0.0
2023-08-23,0.0,0.0,0.0,0.0,0.0,0.0,0.0,45.0,208.0,415.0,611.0,768.0,867.0,897.0,855.0,750.0,583.0,384.0,179.0,29.0,0.0,0.0,0.0,0.0
2023-08-24,0.0,0.0,0.0,0.0,0.0,0.0,0.0,44.0,202.0,403.0,609.0,765.0,863.0,890.0,841.0,734.0,568.0,378.0,175.0,28.0,0.0,0.0,0.0,0.0
2023-08-25,0.0,0.0,0.0,0.0,0.0,0.0,0.0,45.0,209.0,417.0,616.0,772.0,871.0,902.0,851.0,727.0,581.0,378.0,175.0,27.0,0.0,0.0,0.0,0.0
2023-08-26,0.0,0.0,0.0,0.0,0.0,0.0,0.0,44.0,208.0,416.0,611.0,767.0,867.0,898.0,857.0,742.0,576.0,372.0,169.0,25.0,0.0,0.0,0.0,0.0
2023-08-27,0.0,0.0,0.0,0.0,0.0,0.0,0.0,43.0,208.0,418.0,614.0,770.0,867.0,897.0,855.0,742.0,579.0,376.0,170.0,25.0,0.0,0.0,0.0,0.0
2023-08-28,0.0,0.0,0.0,0.0,0.0,0.0,0.0,43.0,206.0,417.0,617.0,774.0,866.0,893.0,849.0,740.0,569.0,373.0,167.0,24.0,0.0,0.0,0.0,0.0
2023-08-29,0.0,0.0,0.0,0.0,0.0,0.0,0.0,44.0,213.0,430.0,631.0,790.0,891.0,923.0,881.0,769.0,600.0,386.0,173.0,24.0,0.0,0.0,0.0,0.0
2023-08-30,0.0,0.0,0.0,0.0,0.0,0.0,0.0,43.0,212.0,423.0,620.0,776.0,875.0,906.0,864.0,752.0,582.0,380.0,168.0,22.0,0.0,0.0,0.0,0.0
2023-08-31,0.0,0.0,0.0,0.0,0.0,0.0,0.0,41.0,207.0,416.0,613.0,770.0,867.0,895.0,850.0,737.0,571.0,366.0,160.0,20.0,0.0,0.0,0.0,0.0
2023-09-01,0.0,0.0,0.0,0.0,0.0,0.0,0.0,39.0,199.0,405.0,601.0,758.0,859.0,894.0,851.0,740.0,572.0,368.0,160.0,20.0,0.0,0.0,0.0,0.0
2023-09-02,0.0,0.0,0.0,0.0,0.0,0.0,0.0,41.0,205.0,413.0,613.0,767.0,860.0,884.0,838.0,727.0,559.0,357.0,155.0,18.0,0.0,0.0,0.0,0.0
2023-09-03,0.0,0.0,0.0,0.0,0.0,0.0,0.0,39.0,202.0,410.0,606.0,761.0,857.0,882.0,835.0,722.0,557.0,357.0,153.0,17.0,0.0,0.0,0.0,0.0
2023-09-04,0.0,0.0,0.0,0.0,0.0,0.0,0.0,39.0,202.0,411.0,605.0,752.0,850.0,882.0,840.0,729.0,561.0,348.0,151.0,16.0,0.0,0.0,0.0,0.0
2023-09-05,0.0,0.0,0.0,0.0,0.0,0.0,0.0,38.0,201.0,409.0,608.0,761.0,855.0,883.0,837.0,725.0,562.0,356.0,150.0,15.0,0.0,0.0,0.0,0.0
2023-09-06,0.0,0.0,0.0,0.0,0.0,0.0,0.0,39.0,205.0,418.0,618.0,772.0,870.0,896.0,848.0,686.0,542.0,345.0,146.0,15.0,0.0,0.0,0.0,0.0
2023-09-07,0.0,0.0,0.0,0.0,0.0,0.0,0.0,39.0,209.0,426.0,629.0,786.0,883.0,909.0,862.0,744.0,568.0,355.0,144.0,13.0,0.0,0.0,0.0,0.0
2023-09-08,0.0,0.0,0.0,0.0,0.0,0.0,0.0,39.0,209.0,425.0,624.0,778.0,873.0,898.0,851.0,737.0,564.0,354.0,144.0,13.0,0.0,0.0,0.0,0.0
2023-09-09,0.0,0.0,0.0,0.0,0.0,0.0,0.0,38.0,208.0,424.0,625.0,782.0,875.0,899.0,850.0,735.0,558.0,347.0,139.0,12.0,0.0,0.0,0.0,0.0
2023-09-10,0.0,0.0,0.0,0.0,0.0,0.0,0.0,37.0,203.0,415.0,612.0,767.0,862.0,888.0,843.0,729.0,557.0,344.0,137.0,11.0,0.0,0.0,0.0,0.0
2023-09-11,0.0,0.0,0.0,0.0,0.0,0.0,0.0,37.0,203.0,416.0,617.0,774.0,867.0,890.0,844.0,728.0,552.0,342.0,134.0,10.0,0.0,0.0,0.0,0.0
2023-09-12,0.0,0.0,0.0,0.0,0.0,0.0,0.0,37.0,204.0,420.0,621.0,776.0,870.0,894.0,845.0,721.0,530.0,334.0,134.0,9.0,0.0,0.0,0.0,0.0
2023-09-13,0.0,0.0,0.0,0.0,0.0,0.0,0.0,36.0,200.0,419.0,618.0,773.0,867.0,890.0,839.0,721.0,547.0,338.0,129.0,8.0,0.0,0.0,0.0,0.0
2023-09-14,0.0,0.0,0.0,0.0,0.0,0.0,0.0,36.0,195.0,320.0,592.0,760.0,864.0,889.0,840.0,720.0,549.0,332.0,127.0,8.0,0.0,0.0,0.0,0.0
2023-09-15,0.0,0.0,0.0,0.0,0.0,0.0,0.0,35.0,186.0,415.0,610.0,762.0,855.0,877.0,827.0,709.0,541.0,330.0,124.0,7.0,0.0,0.0,0.0,0.0
2023-09-16,0.0,0.0,0.0,0.0,0.0,0.0,0.0,34.0,194.0,411.0,609.0,760.0,851.0,873.0,823.0,705.0,535.0,328.0,122.0,7.0,0.0,0.0,0.0,0.0
2023-09-17,0.0,0.0,0.0,0.0,0.0,0.0,0.0,33.0,198.0,407.0,606.0,759.0,850.0,871.0,821.0,704.0,532.0,325.0,120.0,6.0,0.0,0.0,0.0,0.0
2023-09-18,0.0,0.0,0.0,0.0,0.0,0.0,0.0,33.0,198.0,406.0,600.0,752.0,845.0,866.0,814.0,694.0,523.0,316.0,114.0,5.0,0.0,0.0,0.0,0.0
2023-09-19,0.0,0.0,0.0,0.0,0.0,0.0,0.0,33.0,197.0,409.0,607.0,758.0,840.0,862.0,805.0,692.0,417.0,227.0,87.0,5.0,0.0,0.0,0.0,0.0
2023-09-20,0.0,0.0,0.0,0.0,0.0,0.0,0.0,32.0,193.0,406.0,604.0,759.0,850.0,870.0,818.0,698.0,507.0,312.0,104.0,4.0,0.0,0.0,0.0,0.0
2023-09-21,0.0,0.0,0.0,0.0,0.0,0.0,0.0,32.0,188.0,403.0,610.0,758.0,848.0,876.0,829.0,709.0,530.0,304.0,108.0,4.0,0.0,0.0,0.0,0.0
2023-09-22,0.0,0.0,0.0,0.0,0.0,0.0,0.0,31.0,194.0,414.0,614.0,769.0,859.0,877.0,822.0,703.0,525.0,304.0,103.0,3.0,0.0,0.0,0.0,0.0
2023-09-23,0.0,0.0,0.0,0.0,0.0,0.0,0.0,31.0,198.0,413.0,609.0,760.0,850.0,870.0,817.0,694.0,515.0,304.0,101.0,3.0,0.0,0.0,0.0,0.0
2023-09-24,0.0,0.0,0.0,0.0,0.0,0.0,0.0,31.0,199.0,415.0,612.0,765.0,854.0,871.0,816.0,692.0,514.0,303.0,99.0,2.0,0.0,0.0,0.0,0.0
2023-09-25,0.0,0.0,0.0,0.0,0.0,0.0,0.0,31.0,196.0,411.0,608.0,759.0,848.0,866.0,811.0,686.0,508.0,296.0,95.0,2.0,0.0,0.0,0.0,0.0
2023-09-26,0.0,0.0,0.0,0.0,0.0,0.0,0.0,31.0,198.0,413.0,608.0,758.0,848.0,865.0,808.0,641.0,471.0,277.0,86.0,2.0,0.0,0.0,0.0,0.0
2023-09-27,0.0,0.0,0.0,0.0,0.0,0.0,0.0,30.0,199.0,416.0,615.0,768.0,857.0,875.0,818.0,693.0,511.0,298.0,93.0,1.0,0.0,0.0,0.0,0.0
2023-09-28,0.0,0.0,0.0,0.0,0.0,0.0,0.0,30.0,198.0,417.0,617.0,769.0,858.0,875.0,820.0,696.0,512.0,295.0,90.0,1.0,0.0,0.0,0.0,0.0
2023-09-29,0.0,0.0,0.0,0.0,0.0,0.0,0.0,24.0,154.0,398.0,605.0,757.0,846.0,863.0,805.0,678.0,500.0,285.0,86.0,1.0,0.0,0.0,0.0,0.0
2023-09-30,0.0,0.0,0.0,0.0,0.0,0.0,0.0,29.0,194.0,411.0,608.0,758.0,843.0,859.0,803.0,679.0,492.0,279.0,81.0,1.0,0.0,0.0,0.0,0.0
2023-10-01,0.0,0.0,0.0,0.0,0.0,0.0,0.0,28.0,194.0,410.0,607.0,755.0,836.0,852.0,800.0,676.0,494.0,276.0,80.0,1.0,0.0,0.0,0.0,0.0
2023-10-02,0.0,0.0,0.0,0.0,0.0,0.0,0.0,27.0,190.0,403.0,599.0,748.0,835.0,849.0,793.0,669.0,491.0,277.0,79.0,0.0,0.0,0.0,0.0,0.0
2023-10-03,0.0,0.0,0.0,0.0,0.0,0.0,0.0,27.0,193.0,411.0,610.0,760.0,845.0,858.0,796.0,666.0,486.0,272.0,76.0,0.0,0.0,0.0,0.0,0.0
2023-10-04,0.0,0.0,0.0,0.0,0.0,0.0,0.0,26.0,189.0,405.0,603.0,754.0,841.0,854.0,794.0,669.0,489.0,274.0,74.0,0.0,0.0,0.0,0.0,0.0
2023-10-05,0.0,0.0,0.0,0.0,0.0,0.0,0.0,20.0,138.0,272.0,511.0,713.0,834.0,855.0,794.0,664.0,484.0,271.0,72.0,0.0,0.0,0.0,0.0,0.0
2023-10-06,0.0,0.0,0.0,0.0,0.0,0.0,0.0,26.0,188.0,403.0,602.0,755.0,842.0,855.0,793.0,663.0,478.0,265.0,69.0,0.0,0.0,0.0,0.0,0.0
2023-10-07,0.0,0.0,0.0,0.0,0.0,0.0,0.0,25.0,187.0,400.0,595.0,745.0,827.0,839.0,779.0,651.0,468.0,257.0,65.0,0.0,0.0,0.0,0.0,0.0
2023-10-08,0.0,0.0,0.0,0.0,0.0,0.0,0.0,24.0,182.0,394.0,593.0,745.0,832.0,845.0,785.0,655.0,471.0,258.0,64.0,0.0,0.0,0.0,0.0,0.0
2023-10-09,0.0,0.0,0.0,0.0,0.0,0.0,0.0,24.0,185.0,402.0,599.0,748.0,831.0,843.0,780.0,653.0,473.0,257.0,62.0,0.0,0.0,0.0,0.0,0.0
2023-10-10,0.0,0.0,0.0,0.0,0.0,0.0,0.0,23.0,182.0,396.0,590.0,737.0,821.0,834.0,774.0,646.0,466.0,254.0,60.0,0.0,0.0,0.0,0.0,0.0
2023-10-11,0.0,0.0,0.0,0.0,0.0,0.0,0.0,22.0,179.0,394.0,589.0,737.0,822.0,834.0,773.0,646.0,464.0,251.0,58.0,0.0,0.0,0.0,0.0,0.0
2023-10-12,0.0,0.0,0.0,0.0,0.0,0.0,0.0,22.0,179.0,393.0,589.0,736.0,819.0,831.0,769.0,640.0,458.0,246.0,55.0,0.0,0.0,0.0,0.0,0.0
2023-10-13,0.0,0.0,0.0,0.0,0.0,0.0,0.0,22.0,183.0,400.0,598.0,747.0,833.0,846.0,779.0,644.0,459.0,243.0,53.0,0.0,0.0,0.0,0.0,0.0
2023-10-14,0.0,0.0,0.0,0.0,0.0,0.0,0.0,21.0,172.0,394.0,591.0,738.0,820.0,832.0,772.0,643.0,458.0,242.0,52.0,0.0,0.0,0.0,0.0,0.0
2023-10-15,0.0,0.0,0.0,0.0,0.0,0.0,0.0,18.0,147.0,378.0,582.0,719.0,804.0,820.0,761.0,634.0,454.0,240.0,50.0,0.0,0.0,0.0,0.0,0.0
2023-10-16,0.0,0.0,0.0,0.0,0.0,0.0,0.0,20.0,174.0,389.0,590.0,736.0,820.0,831.0,770.0,640.0,455.0,237.0,48.0,0.0,0.0,0.0,0.0,0.0
2023-10-17,0.0,0.0,0.0,0.0,0.0,0.0,0.0,19.0,172.0,381.0,573.0,719.0,799.0,808.0,747.0,619.0,440.0,228.0,45.0,0.0,0.0,0.0,0.0,0.0
2023-10-18,0.0,0.0,0.0,0.0,0.0,0.0,0.0,19.0,174.0,389.0,582.0,727.0,807.0,815.0,751.0,620.0,440.0,227.0,44.0,0.0,0.0,0.0,0.0,0.0
2023-10-19,0.0,0.0,0.0,0.0,0.0,0.0,0.0,18.0,161.0,376.0,577.0,723.0,804.0,815.0,751.0,617.0,435.0,223.0,42.0,0.0,0.0,0.0,0.0,0.0
2023-10-20,0.0,0.0,0.0,0.0,0.0,0.0,0.0,17.0,166.0,376.0,567.0,710.0,790.0,797.0,731.0,605.0,425.0,216.0,39.0,0.0,0.0,0.0,0.0,0.0
2023-10-21,0.0,0.0,0.0,0.0,0.0,0.0,0.0,17.0,165.0,374.0,564.0,707.0,787.0,796.0,730.0,603.0,424.0,214.0,38.0,0.0,0.0,0.0,0.0,0.0
2023-10-22,0.0,0.0,0.0,0.0,0.0,0.0,0.0,16.0,164.0,374.0,567.0,709.0,787.0,796.0,730.0,609.0,421.0,213.0,37.0,0.0,0.0,0.0,0.0,0.0
2023-10-23,0.0,0.0,0.0,0.0,0.0,0.0,0.0,16.0,161.0,369.0,562.0,707.0,787.0,795.0,730.0,602.0,423.0,209.0,35.0,0.0,0.0,0.0,0.0,0.0
2023-10-24,0.0,0.0,0.0,0.0,0.0,0.0,0.0,15.0,160.0,368.0,559.0,703.0,781.0,787.0,717.0,583.0,411.0,198.0,34.0,0.0,0.0,0.0,0.0,0.0
2023-10-25,0.0,0.0,0.0,0.0,0.0,0.0,0.0,14.0,156.0,362.0,543.0,687.0,763.0,748.0,639.0,460.0,320.0,188.0,29.0,0.0,0.0,0.0,0.0,0.0
2023-10-26,0.0,0.0,0.0,0.0,0.0,0.0,0.0,12.0,120.0,282.0,485.0,616.0,701.0,613.0,547.0,360.0,251.0,68.0,18.0,0.0,0.0,0.0,0.0,0.0
2023-10-27,0.0,0.0,0.0,0.0,0.0,0.0,0.0,12.0,130.0,349.0,531.0,665.0,746.0,763.0,704.0,577.0,396.0,192.0,30.0,0.0,0.0,0.0,0.0,0.0
2023-10-28,0.0,0.0,0.0,0.0,0.0,0.0,0.0,12.0,142.0,334.0,520.0,669.0,754.0,766.0,702.0,555.0,382.0,185.0,25.0,0.0,0.0,0.0,0.0,0.0
2023-10-29,0.0,0.0,0.0,0.0,0.0,0.0,0.0,12.0,147.0,349.0,535.0,676.0,753.0,761.0,672.0,554.0,373.0,171.0,26.0,0.0,0.0,0.0,0.0,0.0
2023-10-30,0.0,0.0,0.0,0.0,0.0,0.0,0.0,12.0,146.0,347.0,526.0,674.0,753.0,756.0,686.0,559.0,382.0,184.0,26.0,0.0,0.0,0.0,0.0,0.0
2023-10-31,0.0,0.0,0.0,0.0,0.0,0.0,0.0,11.0,144.0,342.0,518.0,674.0,753.0,765.0,703.0,572.0,392.0,182.0,25.0,0.0,0.0,0.0,0.0,0.0
2023-11-01,0.0,0.0,0.0,0.0,0.0,0.0,0.0,10.0,142.0,344.0,531.0,671.0,748.0,755.0,684.0,552.0,343.0,157.0,22.0,0.0,0.0,0.0,0.0,0.0
2023-11-02,0.0,0.0,0.0,0.0,0.0,0.0,0.0,10.0,142.0,346.0,534.0,674.0,753.0,760.0,696.0,567.0,384.0,182.0,24.0,0.0,0.0,0.0,0.0,0.0
2023-11-03,0.0,0.0,0.0,0.0,0.0,0.0,0.0,10.0,140.0,341.0,527.0,669.0,747.0,757.0,688.0,523.0,378.0,169.0,20.0,0.0,0.0,0.0,0.0,0.0
2023-11-04,0.0,0.0,0.0,0.0,0.0,0.0,0.0,9.0,135.0,332.0,511.0,612.0,672.0,700.0,670.0,556.0,378.0,171.0,21.0,0.0,0.0,0.0,0.0,0.0
2023-11-05,0.0,0.0,0.0,0.0,0.0,0.0,0.0,8.0,124.0,303.0,488.0,620.0,692.0,721.0,630.0,529.0,358.0,166.0,21.0,0.0,0.0,0.0,0.0,0.0
2023-11-06,0.0,0.0,0.0,0.0,0.0,0.0,0.0,8.0,131.0,321.0,489.0,593.0,672.0,643.0,620.0,500.0,348.0,171.0,20.0,0.0,0.0,0.0,0.0,0.0
2023-11-07,0.0,0.0,0.0,0.0,0.0,0.0,0.0,7.0,123.0,291.0,461.0,631.0,730.0,744.0,677.0,543.0,359.0,153.0,17.0,0.0,0.0,0.0,0.0,0.0
2023-11-08,0.0,0.0,0.0,0.0,0.0,0.0,0.0,7.0,119.0,295.0,464.0,560.0,679.0,683.0,628.0,509.0,347.0,159.0,19.0,0.0,0.0,0.0,0.0,0.0
2023-11-09,0.0,0.0,0.0,0.0,0.0,0.0,0.0,7.0,126.0,325.0,501.0,645.0,724.0,678.0,631.0,520.0,309.0,152.0,17.0,0.0,0.0,0.0,0.0,0.0
2023-11-10,0.0,0.0,0.0,0.0,0.0,0.0,0.0,6.0,124.0,321.0,505.0,643.0,720.0,727.0,655.0,532.0,358.0,158.0,17.0,0.0,0.0,0.0,0.0,0.0
2023-11-11,0.0,0.0,0.0,0.0,0.0,0.0,0.0,6.0,125.0,301.0,508.0,649.0,728.0,736.0,666.0,536.0,341.0,168.0,17.0,0.0,0.0,0.0,0.0,0.0
2023-11-12,0.0,0.0,0.0,0.0,0.0,0.0,0.0,3.0,77.0,330.0,495.0,613.0,674.0,728.0,673.0,540.0,353.0,158.0,15.0,0.0,0.0,0.0,0.0,0.0
2023-11-13,0.0,0.0,0.0,0.0,0.0,0.0,0.0,5.0,126.0,332.0,524.0,667.0,737.0,727.0,689.0,557.0,374.0,155.0,16.0,0.0,0.0,0.0,0.0,0.0
2023-11-14,0.0,0.0,0.0,0.0,0.0,0.0,0.0,4.0,91.0,306.0,496.0,641.0,719.0,727.0,666.0,539.0,360.0,157.0,14.0,0.0,0.0,0.0,0.0,0.0
2023-11-15,0.0,0.0,0.0,0.0,0.0,0.0,0.0,4.0,104.0,288.0,455.0,577.0,648.0,650.0,612.0,454.0,256.0,135.0,13.0,0.0,0.0,0.0,0.0,0.0
2023-11-16,0.0,0.0,0.0,0.0,0.0,0.0,0.0,3.0,89.0,239.0,359.0,499.0,485.0,557.0,609.0,401.0,335.0,127.0,12.0,0.0,0.0,0.0,0.0,0.0
2023-11-17,0.0,0.0,0.0,0.0,0.0,0.0,0.0,0.0,17.0,65.0,216.0,333.0,638.0,694.0,639.0,518.0,347.0,152.0,14.0,0.0,0.0,0.0,0.0,0.0
2023-11-18,0.0,0.0,0.0,0.0,0.0,0.0,0.0,3.0,90.0,273.0,454.0,576.0,634.0,681.0,619.0,506.0,346.0,150.0,14.0,0.0,0.0,0.0,0.0,0.0
2023-11-19,0.0,0.0,0.0,0.0,0.0,0.0,0.0,3.0,104.0,301.0,485.0,623.0,700.0,709.0,648.0,520.0,347.0,148.0,14.0,0.0,0.0,0.0,0.0,0.0
2023-11-20,0.0,0.0,0.0,0.0,0.0,0.0,0.0,3.0,104.0,296.0,479.0,615.0,692.0,687.0,619.0,475.0,336.0,127.0,13.0,0.0,0.0,0.0,0.0,0.0
2023-11-21,0.0,0.0,0.0,0.0,0.0,0.0,0.0,2.0,97.0,282.0,450.0,571.0,664.0,684.0,628.0,507.0,338.0,146.0,13.0,0.0,0.0,0.0,0.0,0.0
2023-11-22,0.0,0.0,0.0,0.0,0.0,0.0,0.0,2.0,97.0,279.0,453.0,576.0,654.0,666.0,625.0,497.0,330.0,144.0,13.0,0.0,0.0,0.0,0.0,0.0
2023-11-23,0.0,0.0,0.0,0.0,0.0,0.0,0.0,2.0,91.0,261.0,432.0,573.0,667.0,685.0,634.0,516.0,339.0,137.0,13.0,0.0,0.0,0.0,0.0,0.0
2023-11-24,0.0,0.0,0.0,0.0,0.0,0.0,0.0,2.0,83.0,256.0,456.0,591.0,657.0,668.0,602.0,493.0,320.0,113.0,11.0,0.0,0.0,0.0,0.0,0.0
2023-11-25,0.0,0.0,0.0,0.0,0.0,0.0,0.0,1.0,84.0,247.0,379.0,499.0,638.0,589.0,597.0,484.0,313.0,139.0,12.0,0.0,0.0,0.0,0.0,0.0
2023-11-26,0.0,0.0,0.0,0.0,0.0,0.0,0.0,1.0,90.0,278.0,462.0,603.0,683.0,694.0,635.0,512.0,341.0,148.0,13.0,0.0,0.0,0.0,0.0,0.0
2023-11-27,0.0,0.0,0.0,0.0,0.0,0.0,0.0,1.0,88.0,273.0,454.0,591.0,668.0,679.0,621.0,502.0,334.0,145.0,12.0,0.0,0.0,0.0,0.0,0.0
2023-11-28,0.0,0.0,0.0,0.0,0.0,0.0,0.0,1.0,85.0,269.0,448.0,584.0,661.0,675.0,618.0,499.0,332.0,142.0,12.0,0.0,0.0,0.0,0.0,0.0
2023-11-29,0.0,0.0,0.0,0.0,0.0,0.0,0.0,1.0,80.0,265.0,448.0,587.0,667.0,680.0,626.0,508.0,339.0,145.0,12.0,0.0,0.0,0.0,0.0,0.0
2023-11-30,0.0,0.0,0.0,0.0,0.0,0.0,0.0,1.0,71.0,241.0,413.0,551.0,643.0,644.0,587.0,488.0,335.0,144.0,12.0,0.0,0.0,0.0,0.0,0.0
2023-12-01,0.0,0.0,0.0,0.0,0.0,0.0,0.0,1.0,80.0,262.0,443.0,582.0,664.0,680.0,626.0,509.0,338.0,145.0,12.0,0.0,0.0,0.0,0.0,0.0
2023-12-02,0.0,0.0,0.0,0.0,0.0,0.0,0.0,0.0,79.0,260.0,443.0,584.0,664.0,678.0,617.0,496.0,332.0,146.0,13.0,0.0,0.0,0.0,0.0,0.0
2023-12-03,0.0,0.0,0.0,0.0,0.0,0.0,0.0,0.0,72.0,241.0,439.0,581.0,662.0,675.0,616.0,487.0,328.0,143.0,12.0,0.0,0.0,0.0,0.0,0.0
2023-12-04,0.0,0.0,0.0,0.0,0.0,0.0,0.0,0.0,73.0,250.0,433.0,574.0,656.0,669.0,616.0,498.0,329.0,145.0,12.0,0.0,0.0,0.0,0.0,0.0
2023-12-05,0.0,0.0,0.0,0.0,0.0,0.0,0.0,0.0,72.0,251.0,430.0,569.0,653.0,669.0,617.0,502.0,336.0,143.0,12.0,0.0,0.0,0.0,0.0,0.0
2023-12-06,0.0,0.0,0.0,0.0,0.0,0.0,0.0,0.0,71.0,252.0,434.0,575.0,658.0,674.0,622.0,506.0,339.0,150.0,13.0,0.0,0.0,0.0,0.0,0.0
2023-12-07,0.0,0.0,0.0,0.0,0.0,0.0,0.0,0.0,70.0,251.0,432.0,574.0,655.0,670.0,619.0,504.0,338.0,149.0,13.0,0.0,0.0,0.0,0.0,0.0
2023-12-08,0.0,0.0,0.0,0.0,0.0,0.0,0.0,0.0,66.0,243.0,427.0,530.0,619.0,643.0,593.0,486.0,334.0,149.0,13.0,0.0,0.0,0.0,0.0,0.0
2023-12-09,0.0,0.0,0.0,0.0,0.0,0.0,0.0,0.0,65.0,229.0,427.0,573.0,658.0,676.0,624.0,507.0,338.0,148.0,14.0,0.0,0.0,0.0,0.0,0.0
2023-12-10,0.0,0.0,0.0,0.0,0.0,0.0,0.0,0.0,65.0,244.0,426.0,569.0,656.0,673.0,621.0,506.0,341.0,151.0,14.0,0.0,0.0,0.0,0.0,0.0
2023-12-11,0.0,0.0,0.0,0.0,0.0,0.0,0.0,0.0,63.0,238.0,420.0,563.0,650.0,661.0,595.0,486.0,337.0,149.0,14.0,0.0,0.0,0.0,0.0,0.0
2023-12-12,0.0,0.0,0.0,0.0,0.0,0.0,0.0,0.0,42.0,180.0,346.0,510.0,633.0,661.0,614.0,497.0,336.0,152.0,15.0,0.0,0.0,0.0,0.0,0.0
2023-12-13,0.0,0.0,0.0,0.0,0.0,0.0,0.0,0.0,47.0,208.0,414.0,572.0,656.0,676.0,627.0,512.0,346.0,151.0,15.0,0.0,0.0,0.0,0.0,0.0
2023-12-14,0.0,0.0,0.0,0.0,0.0,0.0,0.0,0.0,59.0,233.0,422.0,567.0,654.0,663.0,591.0,490.0,333.0,142.0,15.0,0.0,0.0,0.0,0.0,0.0
2023-12-15,0.0,0.0,0.0,0.0,0.0,0.0,0.0,0.0,52.0,180.0,319.0,474.0,614.0,426.0,316.0,420.0,287.0,119.0,11.0,0.0,0.0,0.0,0.0,0.0
2023-12-16,0.0,0.0,0.0,0.0,0.0,0.0,0.0,0.0,53.0,220.0,403.0,539.0,621.0,645.0,590.0,500.0,340.0,153.0,16.0,0.0,0.0,0.0,0.0,0.0
2023-12-17,0.0,0.0,0.0,0.0,0.0,0.0,0.0,0.0,55.0,230.0,413.0,560.0,650.0,673.0,629.0,519.0,353.0,158.0,17.0,0.0,0.0,0.0,0.0,0.0
2023-12-18,0.0,0.0,0.0,0.0,0.0,0.0,0.0,0.0,56.0,234.0,421.0,568.0,657.0,680.0,633.0,519.0,352.0,161.0,17.0,0.0,0.0,0.0,0.0,0.0
2023-12-19,0.0,0.0,0.0,0.0,0.0,0.0,0.0,0.0,40.0,161.0,356.0,529.0,620.0,670.0,620.0,500.0,325.0,158.0,17.0,0.0,0.0,0.0,0.0,0.0
2023-12-20,0.0,0.0,0.0,0.0,0.0,0.0,0.0,0.0,47.0,205.0,367.0,517.0,628.0,666.0,622.0,510.0,344.0,157.0,17.0,0.0,0.0,0.0,0.0,0.0
2023-12-21,0.0,0.0,0.0,0.0,0.0,0.0,0.0,0.0,47.0,201.0,294.0,487.0,549.0,554.0,522.0,471.0,327.0,151.0,17.0,0.0,0.0,0.0,0.0,0.0
2023-12-22,0.0,0.0,0.0,0.0,0.0,0.0,0.0,0.0,45.0,204.0,376.0,526.0,606.0,632.0,565.0,312.0,224.0,142.0,18.0,0.0,0.0,0.0,0.0,0.0
2023-12-23,0.0,0.0,0.0,0.0,0.0,0.0,0.0,0.0,44.0,202.0,400.0,549.0,642.0,667.0,624.0,515.0,353.0,162.0,19.0,0.0,0.0,0.0,0.0,0.0
2023-12-24,0.0,0.0,0.0,0.0,0.0,0.0,0.0,0.0,41.0,182.0,376.0,528.0,613.0,645.0,600.0,489.0,334.0,152.0,19.0,0.0,0.0,0.0,0.0,0.0
2023-12-25,0.0,0.0,0.0,0.0,0.0,0.0,0.0,0.0,43.0,203.0,381.0,530.0,624.0,651.0,608.0,502.0,346.0,161.0,20.0,0.0,0.0,0.0,0.0,0.0
2023-12-26,0.0,0.0,0.0,0.0,0.0,0.0,0.0,0.0,43.0,207.0,388.0,534.0,625.0,652.0,612.0,507.0,349.0,164.0,21.0,0.0,0.0,0.0,0.0,0.0
2023-12-27,0.0,0.0,0.0,0.0,0.0,0.0,0.0,0.0,43.0,207.0,388.0,534.0,626.0,652.0,612.0,508.0,352.0,167.0,22.0,0.0,0.0,0.0,0.0,0.0
2023-12-28,0.0,0.0,0.0,0.0,0.0,0.0,0.0,0.0,43.0,212.0,397.0,547.0,640.0,665.0,622.0,515.0,356.0,173.0,23.0,0.0,0.0,0.0,0.0,0.0
2023-12-29,0.0,0.0,0.0,0.0,0.0,0.0,0.0,0.0,35.0,165.0,288.0,463.0,587.0,645.0,612.0,510.0,354.0,168.0,23.0,0.0,0.0,0.0,0.0,0.0
2023-12-30,0.0,0.0,0.0,0.0,0.0,0.0,0.0,0.0,40.0,189.0,381.0,530.0,625.0,653.0,613.0,510.0,356.0,171.0,24.0,0.0,0.0,0.0,0.0,0.0
2023-12-31,0.0,0.0,0.0,0.0,0.0,0.0,0.0,0.0,24.0,106.0,216.0,377.0,566.0,568.0,396.0,487.0,309.0,70.0,10.0,0.0,0.0,0.0,0.0,0.0
