"# hourly global horizontal irradiance (W/m2), Seoul, South Korea (37.57N 126.98E), 2023"
"# source: Open-Meteo ERA5 archive (open-meteo.com), CC-BY 4.0; local time Asia/Seoul"
date,h0,h1,h2,h3,h4,h5,h6,h7,h8,h9,h10,h11,h12,h13,h14,h15,h16,h17,h18,h19,h20,h21,h22,h23
2023-01-01,0.0,0.0,0.0,0.0,0.0,0.0,0.0,0.0,1.0,72.0,223.0,360.0,453.0,488.0,463.0,380.0,250.0,97.0,4.0,0.0,0.0,0.0,0.0,0.0
2023-01-02,0.0,0.0,0.0,0.0,0.0,0.0,0.0,0.0,1.0,74.0,228.0,369.0,463.0,501.0,475.0,391.0,258.0,103.0,5.0,0.0,0.0,0.0,0.0,0.0
2023-01-03,0.0,0.0,0.0,0.0,0.0,0.0,0.0,0.0,1.0,75.0,230.0,371.0,466.0,505.0,480.0,396.0,263.0,105.0,5.0,0.0,0.0,0.0,0.0,0.0
2023-01-04,0.0,0.0,0.0,0.0,0.0,0.0,0.0,0.0,1.0,72.0,219.0,356.0,450.0,488.0,464.0,383.0,255.0,103.0,5.0,0.0,0.0,0.0,0.0,0.0
2023-01-05,0.0,0.0,0.0,0.0,0.0,0.0,0.0,0.0,1.0,72.0,189.0,260.0,345.0,426.0,426.0,388.0,256.0,105.0,6.0,0.0,0.0,0.0,0.0,0.0
2023-01-06,0.0,0.0,0.0,0.0,0.0,0.0,0.0,0.0,1.0,71.0,216.0,351.0,418.0,462.0,392.0,354.0,251.0,96.0,6.0,0.0,0.0,0.0,0.0,0.0
2023-01-07,0.0,0.0,0.0,0.0,0.0,0.0,0.0,0.0,0.0,16.0,98.0,323.0,382.0,378.0,364.0,358.0,256.0,110.0,7.0,0.0,0.0,0.0,0.0,0.0
2023-01-08,0.0,0.0,0.0,0.0,0.0,0.0,0.0,0.0,1.0,72.0,221.0,357.0,454.0,494.0,472.0,389.0,265.0,103.0,5.0,0.0,0.0,0.0,0.0,0.0
2023-01-09,0.0,0.0,0.0,0.0,0.0,0.0,0.0,0.0,0.0,22.0,218.0,358.0,453.0,499.0,479.0,401.0,274.0,118.0,9.0,0.0,0.0,0.0,0.0,0.0
2023-01-10,0.0,0.0,0.0,0.0,0.0,0.0,0.0,0.0,1.0,75.0,230.0,373.0,471.0,513.0,492.0,411.0,281.0,123.0,10.0,0.0,0.0,0.0,0.0,0.0
2023-01-11,0.0,0.0,0.0,0.0,0.0,0.0,0.0,0.0,1.0,74.0,226.0,367.0,465.0,506.0,486.0,406.0,277.0,122.0,10.0,0.0,0.0,0.0,0.0,0.0
2023-01-12,0.0,0.0,0.0,0.0,0.0,0.0,0.0,0.0,1.0,73.0,223.0,362.0,455.0,494.0,475.0,399.0,273.0,122.0,11.0,0.0,0.0,0.0,0.0,0.0
2023-01-13,0.0,0.0,0.0,0.0,0.0,0.0,0.0,0.0,0.0,8.0,36.0,89.0,92.0,148.0,100.0,75.0,58.0,17.0,2.0,0.0,0.0,0.0,0.0,0.0
2023-01-14,0.0,0.0,0.0,0.0,0.0,0.0,0.0,0.0,0.0,11.0,52.0,63.0,71.0,66.0,43.0,41.0,36.0,13.0,2.0,0.0,0.0,0.0,0.0,0.0
2023-01-15,0.0,0.0,0.0,0.0,0.0,0.0,0.0,0.0,0.0,10.0,21.0,72.0,103.0,111.0,191.0,179.0,102.0,47.0,5.0,0.0,0.0,0.0,0.0,0.0
2023-01-16,0.0,0.0,0.0,0.0,0.0,0.0,0.0,0.0,1.0,84.0,246.0,396.0,500.0,545.0,525.0,443.0,309.0,144.0,16.0,0.0,0.0,0.0,0.0,0.0
2023-01-17,0.0,0.0,0.0,0.0,0.0,0.0,0.0,0.0,1.0,54.0,187.0,249.0,278.0,262.0,248.0,205.0,141.0,55.0,5.0,0.0,0.0,0.0,0.0,0.0
2023-01-18,0.0,0.0,0.0,0.0,0.0,0.0,0.0,0.0,1.0,82.0,245.0,395.0,499.0,545.0,527.0,448.0,316.0,151.0,18.0,0.0,0.0,0.0,0.0,0.0
2023-01-19,0.0,0.0,0.0,0.0,0.0,0.0,0.0,0.0,1.0,71.0,187.0,297.0,381.0,463.0,388.0,342.0,126.0,36.0,8.0,0.0,0.0,0.0,0.0,0.0
2023-01-20,0.0,0.0,0.0,0.0,0.0,0.0,0.0,0.0,1.0,88.0,254.0,410.0,519.0,565.0,546.0,465.0,330.0,161.0,21.0,0.0,0.0,0.0,0.0,0.0
2023-01-21,0.0,0.0,0.0,0.0,0.0,0.0,0.0,0.0,2.0,89.0,258.0,409.0,512.0,555.0,534.0,453.0,321.0,157.0,21.0,0.0,0.0,0.0,0.0,0.0
2023-01-22,0.0,0.0,0.0,0.0,0.0,0.0,0.0,0.0,1.0,41.0,123.0,184.0,281.0,278.0,351.0,331.0,258.0,131.0,20.0,0.0,0.0,0.0,0.0,0.0
2023-01-23,0.0,0.0,0.0,0.0,0.0,0.0,0.0,0.0,1.0,89.0,194.0,372.0,502.0,550.0,505.0,419.0,267.0,122.0,18.0,0.0,0.0,0.0,0.0,0.0
2023-01-24,0.0,0.0,0.0,0.0,0.0,0.0,0.0,0.0,2.0,98.0,270.0,427.0,536.0,584.0,568.0,486.0,348.0,177.0,27.0,0.0,0.0,0.0,0.0,0.0
2023-01-25,0.0,0.0,0.0,0.0,0.0,0.0,0.0,0.0,2.0,98.0,269.0,425.0,534.0,581.0,563.0,481.0,348.0,178.0,29.0,0.0,0.0,0.0,0.0,0.0
2023-01-26,0.0,0.0,0.0,0.0,0.0,0.0,0.0,0.0,1.0,25.0,56.0,153.0,179.0,230.0,277.0,305.0,247.0,121.0,16.0,0.0,0.0,0.0,0.0,0.0
2023-01-27,0.0,0.0,0.0,0.0,0.0,0.0,0.0,0.0,3.0,103.0,278.0,432.0,541.0,591.0,575.0,494.0,358.0,186.0,32.0,0.0,0.0,0.0,0.0,0.0
2023-01-28,0.0,0.0,0.0,0.0,0.0,0.0,0.0,0.0,3.0,89.0,264.0,171.0,516.0,566.0,558.0,485.0,336.0,148.0,31.0,0.0,0.0,0.0,0.0,0.0
2023-01-29,0.0,0.0,0.0,0.0,0.0,0.0,0.0,0.0,3.0,97.0,99.0,204.0,496.0,505.0,479.0,302.0,237.0,131.0,34.0,0.0,0.0,0.0,0.0,0.0
2023-01-30,0.0,0.0,0.0,0.0,0.0,0.0,0.0,0.0,4.0,104.0,275.0,431.0,540.0,589.0,573.0,491.0,356.0,188.0,36.0,0.0,0.0,0.0,0.0,0.0
2023-01-31,0.0,0.0,0.0,0.0,0.0,0.0,0.0,0.0,4.0,103.0,271.0,420.0,524.0,559.0,523.0,447.0,323.0,182.0,34.0,0.0,0.0,0.0,0.0,0.0
2023-02-01,0.0,0.0,0.0,0.0,0.0,0.0,0.0,0.0,3.0,92.0,212.0,412.0,528.0,580.0,567.0,491.0,363.0,197.0,41.0,0.0,0.0,0.0,0.0,0.0
2023-02-02,0.0,0.0,0.0,0.0,0.0,0.0,0.0,0.0,4.0,77.0,207.0,325.0,417.0,463.0,463.0,411.0,325.0,147.0,32.0,0.0,0.0,0.0,0.0,0.0
2023-02-03,0.0,0.0,0.0,0.0,0.0,0.0,0.0,0.0,4.0,67.0,199.0,275.0,406.0,575.0,557.0,477.0,375.0,206.0,45.0,0.0,0.0,0.0,0.0,0.0
2023-02-04,0.0,0.0,0.0,0.0,0.0,0.0,0.0,0.0,6.0,110.0,271.0,433.0,543.0,595.0,583.0,510.0,376.0,207.0,47.0,0.0,0.0,0.0,0.0,0.0
2023-02-05,0.0,0.0,0.0,0.0,0.0,0.0,0.0,0.0,6.0,112.0,196.0,398.0,528.0,576.0,548.0,477.0,345.0,199.0,47.0,0.0,0.0,0.0,0.0,0.0
2023-02-06,0.0,0.0,0.0,0.0,0.0,0.0,0.0,0.0,7.0,112.0,190.0,343.0,495.0,516.0,428.0,369.0,279.0,154.0,34.0,0.0,0.0,0.0,0.0,0.0
2023-02-07,0.0,0.0,0.0,0.0,0.0,0.0,0.0,0.0,7.0,115.0,209.0,352.0,379.0,369.0,451.0,418.0,354.0,197.0,52.0,0.0,0.0,0.0,0.0,0.0
2023-02-08,0.0,0.0,0.0,0.0,0.0,0.0,0.0,0.0,8.0,125.0,294.0,452.0,564.0,617.0,605.0,528.0,395.0,224.0,58.0,0.0,0.0,0.0,0.0,0.0
2023-02-09,0.0,0.0,0.0,0.0,0.0,0.0,0.0,0.0,9.0,112.0,298.0,442.0,480.0,455.0,545.0,348.0,259.0,139.0,28.0,0.0,0.0,0.0,0.0,0.0
2023-02-10,0.0,0.0,0.0,0.0,0.0,0.0,0.0,0.0,4.0,57.0,182.0,321.0,416.0,249.0,288.0,315.0,298.0,187.0,57.0,0.0,0.0,0.0,0.0,0.0
2023-02-11,0.0,0.0,0.0,0.0,0.0,0.0,0.0,0.0,10.0,112.0,228.0,319.0,409.0,397.0,432.0,315.0,226.0,187.0,63.0,0.0,0.0,0.0,0.0,0.0
2023-02-12,0.0,0.0,0.0,0.0,0.0,0.0,0.0,0.0,12.0,130.0,257.0,349.0,424.0,315.0,425.0,384.0,194.0,75.0,11.0,0.0,0.0,0.0,0.0,0.0
2023-02-13,0.0,0.0,0.0,0.0,0.0,0.0,0.0,0.0,10.0,102.0,181.0,266.0,359.0,319.0,261.0,224.0,162.0,102.0,29.0,0.0,0.0,0.0,0.0,0.0
2023-02-14,0.0,0.0,0.0,0.0,0.0,0.0,0.0,0.0,15.0,149.0,330.0,493.0,602.0,622.0,585.0,412.0,359.0,181.0,54.0,0.0,0.0,0.0,0.0,0.0
2023-02-15,0.0,0.0,0.0,0.0,0.0,0.0,0.0,0.0,13.0,128.0,310.0,471.0,574.0,608.0,518.0,434.0,340.0,213.0,63.0,0.0,0.0,0.0,0.0,0.0
2023-02-16,0.0,0.0,0.0,0.0,0.0,0.0,0.0,0.0,8.0,74.0,281.0,467.0,513.0,353.0,287.0,337.0,274.0,202.0,68.0,1.0,0.0,0.0,0.0,0.0
2023-02-17,0.0,0.0,0.0,0.0,0.0,0.0,0.0,0.0,14.0,135.0,323.0,477.0,589.0,640.0,624.0,507.0,335.0,146.0,44.0,0.0,0.0,0.0,0.0,0.0
2023-02-18,0.0,0.0,0.0,0.0,0.0,0.0,0.0,0.0,6.0,39.0,84.0,185.0,140.0,137.0,175.0,205.0,109.0,49.0,16.0,0.0,0.0,0.0,0.0,0.0
2023-02-19,0.0,0.0,0.0,0.0,0.0,0.0,0.0,0.0,6.0,53.0,90.0,314.0,581.0,677.0,658.0,579.0,445.0,269.0,88.0,1.0,0.0,0.0,0.0,0.0
2023-02-20,0.0,0.0,0.0,0.0,0.0,0.0,0.0,0.0,23.0,165.0,357.0,525.0,639.0,689.0,672.0,591.0,452.0,274.0,91.0,2.0,0.0,0.0,0.0,0.0
2023-02-21,0.0,0.0,0.0,0.0,0.0,0.0,0.0,0.0,25.0,177.0,365.0,528.0,639.0,690.0,674.0,592.0,454.0,275.0,93.0,2.0,0.0,0.0,0.0,0.0
2023-02-22,0.0,0.0,0.0,0.0,0.0,0.0,0.0,0.0,26.0,176.0,340.0,494.0,610.0,674.0,670.0,590.0,430.0,261.0,88.0,2.0,0.0,0.0,0.0,0.0
2023-02-23,0.0,0.0,0.0,0.0,0.0,0.0,0.0,0.0,27.0,174.0,357.0,513.0,622.0,669.0,644.0,569.0,443.0,259.0,92.0,3.0,0.0,0.0,0.0,0.0
2023-02-24,0.0,0.0,0.0,0.0,0.0,0.0,0.0,0.0,21.0,154.0,322.0,508.0,629.0,684.0,671.0,596.0,463.0,284.0,101.0,3.0,0.0,0.0,0.0,0.0
2023-02-25,0.0,0.0,0.0,0.0,0.0,0.0,0.0,0.0,33.0,192.0,377.0,540.0,653.0,705.0,691.0,610.0,472.0,292.0,106.0,4.0,0.0,0.0,0.0,0.0
2023-02-26,0.0,0.0,0.0,0.0,0.0,0.0,0.0,0.0,35.0,195.0,384.0,547.0,659.0,709.0,691.0,608.0,469.0,291.0,106.0,4.0,0.0,0.0,0.0,0.0
2023-02-27,0.0,0.0,0.0,0.0,0.0,0.0,0.0,0.0,37.0,198.0,387.0,549.0,662.0,713.0,697.0,615.0,476.0,298.0,111.0,5.0,0.0,0.0,0.0,0.0
2023-02-28,0.0,0.0,0.0,0.0,0.0,0.0,0.0,0.0,38.0,196.0,382.0,544.0,525.0,502.0,508.0,446.0,349.0,191.0,56.0,2.0,0.0,0.0,0.0,0.0
2023-03-01,0.0,0.0,0.0,0.0,0.0,0.0,0.0,0.0,29.0,88.0,190.0,174.0,401.0,333.0,321.0,409.0,395.0,302.0,116.0,6.0,0.0,0.0,0.0,0.0
2023-03-02,0.0,0.0,0.0,0.0,0.0,0.0,0.0,0.0,46.0,219.0,412.0,574.0,686.0,735.0,717.0,632.0,490.0,306.0,117.0,6.0,0.0,0.0,0.0,0.0
2023-03-03,0.0,0.0,0.0,0.0,0.0,0.0,0.0,0.0,45.0,209.0,395.0,553.0,660.0,706.0,646.0,573.0,451.0,287.0,113.0,6.0,0.0,0.0,0.0,0.0
2023-03-04,0.0,0.0,0.0,0.0,0.0,0.0,0.0,0.0,40.0,191.0,391.0,542.0,648.0,706.0,678.0,587.0,451.0,280.0,112.0,7.0,0.0,0.0,0.0,0.0
2023-03-05,0.0,0.0,0.0,0.0,0.0,0.0,0.0,0.0,51.0,220.0,407.0,563.0,673.0,721.0,705.0,623.0,486.0,311.0,125.0,8.0,0.0,0.0,0.0,0.0
2023-03-06,0.0,0.0,0.0,0.0,0.0,0.0,0.0,0.0,56.0,232.0,423.0,585.0,695.0,741.0,720.0,637.0,497.0,316.0,127.0,9.0,0.0,0.0,0.0,0.0
2023-03-07,0.0,0.0,0.0,0.0,0.0,0.0,0.0,0.0,54.0,218.0,400.0,553.0,659.0,704.0,695.0,621.0,487.0,312.0,127.0,9.0,0.0,0.0,0.0,0.0
2023-03-08,0.0,0.0,0.0,0.0,0.0,0.0,0.0,0.0,34.0,110.0,341.0,268.0,370.0,517.0,343.0,344.0,260.0,101.0,73.0,9.0,0.0,0.0,0.0,0.0
2023-03-09,0.0,0.0,0.0,0.0,0.0,0.0,0.0,0.0,20.0,55.0,122.0,212.0,309.0,463.0,578.0,566.0,461.0,303.0,126.0,10.0,0.0,0.0,0.0,0.0
2023-03-10,0.0,0.0,0.0,0.0,0.0,0.0,0.0,0.0,44.0,208.0,383.0,584.0,686.0,729.0,710.0,628.0,489.0,314.0,131.0,11.0,0.0,0.0,0.0,0.0
2023-03-11,0.0,0.0,0.0,0.0,0.0,0.0,0.0,0.0,54.0,172.0,420.0,572.0,685.0,726.0,681.0,597.0,396.0,208.0,88.0,8.0,0.0,0.0,0.0,0.0
2023-03-12,0.0,0.0,0.0,0.0,0.0,0.0,0.0,0.0,9.0,28.0,45.0,30.0,60.0,75.0,115.0,93.0,229.0,280.0,134.0,13.0,0.0,0.0,0.0,0.0
2023-03-13,0.0,0.0,0.0,0.0,0.0,0.0,0.0,1.0,83.0,271.0,464.0,626.0,734.0,774.0,751.0,655.0,521.0,333.0,144.0,13.0,0.0,0.0,0.0,0.0
2023-03-14,0.0,0.0,0.0,0.0,0.0,0.0,0.0,1.0,67.0,235.0,326.0,272.0,378.0,332.0,353.0,351.0,412.0,330.0,146.0,16.0,0.0,0.0,0.0,0.0
2023-03-15,0.0,0.0,0.0,0.0,0.0,0.0,0.0,1.0,54.0,132.0,389.0,461.0,351.0,440.0,326.0,270.0,175.0,149.0,56.0,7.0,0.0,0.0,0.0,0.0
2023-03-16,0.0,0.0,0.0,0.0,0.0,0.0,0.0,2.0,82.0,275.0,470.0,594.0,723.0,776.0,739.0,645.0,437.0,238.0,93.0,12.0,0.0,0.0,0.0,0.0
2023-03-17,0.0,0.0,0.0,0.0,0.0,0.0,0.0,2.0,71.0,213.0,308.0,499.0,577.0,634.0,497.0,293.0,233.0,141.0,52.0,8.0,0.0,0.0,0.0,0.0
2023-03-18,0.0,0.0,0.0,0.0,0.0,0.0,0.0,3.0,93.0,278.0,445.0,586.0,529.0,683.0,744.0,681.0,533.0,350.0,158.0,19.0,0.0,0.0,0.0,0.0
2023-03-19,0.0,0.0,0.0,0.0,0.0,0.0,0.0,4.0,104.0,295.0,484.0,641.0,749.0,793.0,769.0,671.0,517.0,362.0,165.0,21.0,0.0,0.0,0.0,0.0
2023-03-20,0.0,0.0,0.0,0.0,0.0,0.0,0.0,4.0,93.0,255.0,470.0,640.0,672.0,801.0,691.0,525.0,500.0,334.0,161.0,21.0,0.0,0.0,0.0,0.0
2023-03-21,0.0,0.0,0.0,0.0,0.0,0.0,0.0,5.0,111.0,303.0,493.0,651.0,758.0,801.0,778.0,690.0,547.0,364.0,168.0,23.0,0.0,0.0,0.0,0.0
2023-03-22,0.0,0.0,0.0,0.0,0.0,0.0,0.0,5.0,47.0,218.0,302.0,553.0,704.0,736.0,705.0,545.0,413.0,208.0,119.0,18.0,0.0,0.0,0.0,0.0
2023-03-23,0.0,0.0,0.0,0.0,0.0,0.0,0.0,1.0,19.0,73.0,152.0,245.0,644.0,603.0,500.0,439.0,365.0,205.0,75.0,16.0,0.0,0.0,0.0,0.0
2023-03-24,0.0,0.0,0.0,0.0,0.0,0.0,0.0,7.0,97.0,280.0,473.0,598.0,566.0,598.0,688.0,231.0,351.0,325.0,156.0,15.0,0.0,0.0,0.0,0.0
2023-03-25,0.0,0.0,0.0,0.0,0.0,0.0,0.0,8.0,116.0,275.0,467.0,616.0,575.0,529.0,513.0,492.0,303.0,222.0,111.0,25.0,0.0,0.0,0.0,0.0
2023-03-26,0.0,0.0,0.0,0.0,0.0,0.0,0.0,9.0,124.0,320.0,523.0,687.0,798.0,844.0,820.0,729.0,580.0,390.0,186.0,30.0,0.0,0.0,0.0,0.0
2023-03-27,0.0,0.0,0.0,0.0,0.0,0.0,0.0,11.0,136.0,333.0,527.0,686.0,791.0,832.0,806.0,713.0,566.0,350.0,140.0,24.0,0.0,0.0,0.0,0.0
2023-03-28,0.0,0.0,0.0,0.0,0.0,0.0,0.0,12.0,132.0,294.0,319.0,585.0,632.0,702.0,711.0,643.0,511.0,345.0,175.0,30.0,0.0,0.0,0.0,0.0
2023-03-29,0.0,0.0,0.0,0.0,0.0,0.0,0.0,13.0,133.0,332.0,509.0,660.0,768.0,809.0,785.0,699.0,557.0,375.0,182.0,31.0,0.0,0.0,0.0,0.0
2023-03-30,0.0,0.0,0.0,0.0,0.0,0.0,0.0,15.0,145.0,341.0,529.0,684.0,786.0,827.0,802.0,714.0,569.0,386.0,189.0,34.0,0.0,0.0,0.0,0.0
2023-03-31,0.0,0.0,0.0,0.0,0.0,0.0,0.0,16.0,145.0,337.0,525.0,680.0,783.0,824.0,799.0,709.0,565.0,383.0,187.0,34.0,0.0,0.0,0.0,0.0
2023-04-01,0.0,0.0,0.0,0.0,0.0,0.0,0.0,17.0,149.0,340.0,528.0,681.0,776.0,804.0,778.0,687.0,513.0,279.0,136.0,32.0,0.0,0.0,0.0,0.0
2023-04-02,0.0,0.0,0.0,0.0,0.0,0.0,0.0,19.0,150.0,341.0,530.0,684.0,791.0,835.0,813.0,721.0,574.0,390.0,192.0,37.0,0.0,0.0,0.0,0.0
2023-04-03,0.0,0.0,0.0,0.0,0.0,0.0,0.0,21.0,158.0,351.0,539.0,692.0,795.0,836.0,807.0,717.0,571.0,387.0,190.0,36.0,0.0,0.0,0.0,0.0
2023-04-04,0.0,0.0,0.0,0.0,0.0,0.0,0.0,15.0,125.0,163.0,324.0,356.0,375.0,479.0,331.0,182.0,103.0,43.0,28.0,6.0,0.0,0.0,0.0,0.0
2023-04-05,0.0,0.0,0.0,0.0,0.0,0.0,0.0,3.0,16.0,34.0,78.0,65.0,92.0,85.0,68.0,78.0,80.0,69.0,63.0,15.0,0.0,0.0,0.0,0.0
2023-04-06,0.0,0.0,0.0,0.0,0.0,0.0,0.0,5.0,31.0,97.0,114.0,168.0,221.0,167.0,103.0,78.0,151.0,129.0,68.0,6.0,0.0,0.0,0.0,0.0
2023-04-07,0.0,0.0,0.0,0.0,0.0,0.0,0.0,27.0,168.0,360.0,540.0,700.0,801.0,751.0,774.0,715.0,520.0,366.0,201.0,46.0,0.0,0.0,0.0,0.0
2023-04-08,0.0,0.0,0.0,0.0,0.0,0.0,0.0,30.0,177.0,373.0,560.0,719.0,821.0,855.0,832.0,730.0,581.0,387.0,205.0,46.0,0.0,0.0,0.0,0.0
2023-04-09,0.0,0.0,0.0,0.0,0.0,0.0,0.0,29.0,168.0,379.0,569.0,720.0,817.0,852.0,824.0,734.0,588.0,404.0,207.0,47.0,0.0,0.0,0.0,0.0
2023-04-10,0.0,0.0,0.0,0.0,0.0,0.0,0.0,32.0,127.0,335.0,535.0,692.0,667.0,828.0,801.0,716.0,574.0,394.0,202.0,47.0,0.0,0.0,0.0,0.0
2023-04-11,0.0,0.0,0.0,0.0,0.0,0.0,0.0,13.0,70.0,147.0,355.0,330.0,100.0,136.0,201.0,132.0,153.0,336.0,162.0,26.0,0.0,0.0,0.0,0.0
2023-04-12,0.0,0.0,0.0,0.0,0.0,0.0,0.0,41.0,204.0,408.0,597.0,750.0,849.0,887.0,859.0,765.0,615.0,423.0,219.0,53.0,0.0,0.0,0.0,0.0
2023-04-13,0.0,0.0,0.0,0.0,0.0,0.0,0.0,41.0,194.0,375.0,572.0,517.0,627.0,730.0,466.0,697.0,347.0,324.0,184.0,50.0,0.0,0.0,0.0,0.0
2023-04-14,0.0,0.0,0.0,0.0,0.0,0.0,0.0,27.0,87.0,206.0,197.0,602.0,788.0,772.0,486.0,209.0,131.0,230.0,102.0,17.0,0.0,0.0,0.0,0.0
2023-04-15,0.0,0.0,0.0,0.0,0.0,0.0,0.0,18.0,30.0,96.0,134.0,99.0,109.0,123.0,159.0,319.0,371.0,274.0,157.0,49.0,0.0,0.0,0.0,0.0
2023-04-16,0.0,0.0,0.0,0.0,0.0,0.0,0.0,15.0,76.0,175.0,317.0,484.0,355.0,447.0,603.0,657.0,517.0,334.0,201.0,51.0,0.0,0.0,0.0,0.0
2023-04-17,0.0,0.0,0.0,0.0,0.0,0.0,0.0,44.0,179.0,371.0,544.0,671.0,579.0,669.0,292.0,240.0,262.0,388.0,125.0,10.0,0.0,0.0,0.0,0.0
2023-04-18,0.0,0.0,0.0,0.0,0.0,0.0,0.0,6.0,24.0,63.0,86.0,184.0,240.0,320.0,516.0,745.0,405.0,306.0,209.0,58.0,0.0,0.0,0.0,0.0
2023-04-19,0.0,0.0,0.0,0.0,0.0,0.0,0.0,26.0,128.0,280.0,579.0,736.0,840.0,875.0,843.0,750.0,602.0,419.0,225.0,62.0,0.0,0.0,0.0,0.0
2023-04-20,0.0,0.0,0.0,0.0,0.0,0.0,0.0,17.0,49.0,118.0,228.0,251.0,201.0,316.0,452.0,475.0,280.0,170.0,136.0,38.0,0.0,0.0,0.0,0.0
2023-04-21,0.0,0.0,0.0,0.0,0.0,0.0,0.0,52.0,176.0,389.0,440.0,674.0,816.0,850.0,820.0,714.0,589.0,369.0,220.0,63.0,1.0,0.0,0.0,0.0
2023-04-22,0.0,0.0,0.0,0.0,0.0,0.0,0.0,34.0,76.0,189.0,513.0,501.0,710.0,533.0,381.0,443.0,316.0,276.0,141.0,56.0,1.0,0.0,0.0,0.0
2023-04-23,0.0,0.0,0.0,0.0,0.0,0.0,0.0,43.0,121.0,236.0,357.0,554.0,713.0,794.0,788.0,626.0,466.0,311.0,104.0,34.0,1.0,0.0,0.0,0.0
2023-04-24,0.0,0.0,0.0,0.0,0.0,0.0,0.0,34.0,127.0,268.0,587.0,553.0,529.0,562.0,564.0,503.0,388.0,305.0,171.0,63.0,1.0,0.0,0.0,0.0
2023-04-25,0.0,0.0,0.0,0.0,0.0,0.0,0.0,15.0,39.0,86.0,117.0,175.0,253.0,367.0,403.0,391.0,182.0,169.0,52.0,33.0,1.0,0.0,0.0,0.0
2023-04-26,0.0,0.0,0.0,0.0,0.0,0.0,1.0,31.0,144.0,355.0,527.0,544.0,475.0,439.0,534.0,578.0,529.0,371.0,228.0,74.0,2.0,0.0,0.0,0.0
2023-04-27,0.0,0.0,0.0,0.0,0.0,0.0,2.0,70.0,232.0,432.0,612.0,755.0,843.0,874.0,846.0,755.0,614.0,435.0,242.0,75.0,2.0,0.0,0.0,0.0
2023-04-28,0.0,0.0,0.0,0.0,0.0,0.0,2.0,78.0,249.0,452.0,632.0,771.0,867.0,882.0,872.0,659.0,409.0,194.0,65.0,16.0,1.0,0.0,0.0,0.0
2023-04-29,0.0,0.0,0.0,0.0,0.0,0.0,0.0,11.0,28.0,48.0,39.0,63.0,78.0,108.0,141.0,543.0,515.0,360.0,171.0,29.0,1.0,0.0,0.0,0.0
2023-04-30,0.0,0.0,0.0,0.0,0.0,0.0,3.0,81.0,249.0,442.0,609.0,678.0,533.0,733.0,737.0,741.0,550.0,348.0,120.0,69.0,1.0,0.0,0.0,0.0
2023-05-01,0.0,0.0,0.0,0.0,0.0,0.0,3.0,65.0,221.0,415.0,501.0,592.0,754.0,858.0,838.0,752.0,637.0,420.0,248.0,82.0,3.0,0.0,0.0,0.0
2023-05-02,0.0,0.0,0.0,0.0,0.0,0.0,3.0,75.0,249.0,435.0,520.0,706.0,776.0,682.0,744.0,630.0,467.0,353.0,175.0,54.0,2.0,0.0,0.0,0.0
2023-05-03,0.0,0.0,0.0,0.0,0.0,0.0,4.0,77.0,262.0,455.0,631.0,770.0,869.0,877.0,790.0,710.0,586.0,424.0,250.0,80.0,3.0,0.0,0.0,0.0
2023-05-04,0.0,0.0,0.0,0.0,0.0,0.0,4.0,62.0,178.0,263.0,510.0,414.0,369.0,546.0,489.0,373.0,286.0,241.0,151.0,46.0,2.0,0.0,0.0,0.0
2023-05-05,0.0,0.0,0.0,0.0,0.0,0.0,1.0,19.0,55.0,93.0,123.0,136.0,194.0,180.0,130.0,122.0,108.0,40.0,58.0,10.0,1.0,0.0,0.0,0.0
2023-05-06,0.0,0.0,0.0,0.0,0.0,0.0,0.0,6.0,22.0,30.0,51.0,72.0,78.0,98.0,116.0,242.0,100.0,99.0,143.0,46.0,3.0,0.0,0.0,0.0
2023-05-07,0.0,0.0,0.0,0.0,0.0,0.0,2.0,43.0,85.0,95.0,124.0,223.0,280.0,318.0,370.0,275.0,288.0,378.0,171.0,79.0,5.0,0.0,0.0,0.0
2023-05-08,0.0,0.0,0.0,0.0,0.0,0.0,7.0,102.0,267.0,466.0,651.0,788.0,879.0,902.0,878.0,777.0,641.0,464.0,272.0,98.0,6.0,0.0,0.0,0.0
2023-05-09,0.0,0.0,0.0,0.0,0.0,0.0,7.0,103.0,277.0,470.0,647.0,788.0,875.0,903.0,871.0,779.0,638.0,448.0,255.0,94.0,6.0,0.0,0.0,0.0
2023-05-10,0.0,0.0,0.0,0.0,0.0,0.0,7.0,83.0,213.0,368.0,501.0,646.0,700.0,718.0,767.0,674.0,587.0,456.0,270.0,98.0,6.0,0.0,0.0,0.0
2023-05-11,0.0,0.0,0.0,0.0,0.0,0.0,8.0,106.0,275.0,465.0,644.0,783.0,869.0,895.0,868.0,782.0,640.0,455.0,261.0,98.0,7.0,0.0,0.0,0.0
2023-05-12,0.0,0.0,0.0,0.0,0.0,0.0,9.0,97.0,233.0,342.0,445.0,541.0,495.0,475.0,501.0,672.0,554.0,455.0,271.0,101.0,7.0,0.0,0.0,0.0
2023-05-13,0.0,0.0,0.0,0.0,0.0,0.0,9.0,105.0,277.0,472.0,646.0,784.0,868.0,892.0,851.0,713.0,454.0,345.0,232.0,100.0,8.0,0.0,0.0,0.0
2023-05-14,0.0,0.0,0.0,0.0,0.0,0.0,9.0,97.0,247.0,433.0,536.0,601.0,728.0,815.0,810.0,745.0,617.0,447.0,268.0,103.0,8.0,0.0,0.0,0.0
2023-05-15,0.0,0.0,0.0,0.0,0.0,0.0,11.0,112.0,282.0,474.0,636.0,760.0,856.0,874.0,867.0,777.0,635.0,461.0,262.0,91.0,9.0,0.0,0.0,0.0
2023-05-16,0.0,0.0,0.0,0.0,0.0,0.0,11.0,111.0,282.0,469.0,642.0,779.0,866.0,897.0,867.0,780.0,644.0,469.0,281.0,108.0,9.0,0.0,0.0,0.0
2023-05-17,0.0,0.0,0.0,0.0,0.0,0.0,12.0,114.0,286.0,475.0,639.0,780.0,868.0,891.0,856.0,779.0,637.0,464.0,274.0,106.0,10.0,0.0,0.0,0.0
2023-05-18,0.0,0.0,0.0,0.0,0.0,0.0,11.0,72.0,210.0,269.0,486.0,641.0,748.0,735.0,573.0,474.0,466.0,363.0,176.0,62.0,7.0,0.0,0.0,0.0
2023-05-19,0.0,0.0,0.0,0.0,0.0,0.0,12.0,112.0,282.0,470.0,636.0,743.0,636.0,546.0,473.0,479.0,442.0,402.0,248.0,95.0,10.0,0.0,0.0,0.0
2023-05-20,0.0,0.0,0.0,0.0,0.0,0.0,13.0,102.0,276.0,450.0,590.0,660.0,743.0,765.0,806.0,734.0,605.0,459.0,263.0,108.0,11.0,0.0,0.0,0.0
2023-05-21,0.0,0.0,0.0,0.0,0.0,0.0,3.0,21.0,99.0,331.0,441.0,644.0,793.0,853.0,810.0,707.0,594.0,395.0,148.0,28.0,3.0,0.0,0.0,0.0
2023-05-22,0.0,0.0,0.0,0.0,0.0,0.0,12.0,102.0,107.0,163.0,331.0,472.0,708.0,919.0,776.0,648.0,482.0,334.0,240.0,106.0,11.0,0.0,0.0,0.0
2023-05-23,0.0,0.0,0.0,0.0,0.0,0.0,15.0,123.0,296.0,483.0,656.0,793.0,874.0,841.0,871.0,782.0,646.0,463.0,279.0,110.0,13.0,0.0,0.0,0.0
2023-05-24,0.0,0.0,0.0,0.0,0.0,0.0,15.0,110.0,249.0,407.0,603.0,693.0,743.0,797.0,742.0,517.0,404.0,242.0,164.0,77.0,11.0,0.0,0.0,0.0
2023-05-25,0.0,0.0,0.0,0.0,0.0,0.0,16.0,123.0,280.0,417.0,631.0,789.0,874.0,903.0,793.0,624.0,407.0,351.0,159.0,51.0,6.0,0.0,0.0,0.0
2023-05-26,0.0,0.0,0.0,0.0,0.0,0.0,15.0,120.0,265.0,408.0,488.0,761.0,665.0,663.0,771.0,679.0,605.0,411.0,229.0,67.0,10.0,0.0,0.0,0.0
2023-05-27,0.0,0.0,0.0,0.0,0.0,0.0,11.0,37.0,93.0,95.0,90.0,69.0,62.0,114.0,179.0,99.0,94.0,62.0,42.0,25.0,2.0,0.0,0.0,0.0
2023-05-28,0.0,0.0,0.0,0.0,0.0,0.0,3.0,27.0,42.0,68.0,101.0,112.0,120.0,160.0,101.0,107.0,55.0,61.0,33.0,14.0,2.0,0.0,0.0,0.0
2023-05-29,0.0,0.0,0.0,0.0,0.0,0.0,4.0,24.0,60.0,92.0,155.0,446.0,282.0,302.0,445.0,496.0,630.0,413.0,249.0,117.0,16.0,0.0,0.0,0.0
2023-05-30,0.0,0.0,0.0,0.0,0.0,0.0,12.0,68.0,145.0,155.0,476.0,600.0,548.0,801.0,683.0,277.0,187.0,123.0,35.0,20.0,10.0,0.0,0.0,0.0
2023-05-31,0.0,0.0,0.0,0.0,0.0,0.0,10.0,68.0,213.0,471.0,600.0,779.0,820.0,778.0,682.0,670.0,484.0,365.0,278.0,124.0,17.0,0.0,0.0,0.0
2023-06-01,0.0,0.0,0.0,0.0,0.0,0.0,8.0,52.0,136.0,213.0,303.0,606.0,377.0,737.0,490.0,448.0,577.0,454.0,283.0,123.0,17.0,0.0,0.0,0.0
2023-06-02,0.0,0.0,0.0,0.0,0.0,0.0,10.0,68.0,84.0,173.0,373.0,444.0,500.0,542.0,809.0,733.0,580.0,404.0,273.0,109.0,17.0,0.0,0.0,0.0
2023-06-03,0.0,0.0,0.0,0.0,0.0,0.0,20.0,138.0,314.0,503.0,669.0,799.0,886.0,869.0,833.0,705.0,539.0,400.0,286.0,135.0,20.0,0.0,0.0,0.0
2023-06-04,0.0,0.0,0.0,0.0,0.0,0.0,19.0,120.0,295.0,480.0,650.0,790.0,871.0,873.0,425.0,483.0,618.0,478.0,292.0,122.0,18.0,0.0,0.0,0.0
2023-06-05,0.0,0.0,0.0,0.0,0.0,0.0,19.0,125.0,297.0,462.0,503.0,674.0,722.0,698.0,789.0,757.0,625.0,467.0,279.0,126.0,20.0,0.0,0.0,0.0
2023-06-06,0.0,0.0,0.0,0.0,0.0,0.0,19.0,123.0,272.0,405.0,492.0,686.0,707.0,585.0,735.0,733.0,638.0,481.0,289.0,123.0,20.0,0.0,0.0,0.0
2023-06-07,0.0,0.0,0.0,0.0,0.0,0.0,9.0,51.0,107.0,215.0,210.0,412.0,409.0,445.0,488.0,429.0,484.0,379.0,236.0,111.0,17.0,0.0,0.0,0.0
2023-06-08,0.0,0.0,0.0,0.0,0.0,0.0,13.0,61.0,88.0,167.0,306.0,311.0,221.0,90.0,208.0,280.0,341.0,350.0,285.0,123.0,18.0,0.0,0.0,0.0
2023-06-09,0.0,0.0,0.0,0.0,0.0,0.0,15.0,108.0,272.0,441.0,628.0,776.0,875.0,738.0,791.0,788.0,656.0,501.0,315.0,138.0,23.0,0.0,0.0,0.0
2023-06-10,0.0,0.0,0.0,0.0,0.0,0.0,5.0,99.0,82.0,91.0,473.0,728.0,763.0,871.0,803.0,551.0,298.0,162.0,219.0,85.0,21.0,0.0,0.0,0.0
2023-06-11,0.0,0.0,0.0,0.0,0.0,0.0,18.0,113.0,170.0,363.0,584.0,623.0,725.0,585.0,784.0,735.0,487.0,435.0,299.0,131.0,22.0,0.0,0.0,0.0
2023-06-12,0.0,0.0,0.0,0.0,0.0,0.0,18.0,102.0,251.0,412.0,635.0,733.0,731.0,736.0,712.0,426.0,578.0,379.0,200.0,138.0,24.0,0.0,0.0,0.0
2023-06-13,0.0,0.0,0.0,0.0,0.0,0.0,19.0,123.0,281.0,458.0,627.0,757.0,828.0,896.0,793.0,774.0,663.0,471.0,284.0,130.0,24.0,0.0,0.0,0.0
2023-06-14,0.0,0.0,0.0,0.0,0.0,0.0,18.0,113.0,266.0,476.0,651.0,753.0,821.0,860.0,794.0,713.0,579.0,438.0,257.0,124.0,22.0,0.0,0.0,0.0
2023-06-15,0.0,0.0,0.0,0.0,0.0,0.0,19.0,85.0,244.0,393.0,620.0,684.0,750.0,671.0,673.0,647.0,553.0,424.0,255.0,105.0,24.0,0.0,0.0,0.0
2023-06-16,0.0,0.0,0.0,0.0,0.0,0.0,16.0,98.0,225.0,448.0,640.0,770.0,855.0,885.0,858.0,779.0,656.0,493.0,314.0,145.0,26.0,0.0,0.0,0.0
2023-06-17,0.0,0.0,0.0,0.0,0.0,0.0,18.0,105.0,251.0,460.0,653.0,786.0,862.0,887.0,832.0,727.0,607.0,466.0,266.0,88.0,16.0,0.0,0.0,0.0
2023-06-18,0.0,0.0,0.0,0.0,0.0,0.0,15.0,100.0,228.0,385.0,563.0,684.0,774.0,859.0,870.0,790.0,662.0,497.0,315.0,145.0,27.0,0.0,0.0,0.0
2023-06-19,0.0,0.0,0.0,0.0,0.0,0.0,19.0,128.0,290.0,470.0,638.0,767.0,847.0,878.0,831.0,679.0,532.0,284.0,261.0,96.0,10.0,0.0,0.0,0.0
2023-06-20,0.0,0.0,0.0,0.0,0.0,0.0,12.0,105.0,124.0,92.0,245.0,290.0,101.0,126.0,154.0,180.0,126.0,87.0,76.0,54.0,11.0,0.0,0.0,0.0
2023-06-21,0.0,0.0,0.0,0.0,0.0,0.0,6.0,52.0,86.0,133.0,107.0,194.0,174.0,244.0,394.0,292.0,186.0,343.0,297.0,116.0,22.0,0.0,0.0,0.0
2023-06-22,0.0,0.0,0.0,0.0,0.0,0.0,19.0,126.0,294.0,474.0,598.0,619.0,754.0,543.0,592.0,673.0,450.0,401.0,238.0,132.0,27.0,0.0,0.0,0.0
2023-06-23,0.0,0.0,0.0,0.0,0.0,0.0,12.0,65.0,176.0,290.0,401.0,477.0,483.0,648.0,702.0,584.0,542.0,402.0,278.0,147.0,28.0,0.0,0.0,0.0
2023-06-24,0.0,0.0,0.0,0.0,0.0,0.0,18.0,124.0,286.0,432.0,567.0,621.0,526.0,736.0,594.0,558.0,519.0,418.0,297.0,143.0,28.0,0.0,0.0,0.0
2023-06-25,0.0,0.0,0.0,0.0,0.0,0.0,18.0,124.0,288.0,465.0,631.0,764.0,846.0,874.0,841.0,737.0,471.0,224.0,150.0,90.0,18.0,0.0,0.0,0.0
2023-06-26,0.0,0.0,0.0,0.0,0.0,0.0,1.0,8.0,36.0,193.0,142.0,75.0,233.0,476.0,264.0,265.0,164.0,60.0,95.0,36.0,4.0,0.0,0.0,0.0
2023-06-27,0.0,0.0,0.0,0.0,0.0,0.0,13.0,95.0,236.0,426.0,473.0,452.0,680.0,723.0,844.0,786.0,655.0,491.0,315.0,143.0,29.0,0.0,0.0,0.0
2023-06-28,0.0,0.0,0.0,0.0,0.0,0.0,3.0,25.0,92.0,153.0,520.0,653.0,616.0,713.0,636.0,706.0,593.0,407.0,218.0,86.0,17.0,0.0,0.0,0.0
2023-06-29,0.0,0.0,0.0,0.0,0.0,0.0,3.0,20.0,28.0,76.0,40.0,39.0,62.0,101.0,75.0,103.0,248.0,101.0,56.0,27.0,5.0,0.0,0.0,0.0
2023-06-30,0.0,0.0,0.0,0.0,0.0,0.0,2.0,33.0,81.0,119.0,250.0,219.0,266.0,446.0,262.0,343.0,453.0,434.0,281.0,134.0,27.0,0.0,0.0,0.0
2023-07-01,0.0,0.0,0.0,0.0,0.0,0.0,10.0,76.0,210.0,373.0,508.0,623.0,677.0,793.0,804.0,786.0,674.0,508.0,328.0,154.0,30.0,0.0,0.0,0.0
2023-07-02,0.0,0.0,0.0,0.0,0.0,0.0,8.0,43.0,96.0,185.0,341.0,294.0,376.0,492.0,443.0,629.0,540.0,281.0,246.0,90.0,21.0,0.0,0.0,0.0
2023-07-03,0.0,0.0,0.0,0.0,0.0,0.0,14.0,91.0,249.0,433.0,572.0,718.0,808.0,721.0,807.0,732.0,622.0,491.0,329.0,147.0,29.0,0.0,0.0,0.0
2023-07-04,0.0,0.0,0.0,0.0,0.0,0.0,11.0,81.0,218.0,336.0,476.0,494.0,555.0,265.0,402.0,107.0,76.0,59.0,30.0,28.0,6.0,0.0,0.0,0.0
2023-07-05,0.0,0.0,0.0,0.0,0.0,0.0,3.0,57.0,218.0,435.0,357.0,471.0,514.0,696.0,684.0,676.0,613.0,491.0,329.0,159.0,30.0,0.0,0.0,0.0
2023-07-06,0.0,0.0,0.0,0.0,0.0,0.0,14.0,119.0,282.0,452.0,629.0,737.0,813.0,826.0,849.0,806.0,614.0,451.0,277.0,140.0,25.0,0.0,0.0,0.0
2023-07-07,0.0,0.0,0.0,0.0,0.0,0.0,10.0,101.0,256.0,411.0,413.0,559.0,658.0,682.0,744.0,818.0,689.0,521.0,339.0,160.0,30.0,0.0,0.0,0.0
2023-07-08,0.0,0.0,0.0,0.0,0.0,0.0,13.0,94.0,192.0,271.0,206.0,142.0,285.0,462.0,512.0,507.0,522.0,294.0,219.0,88.0,17.0,0.0,0.0,0.0
2023-07-09,0.0,0.0,0.0,0.0,0.0,0.0,10.0,45.0,173.0,168.0,221.0,194.0,296.0,339.0,189.0,326.0,609.0,269.0,64.0,35.0,8.0,0.0,0.0,0.0
2023-07-10,0.0,0.0,0.0,0.0,0.0,0.0,3.0,47.0,126.0,193.0,437.0,470.0,560.0,729.0,587.0,557.0,541.0,417.0,279.0,135.0,26.0,0.0,0.0,0.0
2023-07-11,0.0,0.0,0.0,0.0,0.0,0.0,3.0,24.0,56.0,235.0,79.0,51.0,202.0,229.0,126.0,143.0,229.0,101.0,70.0,67.0,14.0,0.0,0.0,0.0
2023-07-12,0.0,0.0,0.0,0.0,0.0,0.0,3.0,30.0,82.0,158.0,421.0,413.0,580.0,383.0,503.0,518.0,438.0,140.0,150.0,84.0,12.0,0.0,0.0,0.0
2023-07-13,0.0,0.0,0.0,0.0,0.0,0.0,3.0,18.0,58.0,67.0,68.0,88.0,60.0,66.0,123.0,233.0,90.0,75.0,23.0,34.0,4.0,0.0,0.0,0.0
2023-07-14,0.0,0.0,0.0,0.0,0.0,0.0,2.0,25.0,56.0,73.0,149.0,197.0,162.0,150.0,261.0,205.0,98.0,99.0,91.0,41.0,6.0,0.0,0.0,0.0
2023-07-15,0.0,0.0,0.0,0.0,0.0,0.0,1.0,4.0,30.0,59.0,116.0,181.0,99.0,118.0,327.0,185.0,125.0,71.0,71.0,48.0,8.0,0.0,0.0,0.0
2023-07-16,0.0,0.0,0.0,0.0,0.0,0.0,2.0,16.0,63.0,120.0,283.0,377.0,162.0,373.0,357.0,222.0,218.0,278.0,70.0,81.0,16.0,0.0,0.0,0.0
2023-07-17,0.0,0.0,0.0,0.0,0.0,0.0,2.0,27.0,67.0,137.0,248.0,511.0,440.0,546.0,305.0,362.0,325.0,360.0,170.0,92.0,25.0,0.0,0.0,0.0
2023-07-18,0.0,0.0,0.0,0.0,0.0,0.0,2.0,17.0,43.0,97.0,113.0,135.0,327.0,157.0,98.0,172.0,196.0,191.0,138.0,88.0,21.0,0.0,0.0,0.0
2023-07-19,0.0,0.0,0.0,0.0,0.0,0.0,7.0,72.0,205.0,366.0,437.0,605.0,767.0,846.0,785.0,735.0,593.0,461.0,292.0,140.0,23.0,0.0,0.0,0.0
2023-07-20,0.0,0.0,0.0,0.0,0.0,0.0,7.0,71.0,183.0,360.0,567.0,700.0,797.0,837.0,813.0,735.0,590.0,433.0,297.0,132.0,21.0,0.0,0.0,0.0
2023-07-21,0.0,0.0,0.0,0.0,0.0,0.0,8.0,103.0,269.0,450.0,618.0,729.0,807.0,853.0,832.0,775.0,653.0,483.0,302.0,130.0,20.0,0.0,0.0,0.0
2023-07-22,0.0,0.0,0.0,0.0,0.0,0.0,7.0,100.0,267.0,454.0,625.0,758.0,831.0,618.0,657.0,724.0,367.0,156.0,84.0,31.0,9.0,0.0,0.0,0.0
2023-07-23,0.0,0.0,0.0,0.0,0.0,0.0,2.0,15.0,33.0,55.0,31.0,73.0,115.0,96.0,196.0,187.0,201.0,120.0,65.0,25.0,4.0,0.0,0.0,0.0
2023-07-24,0.0,0.0,0.0,0.0,0.0,0.0,3.0,34.0,94.0,252.0,209.0,277.0,366.0,583.0,480.0,686.0,538.0,340.0,240.0,119.0,19.0,0.0,0.0,0.0
2023-07-25,0.0,0.0,0.0,0.0,0.0,0.0,3.0,39.0,149.0,200.0,494.0,593.0,653.0,772.0,450.0,554.0,534.0,421.0,157.0,71.0,10.0,0.0,0.0,0.0
2023-07-26,0.0,0.0,0.0,0.0,0.0,0.0,5.0,62.0,195.0,269.0,313.0,645.0,593.0,716.0,541.0,693.0,305.0,415.0,273.0,122.0,15.0,0.0,0.0,0.0
2023-07-27,0.0,0.0,0.0,0.0,0.0,0.0,5.0,76.0,206.0,288.0,263.0,698.0,742.0,799.0,769.0,730.0,528.0,346.0,261.0,115.0,17.0,0.0,0.0,0.0
2023-07-28,0.0,0.0,0.0,0.0,0.0,0.0,5.0,89.0,246.0,419.0,591.0,695.0,750.0,845.0,832.0,588.0,560.0,434.0,288.0,125.0,16.0,0.0,0.0,0.0
2023-07-29,0.0,0.0,0.0,0.0,0.0,0.0,4.0,85.0,198.0,286.0,536.0,706.0,734.0,808.0,797.0,680.0,589.0,434.0,294.0,127.0,16.0,0.0,0.0,0.0
2023-07-30,0.0,0.0,0.0,0.0,0.0,0.0,4.0,89.0,245.0,437.0,524.0,664.0,718.0,758.0,818.0,756.0,530.0,318.0,253.0,116.0,14.0,0.0,0.0,0.0
2023-07-31,0.0,0.0,0.0,0.0,0.0,0.0,4.0,84.0,242.0,428.0,561.0,503.0,444.0,660.0,652.0,741.0,545.0,415.0,244.0,91.0,14.0,0.0,0.0,0.0
2023-08-01,0.0,0.0,0.0,0.0,0.0,0.0,4.0,83.0,225.0,370.0,598.0,716.0,743.0,771.0,731.0,706.0,618.0,364.0,252.0,107.0,13.0,0.0,0.0,0.0
2023-08-02,0.0,0.0,0.0,0.0,0.0,0.0,3.0,65.0,184.0,401.0,573.0,624.0,642.0,528.0,535.0,578.0,527.0,377.0,267.0,123.0,13.0,0.0,0.0,0.0
2023-08-03,0.0,0.0,0.0,0.0,0.0,0.0,3.0,81.0,245.0,370.0,558.0,659.0,652.0,629.0,622.0,691.0,594.0,468.0,301.0,125.0,13.0,0.0,0.0,0.0
2023-08-04,0.0,0.0,0.0,0.0,0.0,0.0,2.0,75.0,230.0,423.0,566.0,696.0,593.0,727.0,693.0,658.0,630.0,485.0,298.0,123.0,12.0,0.0,0.0,0.0
2023-08-05,0.0,0.0,0.0,0.0,0.0,0.0,3.0,76.0,237.0,397.0,591.0,730.0,809.0,844.0,796.0,757.0,601.0,444.0,281.0,118.0,11.0,0.0,0.0,0.0
2023-08-06,0.0,0.0,0.0,0.0,0.0,0.0,2.0,74.0,237.0,363.0,393.0,465.0,514.0,347.0,476.0,564.0,465.0,307.0,249.0,88.0,9.0,0.0,0.0,0.0
2023-08-07,0.0,0.0,0.0,0.0,0.0,0.0,2.0,65.0,225.0,347.0,579.0,735.0,742.0,647.0,639.0,535.0,591.0,441.0,272.0,106.0,9.0,0.0,0.0,0.0
2023-08-08,0.0,0.0,0.0,0.0,0.0,0.0,2.0,56.0,195.0,399.0,552.0,648.0,814.0,847.0,784.0,720.0,616.0,456.0,272.0,108.0,9.0,0.0,0.0,0.0
2023-08-09,0.0,0.0,0.0,0.0,0.0,0.0,2.0,71.0,215.0,370.0,573.0,695.0,511.0,640.0,365.0,509.0,261.0,164.0,116.0,33.0,3.0,0.0,0.0,0.0
2023-08-10,0.0,0.0,0.0,0.0,0.0,0.0,0.0,4.0,28.0,35.0,55.0,85.0,138.0,72.0,91.0,90.0,42.0,87.0,43.0,26.0,2.0,0.0,0.0,0.0
2023-08-11,0.0,0.0,0.0,0.0,0.0,0.0,0.0,9.0,33.0,62.0,144.0,77.0,173.0,146.0,139.0,164.0,96.0,136.0,111.0,29.0,2.0,0.0,0.0,0.0
2023-08-12,0.0,0.0,0.0,0.0,0.0,0.0,0.0,12.0,46.0,151.0,201.0,190.0,361.0,480.0,483.0,437.0,303.0,235.0,202.0,81.0,6.0,0.0,0.0,0.0
2023-08-13,0.0,0.0,0.0,0.0,0.0,0.0,1.0,49.0,137.0,138.0,402.0,340.0,674.0,587.0,545.0,485.0,282.0,210.0,138.0,75.0,5.0,0.0,0.0,0.0
2023-08-14,0.0,0.0,0.0,0.0,0.0,0.0,1.0,68.0,232.0,418.0,585.0,685.0,766.0,823.0,774.0,699.0,604.0,450.0,272.0,101.0,5.0,0.0,0.0,0.0
2023-08-15,0.0,0.0,0.0,0.0,0.0,0.0,0.0,61.0,213.0,334.0,499.0,700.0,792.0,740.0,596.0,513.0,531.0,451.0,267.0,91.0,3.0,0.0,0.0,0.0
2023-08-16,0.0,0.0,0.0,0.0,0.0,0.0,0.0,58.0,211.0,397.0,485.0,583.0,636.0,686.0,747.0,678.0,575.0,438.0,245.0,87.0,4.0,0.0,0.0,0.0
2023-08-17,0.0,0.0,0.0,0.0,0.0,0.0,0.0,55.0,145.0,304.0,543.0,722.0,794.0,817.0,780.0,688.0,577.0,434.0,251.0,86.0,3.0,0.0,0.0,0.0
2023-08-18,0.0,0.0,0.0,0.0,0.0,0.0,0.0,60.0,217.0,404.0,583.0,703.0,742.0,792.0,709.0,548.0,566.0,402.0,239.0,84.0,3.0,0.0,0.0,0.0
2023-08-19,0.0,0.0,0.0,0.0,0.0,0.0,0.0,52.0,210.0,401.0,569.0,714.0,782.0,817.0,754.0,680.0,606.0,445.0,251.0,85.0,3.0,0.0,0.0,0.0
2023-08-20,0.0,0.0,0.0,0.0,0.0,0.0,0.0,34.0,76.0,230.0,245.0,370.0,323.0,544.0,617.0,571.0,543.0,389.0,80.0,64.0,2.0,0.0,0.0,0.0
2023-08-21,0.0,0.0,0.0,0.0,0.0,0.0,0.0,54.0,213.0,395.0,568.0,656.0,755.0,733.0,743.0,651.0,414.0,384.0,208.0,53.0,2.0,0.0,0.0,0.0
2023-08-22,0.0,0.0,0.0,0.0,0.0,0.0,0.0,44.0,140.0,189.0,185.0,549.0,574.0,694.0,373.0,303.0,340.0,335.0,133.0,47.0,1.0,0.0,0.0,0.0
2023-08-23,0.0,0.0,0.0,0.0,0.0,0.0,0.0,8.0,47.0,95.0,124.0,145.0,184.0,166.0,104.0,98.0,85.0,48.0,35.0,18.0,1.0,0.0,0.0,0.0
2023-08-24,0.0,0.0,0.0,0.0,0.0,0.0,0.0,16.0,136.0,287.0,149.0,185.0,322.0,546.0,507.0,514.0,404.0,196.0,111.0,20.0,0.0,0.0,0.0,0.0
2023-08-25,0.0,0.0,0.0,0.0,0.0,0.0,0.0,41.0,217.0,378.0,509.0,608.0,710.0,723.0,745.0,653.0,523.0,313.0,206.0,57.0,1.0,0.0,0.0,0.0
2023-08-26,0.0,0.0,0.0,0.0,0.0,0.0,0.0,23.0,128.0,329.0,528.0,651.0,686.0,521.0,693.0,694.0,436.0,295.0,176.0,65.0,0.0,0.0,0.0,0.0
2023-08-27,0.0,0.0,0.0,0.0,0.0,0.0,0.0,23.0,92.0,242.0,248.0,456.0,281.0,272.0,197.0,128.0,172.0,67.0,43.0,22.0,0.0,0.0,0.0,0.0
2023-08-28,0.0,0.0,0.0,0.0,0.0,0.0,0.0,9.0,34.0,47.0,49.0,75.0,115.0,133.0,269.0,198.0,197.0,103.0,32.0,12.0,0.0,0.0,0.0,0.0
2023-08-29,0.0,0.0,0.0,0.0,0.0,0.0,0.0,6.0,39.0,122.0,41.0,162.0,119.0,116.0,93.0,76.0,94.0,57.0,33.0,9.0,0.0,0.0,0.0,0.0
2023-08-30,0.0,0.0,0.0,0.0,0.0,0.0,0.0,34.0,151.0,284.0,438.0,447.0,534.0,144.0,154.0,156.0,122.0,70.0,80.0,17.0,0.0,0.0,0.0,0.0
2023-08-31,0.0,0.0,0.0,0.0,0.0,0.0,0.0,30.0,140.0,371.0,423.0,547.0,635.0,687.0,718.0,634.0,526.0,368.0,207.0,50.0,0.0,0.0,0.0,0.0
2023-09-01,0.0,0.0,0.0,0.0,0.0,0.0,0.0,42.0,191.0,390.0,580.0,724.0,816.0,851.0,815.0,732.0,543.0,380.0,210.0,51.0,0.0,0.0,0.0,0.0
2023-09-02,0.0,0.0,0.0,0.0,0.0,0.0,0.0,42.0,200.0,390.0,578.0,681.0,824.0,832.0,817.0,714.0,588.0,316.0,176.0,49.0,0.0,0.0,0.0,0.0
2023-09-03,0.0,0.0,0.0,0.0,0.0,0.0,0.0,16.0,117.0,207.0,434.0,558.0,702.0,667.0,756.0,637.0,436.0,145.0,51.0,17.0,0.0,0.0,0.0,0.0
2023-09-04,0.0,0.0,0.0,0.0,0.0,0.0,0.0,8.0,33.0,110.0,159.0,140.0,449.0,567.0,307.0,201.0,215.0,177.0,69.0,24.0,0.0,0.0,0.0,0.0
2023-09-05,0.0,0.0,0.0,0.0,0.0,0.0,0.0,8.0,94.0,213.0,502.0,695.0,715.0,706.0,749.0,682.0,535.0,322.0,169.0,36.0,0.0,0.0,0.0,0.0
2023-09-06,0.0,0.0,0.0,0.0,0.0,0.0,0.0,34.0,185.0,375.0,536.0,694.0,716.0,762.0,753.0,663.0,513.0,349.0,181.0,35.0,0.0,0.0,0.0,0.0
2023-09-07,0.0,0.0,0.0,0.0,0.0,0.0,0.0,36.0,196.0,396.0,575.0,719.0,809.0,840.0,808.0,716.0,571.0,390.0,194.0,36.0,0.0,0.0,0.0,0.0
2023-09-08,0.0,0.0,0.0,0.0,0.0,0.0,0.0,34.0,189.0,386.0,570.0,713.0,804.0,838.0,806.0,712.0,566.0,383.0,189.0,33.0,0.0,0.0,0.0,0.0
2023-09-09,0.0,0.0,0.0,0.0,0.0,0.0,0.0,31.0,174.0,368.0,552.0,698.0,788.0,813.0,780.0,686.0,524.0,350.0,150.0,27.0,0.0,0.0,0.0,0.0
2023-09-10,0.0,0.0,0.0,0.0,0.0,0.0,0.0,29.0,146.0,310.0,533.0,620.0,396.0,353.0,545.0,538.0,452.0,282.0,139.0,23.0,0.0,0.0,0.0,0.0
2023-09-11,0.0,0.0,0.0,0.0,0.0,0.0,0.0,25.0,152.0,304.0,466.0,606.0,643.0,729.0,735.0,645.0,517.0,345.0,169.0,23.0,0.0,0.0,0.0,0.0
2023-09-12,0.0,0.0,0.0,0.0,0.0,0.0,0.0,27.0,155.0,348.0,468.0,613.0,631.0,645.0,640.0,548.0,373.0,204.0,101.0,18.0,0.0,0.0,0.0,0.0
2023-09-13,0.0,0.0,0.0,0.0,0.0,0.0,0.0,4.0,16.0,37.0,103.0,100.0,60.0,220.0,92.0,114.0,74.0,43.0,22.0,4.0,0.0,0.0,0.0,0.0
2023-09-14,0.0,0.0,0.0,0.0,0.0,0.0,0.0,15.0,117.0,343.0,512.0,653.0,557.0,569.0,587.0,449.0,293.0,209.0,82.0,11.0,0.0,0.0,0.0,0.0
2023-09-15,0.0,0.0,0.0,0.0,0.0,0.0,0.0,7.0,33.0,64.0,102.0,131.0,160.0,114.0,159.0,182.0,252.0,169.0,77.0,9.0,0.0,0.0,0.0,0.0
2023-09-16,0.0,0.0,0.0,0.0,0.0,0.0,0.0,5.0,36.0,103.0,221.0,418.0,454.0,332.0,314.0,142.0,127.0,112.0,55.0,3.0,0.0,0.0,0.0,0.0
2023-09-17,0.0,0.0,0.0,0.0,0.0,0.0,0.0,12.0,63.0,136.0,352.0,542.0,573.0,519.0,319.0,552.0,379.0,262.0,127.0,14.0,0.0,0.0,0.0,0.0
2023-09-18,0.0,0.0,0.0,0.0,0.0,0.0,0.0,9.0,81.0,251.0,464.0,616.0,699.0,640.0,624.0,529.0,467.0,312.0,138.0,13.0,0.0,0.0,0.0,0.0
2023-09-19,0.0,0.0,0.0,0.0,0.0,0.0,0.0,12.0,93.0,205.0,364.0,555.0,612.0,625.0,513.0,362.0,337.0,137.0,83.0,8.0,0.0,0.0,0.0,0.0
2023-09-20,0.0,0.0,0.0,0.0,0.0,0.0,0.0,2.0,28.0,85.0,115.0,69.0,92.0,67.0,65.0,141.0,101.0,43.0,28.0,3.0,0.0,0.0,0.0,0.0
2023-09-21,0.0,0.0,0.0,0.0,0.0,0.0,0.0,8.0,72.0,208.0,301.0,614.0,477.0,371.0,288.0,337.0,267.0,166.0,81.0,7.0,0.0,0.0,0.0,0.0
2023-09-22,0.0,0.0,0.0,0.0,0.0,0.0,0.0,17.0,125.0,299.0,469.0,641.0,764.0,788.0,751.0,654.0,504.0,318.0,127.0,9.0,0.0,0.0,0.0,0.0
2023-09-23,0.0,0.0,0.0,0.0,0.0,0.0,0.0,15.0,140.0,316.0,480.0,622.0,590.0,612.0,583.0,475.0,359.0,279.0,98.0,7.0,0.0,0.0,0.0,0.0
2023-09-24,0.0,0.0,0.0,0.0,0.0,0.0,0.0,16.0,149.0,341.0,519.0,661.0,749.0,754.0,666.0,556.0,381.0,169.0,64.0,5.0,0.0,0.0,0.0,0.0
2023-09-25,0.0,0.0,0.0,0.0,0.0,0.0,0.0,5.0,43.0,160.0,362.0,446.0,478.0,338.0,303.0,197.0,106.0,64.0,15.0,1.0,0.0,0.0,0.0,0.0
2023-09-26,0.0,0.0,0.0,0.0,0.0,0.0,0.0,3.0,21.0,39.0,48.0,90.0,148.0,112.0,121.0,126.0,81.0,33.0,14.0,1.0,0.0,0.0,0.0,0.0
2023-09-27,0.0,0.0,0.0,0.0,0.0,0.0,0.0,3.0,35.0,103.0,152.0,146.0,172.0,347.0,269.0,236.0,276.0,198.0,80.0,3.0,0.0,0.0,0.0,0.0
2023-09-28,0.0,0.0,0.0,0.0,0.0,0.0,0.0,12.0,121.0,288.0,354.0,471.0,540.0,630.0,607.0,537.0,412.0,227.0,85.0,3.0,0.0,0.0,0.0,0.0
2023-09-29,0.0,0.0,0.0,0.0,0.0,0.0,0.0,6.0,102.0,213.0,244.0,501.0,503.0,690.0,709.0,581.0,440.0,273.0,93.0,2.0,0.0,0.0,0.0,0.0
2023-09-30,0.0,0.0,0.0,0.0,0.0,0.0,0.0,10.0,115.0,267.0,306.0,259.0,345.0,562.0,562.0,418.0,307.0,227.0,88.0,2.0,0.0,0.0,0.0,0.0
2023-10-01,0.0,0.0,0.0,0.0,0.0,0.0,0.0,11.0,136.0,326.0,505.0,645.0,730.0,751.0,708.0,589.0,443.0,270.0,89.0,2.0,0.0,0.0,0.0,0.0
2023-10-02,0.0,0.0,0.0,0.0,0.0,0.0,0.0,10.0,132.0,322.0,498.0,640.0,726.0,748.0,706.0,599.0,447.0,241.0,79.0,1.0,0.0,0.0,0.0,0.0
2023-10-03,0.0,0.0,0.0,0.0,0.0,0.0,0.0,3.0,41.0,162.0,220.0,151.0,278.0,380.0,247.0,599.0,363.0,201.0,51.0,1.0,0.0,0.0,0.0,0.0
2023-10-04,0.0,0.0,0.0,0.0,0.0,0.0,0.0,8.0,117.0,285.0,390.0,578.0,687.0,677.0,593.0,310.0,297.0,129.0,29.0,0.0,0.0,0.0,0.0,0.0
2023-10-05,0.0,0.0,0.0,0.0,0.0,0.0,0.0,8.0,129.0,321.0,501.0,641.0,725.0,747.0,702.0,596.0,440.0,253.0,74.0,0.0,0.0,0.0,0.0,0.0
2023-10-06,0.0,0.0,0.0,0.0,0.0,0.0,0.0,7.0,105.0,269.0,428.0,578.0,634.0,715.0,689.0,579.0,399.0,147.0,36.0,0.0,0.0,0.0,0.0,0.0
2023-10-07,0.0,0.0,0.0,0.0,0.0,0.0,0.0,7.0,87.0,211.0,428.0,542.0,574.0,588.0,530.0,458.0,316.0,150.0,52.0,0.0,0.0,0.0,0.0,0.0
2023-10-08,0.0,0.0,0.0,0.0,0.0,0.0,0.0,6.0,107.0,289.0,184.0,359.0,481.0,386.0,200.0,170.0,298.0,208.0,54.0,0.0,0.0,0.0,0.0,0.0
2023-10-09,0.0,0.0,0.0,0.0,0.0,0.0,0.0,2.0,36.0,142.0,130.0,205.0,358.0,658.0,495.0,396.0,226.0,178.0,53.0,0.0,0.0,0.0,0.0,0.0
2023-10-10,0.0,0.0,0.0,0.0,0.0,0.0,0.0,5.0,92.0,253.0,445.0,573.0,667.0,692.0,647.0,536.0,359.0,179.0,51.0,0.0,0.0,0.0,0.0,0.0
2023-10-11,0.0,0.0,0.0,0.0,0.0,0.0,0.0,4.0,80.0,239.0,436.0,556.0,639.0,628.0,575.0,477.0,350.0,195.0,47.0,0.0,0.0,0.0,0.0,0.0
2023-10-12,0.0,0.0,0.0,0.0,0.0,0.0,0.0,4.0,98.0,271.0,440.0,570.0,654.0,673.0,617.0,513.0,382.0,206.0,47.0,0.0,0.0,0.0,0.0,0.0
2023-10-13,0.0,0.0,0.0,0.0,0.0,0.0,0.0,2.0,47.0,171.0,315.0,429.0,387.0,392.0,355.0,298.0,222.0,123.0,31.0,0.0,0.0,0.0,0.0,0.0
2023-10-14,0.0,0.0,0.0,0.0,0.0,0.0,0.0,2.0,53.0,67.0,157.0,215.0,295.0,474.0,442.0,304.0,312.0,179.0,40.0,0.0,0.0,0.0,0.0,0.0
2023-10-15,0.0,0.0,0.0,0.0,0.0,0.0,0.0,3.0,92.0,261.0,364.0,406.0,445.0,489.0,382.0,416.0,344.0,152.0,38.0,0.0,0.0,0.0,0.0,0.0
2023-10-16,0.0,0.0,0.0,0.0,0.0,0.0,0.0,2.0,87.0,257.0,434.0,576.0,664.0,684.0,639.0,533.0,378.0,197.0,39.0,0.0,0.0,0.0,0.0,0.0
2023-10-17,0.0,0.0,0.0,0.0,0.0,0.0,0.0,2.0,86.0,261.0,439.0,575.0,656.0,674.0,627.0,521.0,368.0,188.0,35.0,0.0,0.0,0.0,0.0,0.0
2023-10-18,0.0,0.0,0.0,0.0,0.0,0.0,0.0,2.0,83.0,185.0,402.0,529.0,669.0,531.0,567.0,454.0,314.0,172.0,31.0,0.0,0.0,0.0,0.0,0.0
2023-10-19,0.0,0.0,0.0,0.0,0.0,0.0,0.0,0.0,13.0,36.0,67.0,93.0,99.0,179.0,219.0,235.0,84.0,52.0,9.0,0.0,0.0,0.0,0.0,0.0
2023-10-20,0.0,0.0,0.0,0.0,0.0,0.0,0.0,1.0,84.0,258.0,430.0,566.0,646.0,661.0,615.0,507.0,356.0,179.0,30.0,0.0,0.0,0.0,0.0,0.0
2023-10-21,0.0,0.0,0.0,0.0,0.0,0.0,0.0,0.0,27.0,202.0,395.0,546.0,634.0,606.0,587.0,494.0,347.0,173.0,27.0,0.0,0.0,0.0,0.0,0.0
2023-10-22,0.0,0.0,0.0,0.0,0.0,0.0,0.0,1.0,76.0,243.0,415.0,550.0,627.0,639.0,564.0,431.0,308.0,96.0,18.0,0.0,0.0,0.0,0.0,0.0
2023-10-23,0.0,0.0,0.0,0.0,0.0,0.0,0.0,1.0,51.0,158.0,293.0,444.0,510.0,520.0,469.0,405.0,286.0,137.0,21.0,0.0,0.0,0.0,0.0,0.0
2023-10-24,0.0,0.0,0.0,0.0,0.0,0.0,0.0,1.0,60.0,146.0,284.0,384.0,523.0,408.0,325.0,247.0,189.0,79.0,13.0,0.0,0.0,0.0,0.0,0.0
2023-10-25,0.0,0.0,0.0,0.0,0.0,0.0,0.0,0.0,55.0,167.0,298.0,439.0,427.0,353.0,448.0,430.0,310.0,147.0,19.0,0.0,0.0,0.0,0.0,0.0
2023-10-26,0.0,0.0,0.0,0.0,0.0,0.0,0.0,0.0,16.0,45.0,105.0,192.0,273.0,343.0,264.0,71.0,32.0,25.0,9.0,0.0,0.0,0.0,0.0,0.0
2023-10-27,0.0,0.0,0.0,0.0,0.0,0.0,0.0,0.0,44.0,187.0,350.0,465.0,490.0,475.0,357.0,367.0,250.0,136.0,16.0,0.0,0.0,0.0,0.0,0.0
2023-10-28,0.0,0.0,0.0,0.0,0.0,0.0,0.0,0.0,55.0,199.0,378.0,513.0,592.0,608.0,562.0,460.0,311.0,141.0,16.0,0.0,0.0,0.0,0.0,0.0
2023-10-29,0.0,0.0,0.0,0.0,0.0,0.0,0.0,0.0,57.0,212.0,379.0,506.0,583.0,600.0,554.0,451.0,303.0,135.0,14.0,0.0,0.0,0.0,0.0,0.0
2023-10-30,0.0,0.0,0.0,0.0,0.0,0.0,0.0,0.0,53.0,200.0,370.0,498.0,573.0,591.0,548.0,445.0,298.0,131.0,13.0,0.0,0.0,0.0,0.0,0.0
2023-10-31,0.0,0.0,0.0,0.0,0.0,0.0,0.0,0.0,32.0,129.0,183.0,322.0,471.0,496.0,475.0,384.0,259.0,114.0,11.0,0.0,0.0,0.0,0.0,0.0
2023-11-01,0.0,0.0,0.0,0.0,0.0,0.0,0.0,0.0,5.0,27.0,113.0,144.0,354.0,418.0,442.0,354.0,218.0,102.0,10.0,0.0,0.0,0.0,0.0,0.0
2023-11-02,0.0,0.0,0.0,0.0,0.0,0.0,0.0,0.0,46.0,187.0,342.0,472.0,547.0,566.0,528.0,430.0,285.0,122.0,10.0,0.0,0.0,0.0,0.0,0.0
2023-11-03,0.0,0.0,0.0,0.0,0.0,0.0,0.0,0.0,18.0,55.0,187.0,144.0,191.0,296.0,133.0,126.0,89.0,51.0,5.0,0.0,0.0,0.0,0.0,0.0
2023-11-04,0.0,0.0,0.0,0.0,0.0,0.0,0.0,0.0,31.0,139.0,271.0,332.0,389.0,401.0,388.0,290.0,182.0,92.0,7.0,0.0,0.0,0.0,0.0,0.0
2023-11-05,0.0,0.0,0.0,0.0,0.0,0.0,0.0,0.0,18.0,71.0,28.0,60.0,122.0,159.0,125.0,321.0,46.0,17.0,2.0,0.0,0.0,0.0,0.0,0.0
2023-11-06,0.0,0.0,0.0,0.0,0.0,0.0,0.0,0.0,7.0,33.0,146.0,133.0,323.0,462.0,414.0,343.0,232.0,83.0,7.0,0.0,0.0,0.0,0.0,0.0
2023-11-07,0.0,0.0,0.0,0.0,0.0,0.0,0.0,0.0,26.0,156.0,325.0,466.0,554.0,573.0,523.0,419.0,277.0,112.0,7.0,0.0,0.0,0.0,0.0,0.0
2023-11-08,0.0,0.0,0.0,0.0,0.0,0.0,0.0,0.0,39.0,186.0,334.0,458.0,452.0,493.0,451.0,378.0,258.0,103.0,6.0,0.0,0.0,0.0,0.0,0.0
2023-11-09,0.0,0.0,0.0,0.0,0.0,0.0,0.0,0.0,35.0,166.0,315.0,301.0,233.0,466.0,501.0,273.0,128.0,32.0,1.0,0.0,0.0,0.0,0.0,0.0
2023-11-10,0.0,0.0,0.0,0.0,0.0,0.0,0.0,0.0,36.0,179.0,315.0,479.0,555.0,573.0,529.0,425.0,274.0,107.0,5.0,0.0,0.0,0.0,0.0,0.0
2023-11-11,0.0,0.0,0.0,0.0,0.0,0.0,0.0,0.0,30.0,109.0,193.0,165.0,221.0,376.0,484.0,405.0,261.0,101.0,5.0,0.0,0.0,0.0,0.0,0.0
2023-11-12,0.0,0.0,0.0,0.0,0.0,0.0,0.0,0.0,33.0,178.0,331.0,454.0,558.0,578.0,509.0,407.0,262.0,100.0,4.0,0.0,0.0,0.0,0.0,0.0
2023-11-13,0.0,0.0,0.0,0.0,0.0,0.0,0.0,0.0,32.0,176.0,339.0,469.0,546.0,562.0,514.0,409.0,260.0,98.0,4.0,0.0,0.0,0.0,0.0,0.0
2023-11-14,0.0,0.0,0.0,0.0,0.0,0.0,0.0,0.0,26.0,152.0,299.0,427.0,498.0,504.0,408.0,368.0,229.0,89.0,3.0,0.0,0.0,0.0,0.0,0.0
2023-11-15,0.0,0.0,0.0,0.0,0.0,0.0,0.0,0.0,26.0,154.0,307.0,438.0,515.0,534.0,484.0,332.0,110.0,60.0,3.0,0.0,0.0,0.0,0.0,0.0
2023-11-16,0.0,0.0,0.0,0.0,0.0,0.0,0.0,0.0,6.0,34.0,64.0,54.0,69.0,65.0,50.0,41.0,39.0,47.0,2.0,0.0,0.0,0.0,0.0,0.0
2023-11-17,0.0,0.0,0.0,0.0,0.0,0.0,0.0,0.0,24.0,153.0,317.0,387.0,189.0,233.0,261.0,337.0,217.0,89.0,3.0,0.0,0.0,0.0,0.0,0.0
2023-11-18,0.0,0.0,0.0,0.0,0.0,0.0,0.0,0.0,22.0,152.0,309.0,436.0,515.0,534.0,493.0,390.0,245.0,88.0,2.0,0.0,0.0,0.0,0.0,0.0
2023-11-19,0.0,0.0,0.0,0.0,0.0,0.0,0.0,0.0,20.0,129.0,185.0,267.0,343.0,420.0,416.0,367.0,233.0,74.0,2.0,0.0,0.0,0.0,0.0,0.0
2023-11-20,0.0,0.0,0.0,0.0,0.0,0.0,0.0,0.0,20.0,150.0,306.0,434.0,511.0,528.0,483.0,382.0,239.0,84.0,2.0,0.0,0.0,0.0,0.0,0.0
2023-11-21,0.0,0.0,0.0,0.0,0.0,0.0,0.0,0.0,19.0,142.0,297.0,426.0,504.0,522.0,479.0,379.0,236.0,82.0,2.0,0.0,0.0,0.0,0.0,0.0
2023-11-22,0.0,0.0,0.0,0.0,0.0,0.0,0.0,0.0,17.0,138.0,289.0,414.0,491.0,503.0,452.0,350.0,227.0,63.0,2.0,0.0,0.0,0.0,0.0,0.0
2023-11-23,0.0,0.0,0.0,0.0,0.0,0.0,0.0,0.0,13.0,104.0,284.0,383.0,450.0,500.0,462.0,367.0,207.0,36.0,1.0,0.0,0.0,0.0,0.0,0.0
2023-11-24,0.0,0.0,0.0,0.0,0.0,0.0,0.0,0.0,16.0,140.0,298.0,429.0,508.0,529.0,480.0,381.0,237.0,81.0,2.0,0.0,0.0,0.0,0.0,0.0
2023-11-25,0.0,0.0,0.0,0.0,0.0,0.0,0.0,0.0,15.0,135.0,290.0,418.0,498.0,517.0,475.0,377.0,234.0,79.0,1.0,0.0,0.0,0.0,0.0,0.0
2023-11-26,0.0,0.0,0.0,0.0,0.0,0.0,0.0,0.0,5.0,44.0,152.0,272.0,459.0,402.0,340.0,167.0,69.0,33.0,1.0,0.0,0.0,0.0,0.0,0.0
2023-11-27,0.0,0.0,0.0,0.0,0.0,0.0,0.0,0.0,2.0,20.0,63.0,59.0,73.0,148.0,242.0,195.0,143.0,62.0,1.0,0.0,0.0,0.0,0.0,0.0
2023-11-28,0.0,0.0,0.0,0.0,0.0,0.0,0.0,0.0,12.0,126.0,263.0,363.0,385.0,504.0,460.0,339.0,223.0,74.0,1.0,0.0,0.0,0.0,0.0,0.0
2023-11-29,0.0,0.0,0.0,0.0,0.0,0.0,0.0,0.0,10.0,105.0,215.0,202.0,111.0,133.0,137.0,110.0,119.0,28.0,1.0,0.0,0.0,0.0,0.0,0.0
2023-11-30,0.0,0.0,0.0,0.0,0.0,0.0,0.0,0.0,10.0,122.0,277.0,406.0,486.0,506.0,466.0,369.0,226.0,75.0,1.0,0.0,0.0,0.0,0.0,0.0
2023-12-01,0.0,0.0,0.0,0.0,0.0,0.0,0.0,0.0,9.0,117.0,271.0,401.0,484.0,506.0,464.0,355.0,214.0,70.0,1.0,0.0,0.0,0.0,0.0,0.0
2023-12-02,0.0,0.0,0.0,0.0,0.0,0.0,0.0,0.0,7.0,42.0,154.0,238.0,286.0,347.0,365.0,250.0,198.0,54.0,1.0,0.0,0.0,0.0,0.0,0.0
2023-12-03,0.0,0.0,0.0,0.0,0.0,0.0,0.0,0.0,8.0,113.0,264.0,392.0,472.0,493.0,453.0,358.0,221.0,72.0,1.0,0.0,0.0,0.0,0.0,0.0
2023-12-04,0.0,0.0,0.0,0.0,0.0,0.0,0.0,0.0,7.0,109.0,257.0,382.0,443.0,475.0,435.0,346.0,213.0,69.0,1.0,0.0,0.0,0.0,0.0,0.0
2023-12-05,0.0,0.0,0.0,0.0,0.0,0.0,0.0,0.0,5.0,76.0,213.0,344.0,411.0,371.0,398.0,341.0,208.0,67.0,1.0,0.0,0.0,0.0,0.0,0.0
2023-12-06,0.0,0.0,0.0,0.0,0.0,0.0,0.0,0.0,4.0,59.0,117.0,156.0,230.0,219.0,138.0,135.0,41.0,30.0,0.0,0.0,0.0,0.0,0.0,0.0
2023-12-07,0.0,0.0,0.0,0.0,0.0,0.0,0.0,0.0,6.0,101.0,246.0,355.0,437.0,467.0,434.0,341.0,209.0,67.0,1.0,0.0,0.0,0.0,0.0,0.0
2023-12-08,0.0,0.0,0.0,0.0,0.0,0.0,0.0,0.0,5.0,92.0,236.0,357.0,435.0,458.0,416.0,304.0,190.0,63.0,1.0,0.0,0.0,0.0,0.0,0.0
2023-12-09,0.0,0.0,0.0,0.0,0.0,0.0,0.0,0.0,4.0,77.0,163.0,188.0,248.0,253.0,269.0,262.0,172.0,59.0,1.0,0.0,0.0,0.0,0.0,0.0
2023-12-10,0.0,0.0,0.0,0.0,0.0,0.0,0.0,0.0,4.0,75.0,219.0,341.0,403.0,412.0,397.0,311.0,162.0,53.0,1.0,0.0,0.0,0.0,0.0,0.0
2023-12-11,0.0,0.0,0.0,0.0,0.0,0.0,0.0,0.0,1.0,14.0,90.0,48.0,48.0,35.0,52.0,45.0,43.0,10.0,0.0,0.0,0.0,0.0,0.0,0.0
2023-12-12,0.0,0.0,0.0,0.0,0.0,0.0,0.0,0.0,1.0,27.0,50.0,104.0,164.0,195.0,232.0,326.0,206.0,68.0,1.0,0.0,0.0,0.0,0.0,0.0
2023-12-13,0.0,0.0,0.0,0.0,0.0,0.0,0.0,0.0,3.0,85.0,173.0,252.0,268.0,380.0,330.0,173.0,98.0,40.0,1.0,0.0,0.0,0.0,0.0,0.0
2023-12-14,0.0,0.0,0.0,0.0,0.0,0.0,0.0,0.0,0.0,10.0,21.0,32.0,59.0,58.0,49.0,35.0,28.0,8.0,0.0,0.0,0.0,0.0,0.0,0.0
2023-12-15,0.0,0.0,0.0,0.0,0.0,0.0,0.0,0.0,0.0,11.0,18.0,49.0,95.0,81.0,80.0,96.0,77.0,30.0,0.0,0.0,0.0,0.0,0.0,0.0
2023-12-16,0.0,0.0,0.0,0.0,0.0,0.0,0.0,0.0,1.0,46.0,84.0,211.0,371.0,450.0,435.0,362.0,224.0,71.0,1.0,0.0,0.0,0.0,0.0,0.0
2023-12-17,0.0,0.0,0.0,0.0,0.0,0.0,0.0,0.0,3.0,88.0,231.0,373.0,460.0,488.0,454.0,364.0,228.0,77.0,1.0,0.0,0.0,0.0,0.0,0.0
2023-12-18,0.0,0.0,0.0,0.0,0.0,0.0,0.0,0.0,2.0,71.0,199.0,283.0,349.0,421.0,387.0,298.0,184.0,52.0,1.0,0.0,0.0,0.0,0.0,0.0
2023-12-19,0.0,0.0,0.0,0.0,0.0,0.0,0.0,0.0,2.0,77.0,182.0,271.0,295.0,275.0,218.0,203.0,60.0,22.0,0.0,0.0,0.0,0.0,0.0,0.0
2023-12-20,0.0,0.0,0.0,0.0,0.0,0.0,0.0,0.0,2.0,84.0,232.0,367.0,458.0,473.0,460.0,370.0,234.0,81.0,1.0,0.0,0.0,0.0,0.0,0.0
2023-12-21,0.0,0.0,0.0,0.0,0.0,0.0,0.0,0.0,2.0,83.0,237.0,372.0,462.0,492.0,461.0,371.0,235.0,81.0,2.0,0.0,0.0,0.0,0.0,0.0
2023-12-22,0.0,0.0,0.0,0.0,0.0,0.0,0.0,0.0,1.0,82.0,233.0,368.0,458.0,488.0,458.0,369.0,234.0,82.0,2.0,0.0,0.0,0.0,0.0,0.0
2023-12-23,0.0,0.0,0.0,0.0,0.0,0.0,0.0,0.0,1.0,75.0,195.0,350.0,438.0,470.0,440.0,356.0,226.0,79.0,2.0,0.0,0.0,0.0,0.0,0.0
2023-12-24,0.0,0.0,0.0,0.0,0.0,0.0,0.0,0.0,1.0,64.0,147.0,277.0,433.0,476.0,430.0,336.0,213.0,78.0,2.0,0.0,0.0,0.0,0.0,0.0
2023-12-25,0.0,0.0,0.0,0.0,0.0,0.0,0.0,0.0,0.0,36.0,58.0,110.0,176.0,268.0,280.0,234.0,177.0,68.0,2.0,0.0,0.0,0.0,0.0,0.0
2023-12-26,0.0,0.0,0.0,0.0,0.0,0.0,0.0,0.0,1.0,70.0,186.0,273.0,385.0,416.0,382.0,341.0,226.0,83.0,2.0,0.0,0.0,0.0,0.0,0.0
2023-12-27,0.0,0.0,0.0,0.0,0.0,0.0,0.0,0.0,1.0,74.0,215.0,350.0,438.0,468.0,443.0,359.0,232.0,85.0,2.0,0.0,0.0,0.0,0.0,0.0
2023-12-28,0.0,0.0,0.0,0.0,0.0,0.0,0.0,0.0,1.0,71.0,185.0,323.0,418.0,463.0,447.0,330.0,223.0,85.0,3.0,0.0,0.0,0.0,0.0,0.0
2023-12-29,0.0,0.0,0.0,0.0,0.0,0.0,0.0,0.0,1.0,45.0,104.0,173.0,285.0,324.0,383.0,282.0,166.0,59.0,2.0,0.0,0.0,0.0,0.0,0.0
2023-12-30,0.0,0.0,0.0,0.0,0.0,0.0,0.0,0.0,0.0,16.0,24.0,35.0,55.0,64.0,60.0,61.0,43.0,12.0,1.0,0.0,0.0,0.0,0.0,0.0
2023-12-31,0.0,0.0,0.0,0.0,0.0,0.0,0.0,0.0,0.0,26.0,135.0,265.0,290.0,226.0,285.0,239.0,166.0,77.0,3.0,0.0,0.0,0.0,0.0,0.0
