"# hourly global horizontal irradiance (W/m2), Keflavik, Iceland (NAS Keflavik area) (63.99N -22.56E), 2023"
"# source: Open-Meteo ERA5 archive (open-meteo.com), CC-BY 4.0; local time auto"
date,h0,h1,h2,h3,h4,h5,h6,h7,h8,h9,h10,h11,h12,h13,h14,h15,h16,h17,h18,h19,h20,h21,h22,h23
2023-01-01,0.0,0.0,0.0,0.0,0.0,0.0,0.0,0.0,0.0,0.0,0.0,0.0,2.0,18.0,28.0,22.0,4.0,0.0,0.0,0.0,0.0,0.0,0.0,0.0
2023-01-02,0.0,0.0,0.0,0.0,0.0,0.0,0.0,0.0,0.0,0.0,0.0,0.0,2.0,17.0,25.0,16.0,3.0,0.0,0.0,0.0,0.0,0.0,0.0,0.0
2023-01-03,0.0,0.0,0.0,0.0,0.0,0.0,0.0,0.0,0.0,0.0,0.0,0.0,2.0,14.0,26.0,19.0,3.0,0.0,0.0,0.0,0.0,0.0,0.0,0.0
2023-01-04,0.0,0.0,0.0,0.0,0.0,0.0,0.0,0.0,0.0,0.0,0.0,0.0,3.0,25.0,38.0,29.0,6.0,0.0,0.0,0.0,0.0,0.0,0.0,0.0
2023-01-05,0.0,0.0,0.0,0.0,0.0,0.0,0.0,0.0,0.0,0.0,0.0,0.0,3.0,25.0,36.0,28.0,7.0,0.0,0.0,0.0,0.0,0.0,0.0,0.0
2023-01-06,0.0,0.0,0.0,0.0,0.0,0.0,0.0,0.0,0.0,0.0,0.0,0.0,2.0,7.0,14.0,14.0,4.0,0.0,0.0,0.0,0.0,0.0,0.0,0.0
2023-01-07,0.0,0.0,0.0,0.0,0.0,0.0,0.0,0.0,0.0,0.0,0.0,0.0,3.0,19.0,22.0,19.0,5.0,0.0,0.0,0.0,0.0,0.0,0.0,0.0
2023-01-08,0.0,0.0,0.0,0.0,0.0,0.0,0.0,0.0,0.0,0.0,0.0,0.0,3.0,15.0,19.0,18.0,6.0,0.0,0.0,0.0,0.0,0.0,0.0,0.0
2023-01-09,0.0,0.0,0.0,0.0,0.0,0.0,0.0,0.0,0.0,0.0,0.0,0.0,5.0,26.0,39.0,32.0,9.0,0.0,0.0,0.0,0.0,0.0,0.0,0.0
2023-01-10,0.0,0.0,0.0,0.0,0.0,0.0,0.0,0.0,0.0,0.0,0.0,0.0,6.0,24.0,30.0,32.0,10.0,0.0,0.0,0.0,0.0,0.0,0.0,0.0
2023-01-11,0.0,0.0,0.0,0.0,0.0,0.0,0.0,0.0,0.0,0.0,0.0,0.0,7.0,35.0,49.0,41.0,15.0,0.0,0.0,0.0,0.0,0.0,0.0,0.0
2023-01-12,0.0,0.0,0.0,0.0,0.0,0.0,0.0,0.0,0.0,0.0,0.0,0.0,5.0,19.0,40.0,39.0,16.0,0.0,0.0,0.0,0.0,0.0,0.0,0.0
2023-01-13,0.0,0.0,0.0,0.0,0.0,0.0,0.0,0.0,0.0,0.0,0.0,0.0,10.0,36.0,50.0,43.0,18.0,0.0,0.0,0.0,0.0,0.0,0.0,0.0
2023-01-14,0.0,0.0,0.0,0.0,0.0,0.0,0.0,0.0,0.0,0.0,0.0,0.0,11.0,44.0,60.0,52.0,22.0,0.0,0.0,0.0,0.0,0.0,0.0,0.0
2023-01-15,0.0,0.0,0.0,0.0,0.0,0.0,0.0,0.0,0.0,0.0,0.0,0.0,13.0,46.0,62.0,54.0,25.0,1.0,0.0,0.0,0.0,0.0,0.0,0.0
2023-01-16,0.0,0.0,0.0,0.0,0.0,0.0,0.0,0.0,0.0,0.0,0.0,0.0,15.0,49.0,65.0,56.0,26.0,1.0,0.0,0.0,0.0,0.0,0.0,0.0
2023-01-17,0.0,0.0,0.0,0.0,0.0,0.0,0.0,0.0,0.0,0.0,0.0,0.0,16.0,50.0,67.0,59.0,29.0,1.0,0.0,0.0,0.0,0.0,0.0,0.0
2023-01-18,0.0,0.0,0.0,0.0,0.0,0.0,0.0,0.0,0.0,0.0,0.0,0.0,18.0,54.0,72.0,64.0,32.0,2.0,0.0,0.0,0.0,0.0,0.0,0.0
2023-01-19,0.0,0.0,0.0,0.0,0.0,0.0,0.0,0.0,0.0,0.0,0.0,0.0,19.0,51.0,64.0,57.0,27.0,2.0,0.0,0.0,0.0,0.0,0.0,0.0
2023-01-20,0.0,0.0,0.0,0.0,0.0,0.0,0.0,0.0,0.0,0.0,0.0,0.0,2.0,6.0,6.0,6.0,6.0,0.0,0.0,0.0,0.0,0.0,0.0,0.0
2023-01-21,0.0,0.0,0.0,0.0,0.0,0.0,0.0,0.0,0.0,0.0,0.0,0.0,5.0,18.0,36.0,39.0,14.0,3.0,0.0,0.0,0.0,0.0,0.0,0.0
2023-01-22,0.0,0.0,0.0,0.0,0.0,0.0,0.0,0.0,0.0,0.0,0.0,0.0,23.0,45.0,74.0,60.0,38.0,5.0,0.0,0.0,0.0,0.0,0.0,0.0
2023-01-23,0.0,0.0,0.0,0.0,0.0,0.0,0.0,0.0,0.0,0.0,0.0,1.0,26.0,61.0,73.0,53.0,31.0,4.0,0.0,0.0,0.0,0.0,0.0,0.0
2023-01-24,0.0,0.0,0.0,0.0,0.0,0.0,0.0,0.0,0.0,0.0,0.0,1.0,18.0,42.0,60.0,41.0,31.0,7.0,0.0,0.0,0.0,0.0,0.0,0.0
2023-01-25,0.0,0.0,0.0,0.0,0.0,0.0,0.0,0.0,0.0,0.0,0.0,2.0,28.0,44.0,62.0,34.0,12.0,4.0,0.0,0.0,0.0,0.0,0.0,0.0
2023-01-26,0.0,0.0,0.0,0.0,0.0,0.0,0.0,0.0,0.0,0.0,0.0,0.0,2.0,8.0,10.0,15.0,17.0,3.0,0.0,0.0,0.0,0.0,0.0,0.0
2023-01-27,0.0,0.0,0.0,0.0,0.0,0.0,0.0,0.0,0.0,0.0,0.0,3.0,36.0,60.0,60.0,42.0,40.0,13.0,0.0,0.0,0.0,0.0,0.0,0.0
2023-01-28,0.0,0.0,0.0,0.0,0.0,0.0,0.0,0.0,0.0,0.0,0.0,0.0,3.0,15.0,23.0,29.0,51.0,15.0,0.0,0.0,0.0,0.0,0.0,0.0
2023-01-29,0.0,0.0,0.0,0.0,0.0,0.0,0.0,0.0,0.0,0.0,0.0,4.0,34.0,12.0,54.0,82.0,59.0,17.0,0.0,0.0,0.0,0.0,0.0,0.0
2023-01-30,0.0,0.0,0.0,0.0,0.0,0.0,0.0,0.0,0.0,0.0,0.0,2.0,12.0,24.0,21.0,18.0,10.0,2.0,0.0,0.0,0.0,0.0,0.0,0.0
2023-01-31,0.0,0.0,0.0,0.0,0.0,0.0,0.0,0.0,0.0,0.0,0.0,2.0,17.0,23.0,49.0,50.0,34.0,16.0,0.0,0.0,0.0,0.0,0.0,0.0
2023-02-01,0.0,0.0,0.0,0.0,0.0,0.0,0.0,0.0,0.0,0.0,0.0,10.0,57.0,68.0,83.0,104.0,68.0,25.0,0.0,0.0,0.0,0.0,0.0,0.0
2023-02-02,0.0,0.0,0.0,0.0,0.0,0.0,0.0,0.0,0.0,0.0,0.0,5.0,32.0,18.0,9.0,37.0,50.0,27.0,1.0,0.0,0.0,0.0,0.0,0.0
2023-02-03,0.0,0.0,0.0,0.0,0.0,0.0,0.0,0.0,0.0,0.0,0.0,2.0,10.0,20.0,39.0,12.0,17.0,17.0,1.0,0.0,0.0,0.0,0.0,0.0
2023-02-04,0.0,0.0,0.0,0.0,0.0,0.0,0.0,0.0,0.0,0.0,0.0,12.0,50.0,95.0,123.0,114.0,73.0,37.0,2.0,0.0,0.0,0.0,0.0,0.0
2023-02-05,0.0,0.0,0.0,0.0,0.0,0.0,0.0,0.0,0.0,0.0,0.0,1.0,8.0,45.0,21.0,16.0,19.0,17.0,1.0,0.0,0.0,0.0,0.0,0.0
2023-02-06,0.0,0.0,0.0,0.0,0.0,0.0,0.0,0.0,0.0,0.0,0.0,15.0,73.0,109.0,103.0,96.0,55.0,24.0,3.0,0.0,0.0,0.0,0.0,0.0
2023-02-07,0.0,0.0,0.0,0.0,0.0,0.0,0.0,0.0,0.0,0.0,0.0,15.0,60.0,116.0,133.0,115.0,65.0,37.0,4.0,0.0,0.0,0.0,0.0,0.0
2023-02-08,0.0,0.0,0.0,0.0,0.0,0.0,0.0,0.0,0.0,0.0,0.0,23.0,80.0,91.0,115.0,98.0,87.0,43.0,5.0,0.0,0.0,0.0,0.0,0.0
2023-02-09,0.0,0.0,0.0,0.0,0.0,0.0,0.0,0.0,0.0,0.0,0.0,27.0,56.0,108.0,75.0,60.0,41.0,27.0,5.0,0.0,0.0,0.0,0.0,0.0
2023-02-10,0.0,0.0,0.0,0.0,0.0,0.0,0.0,0.0,0.0,0.0,0.0,12.0,25.0,28.0,12.0,9.0,24.0,23.0,7.0,0.0,0.0,0.0,0.0,0.0
2023-02-11,0.0,0.0,0.0,0.0,0.0,0.0,0.0,0.0,0.0,0.0,0.0,11.0,21.0,104.0,154.0,138.0,104.0,47.0,12.0,0.0,0.0,0.0,0.0,0.0
2023-02-12,0.0,0.0,0.0,0.0,0.0,0.0,0.0,0.0,0.0,0.0,0.0,19.0,68.0,51.0,120.0,77.0,24.0,7.0,2.0,0.0,0.0,0.0,0.0,0.0
2023-02-13,0.0,0.0,0.0,0.0,0.0,0.0,0.0,0.0,0.0,0.0,0.0,3.0,10.0,23.0,18.0,13.0,29.0,44.0,14.0,0.0,0.0,0.0,0.0,0.0
2023-02-14,0.0,0.0,0.0,0.0,0.0,0.0,0.0,0.0,0.0,0.0,3.0,48.0,104.0,126.0,122.0,157.0,121.0,73.0,13.0,0.0,0.0,0.0,0.0,0.0
2023-02-15,0.0,0.0,0.0,0.0,0.0,0.0,0.0,0.0,0.0,0.0,4.0,44.0,126.0,171.0,204.0,176.0,115.0,70.0,13.0,0.0,0.0,0.0,0.0,0.0
2023-02-16,0.0,0.0,0.0,0.0,0.0,0.0,0.0,0.0,0.0,0.0,6.0,58.0,128.0,169.0,176.0,167.0,126.0,80.0,23.0,0.0,0.0,0.0,0.0,0.0
2023-02-17,0.0,0.0,0.0,0.0,0.0,0.0,0.0,0.0,0.0,0.0,7.0,67.0,132.0,153.0,118.0,135.0,130.0,89.0,25.0,0.0,0.0,0.0,0.0,0.0
2023-02-18,0.0,0.0,0.0,0.0,0.0,0.0,0.0,0.0,0.0,0.0,5.0,43.0,71.0,89.0,80.0,54.0,27.0,36.0,14.0,0.0,0.0,0.0,0.0,0.0
2023-02-19,0.0,0.0,0.0,0.0,0.0,0.0,0.0,0.0,0.0,0.0,1.0,5.0,8.0,18.0,15.0,13.0,39.0,30.0,22.0,0.0,0.0,0.0,0.0,0.0
2023-02-20,0.0,0.0,0.0,0.0,0.0,0.0,0.0,0.0,0.0,0.0,14.0,58.0,122.0,181.0,223.0,232.0,187.0,117.0,38.0,1.0,0.0,0.0,0.0,0.0
2023-02-21,0.0,0.0,0.0,0.0,0.0,0.0,0.0,0.0,0.0,0.0,7.0,35.0,71.0,83.0,123.0,162.0,157.0,106.0,50.0,2.0,0.0,0.0,0.0,0.0
2023-02-22,0.0,0.0,0.0,0.0,0.0,0.0,0.0,0.0,0.0,0.0,12.0,44.0,54.0,48.0,58.0,57.0,57.0,23.0,8.0,0.0,0.0,0.0,0.0,0.0
2023-02-23,0.0,0.0,0.0,0.0,0.0,0.0,0.0,0.0,0.0,0.0,10.0,55.0,107.0,76.0,80.0,59.0,61.0,39.0,19.0,1.0,0.0,0.0,0.0,0.0
2023-02-24,0.0,0.0,0.0,0.0,0.0,0.0,0.0,0.0,0.0,0.0,15.0,24.0,84.0,74.0,82.0,157.0,77.0,40.0,20.0,1.0,0.0,0.0,0.0,0.0
2023-02-25,0.0,0.0,0.0,0.0,0.0,0.0,0.0,0.0,0.0,0.0,3.0,8.0,20.0,16.0,27.0,32.0,27.0,18.0,7.0,1.0,0.0,0.0,0.0,0.0
2023-02-26,0.0,0.0,0.0,0.0,0.0,0.0,0.0,0.0,0.0,0.0,4.0,23.0,109.0,149.0,95.0,51.0,44.0,30.0,20.0,2.0,0.0,0.0,0.0,0.0
2023-02-27,0.0,0.0,0.0,0.0,0.0,0.0,0.0,0.0,0.0,0.0,15.0,67.0,46.0,145.0,93.0,65.0,152.0,80.0,39.0,3.0,0.0,0.0,0.0,0.0
2023-02-28,0.0,0.0,0.0,0.0,0.0,0.0,0.0,0.0,0.0,0.0,7.0,43.0,182.0,124.0,248.0,192.0,163.0,130.0,73.0,10.0,0.0,0.0,0.0,0.0
2023-03-01,0.0,0.0,0.0,0.0,0.0,0.0,0.0,0.0,0.0,1.0,35.0,110.0,127.0,189.0,220.0,191.0,169.0,125.0,17.0,2.0,0.0,0.0,0.0,0.0
2023-03-02,0.0,0.0,0.0,0.0,0.0,0.0,0.0,0.0,0.0,1.0,36.0,82.0,66.0,42.0,120.0,134.0,165.0,66.0,32.0,10.0,0.0,0.0,0.0,0.0
2023-03-03,0.0,0.0,0.0,0.0,0.0,0.0,0.0,0.0,0.0,1.0,25.0,32.0,48.0,104.0,132.0,205.0,191.0,91.0,26.0,7.0,0.0,0.0,0.0,0.0
2023-03-04,0.0,0.0,0.0,0.0,0.0,0.0,0.0,0.0,0.0,3.0,44.0,113.0,195.0,80.0,148.0,193.0,203.0,124.0,80.0,18.0,0.0,0.0,0.0,0.0
2023-03-05,0.0,0.0,0.0,0.0,0.0,0.0,0.0,0.0,0.0,3.0,42.0,83.0,86.0,180.0,228.0,190.0,131.0,86.0,47.0,12.0,0.0,0.0,0.0,0.0
2023-03-06,0.0,0.0,0.0,0.0,0.0,0.0,0.0,0.0,0.0,8.0,80.0,176.0,260.0,317.0,342.0,330.0,284.0,205.0,114.0,27.0,0.0,0.0,0.0,0.0
2023-03-07,0.0,0.0,0.0,0.0,0.0,0.0,0.0,0.0,0.0,7.0,52.0,115.0,239.0,311.0,327.0,258.0,262.0,209.0,119.0,31.0,0.0,0.0,0.0,0.0
2023-03-08,0.0,0.0,0.0,0.0,0.0,0.0,0.0,0.0,0.0,13.0,94.0,195.0,281.0,337.0,362.0,351.0,305.0,228.0,132.0,38.0,0.0,0.0,0.0,0.0
2023-03-09,0.0,0.0,0.0,0.0,0.0,0.0,0.0,0.0,0.0,12.0,77.0,172.0,231.0,186.0,236.0,224.0,217.0,158.0,92.0,31.0,0.0,0.0,0.0,0.0
2023-03-10,0.0,0.0,0.0,0.0,0.0,0.0,0.0,0.0,0.0,19.0,107.0,207.0,293.0,349.0,375.0,365.0,319.0,242.0,146.0,47.0,0.0,0.0,0.0,0.0
2023-03-11,0.0,0.0,0.0,0.0,0.0,0.0,0.0,0.0,0.0,23.0,116.0,219.0,304.0,362.0,386.0,372.0,320.0,249.0,148.0,50.0,1.0,0.0,0.0,0.0
2023-03-12,0.0,0.0,0.0,0.0,0.0,0.0,0.0,0.0,0.0,26.0,121.0,225.0,310.0,366.0,390.0,378.0,331.0,255.0,157.0,55.0,1.0,0.0,0.0,0.0
2023-03-13,0.0,0.0,0.0,0.0,0.0,0.0,0.0,0.0,0.0,29.0,121.0,208.0,290.0,318.0,334.0,296.0,255.0,224.0,148.0,58.0,2.0,0.0,0.0,0.0
2023-03-14,0.0,0.0,0.0,0.0,0.0,0.0,0.0,0.0,0.0,29.0,118.0,208.0,283.0,341.0,379.0,355.0,323.0,256.0,153.0,59.0,3.0,0.0,0.0,0.0
2023-03-15,0.0,0.0,0.0,0.0,0.0,0.0,0.0,0.0,0.0,41.0,142.0,247.0,334.0,388.0,415.0,406.0,357.0,279.0,179.0,73.0,4.0,0.0,0.0,0.0
2023-03-16,0.0,0.0,0.0,0.0,0.0,0.0,0.0,0.0,0.0,47.0,151.0,258.0,344.0,397.0,418.0,382.0,306.0,205.0,116.0,49.0,4.0,0.0,0.0,0.0
2023-03-17,0.0,0.0,0.0,0.0,0.0,0.0,0.0,0.0,0.0,30.0,92.0,159.0,232.0,285.0,295.0,306.0,261.0,202.0,149.0,73.0,6.0,0.0,0.0,0.0
2023-03-18,0.0,0.0,0.0,0.0,0.0,0.0,0.0,0.0,1.0,50.0,143.0,251.0,328.0,339.0,382.0,333.0,249.0,195.0,58.0,43.0,6.0,0.0,0.0,0.0
2023-03-19,0.0,0.0,0.0,0.0,0.0,0.0,0.0,0.0,2.0,60.0,165.0,259.0,339.0,388.0,409.0,374.0,297.0,222.0,190.0,84.0,9.0,0.0,0.0,0.0
2023-03-20,0.0,0.0,0.0,0.0,0.0,0.0,0.0,0.0,1.0,40.0,64.0,213.0,298.0,308.0,325.0,379.0,361.0,282.0,177.0,78.0,10.0,0.0,0.0,0.0
2023-03-21,0.0,0.0,0.0,0.0,0.0,0.0,0.0,0.0,1.0,8.0,20.0,35.0,57.0,50.0,54.0,76.0,77.0,98.0,67.0,12.0,2.0,0.0,0.0,0.0
2023-03-22,0.0,0.0,0.0,0.0,0.0,0.0,0.0,0.0,4.0,50.0,74.0,150.0,279.0,323.0,397.0,417.0,373.0,273.0,176.0,94.0,17.0,0.0,0.0,0.0
2023-03-23,0.0,0.0,0.0,0.0,0.0,0.0,0.0,0.0,8.0,78.0,150.0,211.0,262.0,402.0,401.0,428.0,385.0,304.0,207.0,83.0,16.0,0.0,0.0,0.0
2023-03-24,0.0,0.0,0.0,0.0,0.0,0.0,0.0,0.0,10.0,89.0,201.0,307.0,393.0,446.0,476.0,465.0,407.0,312.0,218.0,115.0,22.0,0.0,0.0,0.0
2023-03-25,0.0,0.0,0.0,0.0,0.0,0.0,0.0,0.0,12.0,93.0,202.0,306.0,392.0,452.0,476.0,459.0,409.0,310.0,197.0,88.0,15.0,0.0,0.0,0.0
2023-03-26,0.0,0.0,0.0,0.0,0.0,0.0,0.0,0.0,5.0,66.0,105.0,144.0,198.0,451.0,458.0,417.0,356.0,319.0,232.0,125.0,28.0,0.0,0.0,0.0
2023-03-27,0.0,0.0,0.0,0.0,0.0,0.0,0.0,0.0,17.0,106.0,220.0,321.0,414.0,474.0,494.0,479.0,429.0,347.0,246.0,132.0,32.0,0.0,0.0,0.0
2023-03-28,0.0,0.0,0.0,0.0,0.0,0.0,0.0,0.0,13.0,58.0,129.0,222.0,292.0,305.0,262.0,268.0,226.0,181.0,83.0,37.0,9.0,0.0,0.0,0.0
2023-03-29,0.0,0.0,0.0,0.0,0.0,0.0,0.0,0.0,4.0,13.0,21.0,44.0,37.0,60.0,56.0,62.0,90.0,97.0,72.0,23.0,8.0,0.0,0.0,0.0
2023-03-30,0.0,0.0,0.0,0.0,0.0,0.0,0.0,0.0,4.0,14.0,27.0,41.0,82.0,62.0,90.0,63.0,108.0,87.0,181.0,124.0,31.0,0.0,0.0,0.0
2023-03-31,0.0,0.0,0.0,0.0,0.0,0.0,0.0,0.0,17.0,39.0,111.0,128.0,211.0,74.0,49.0,52.0,39.0,33.0,32.0,31.0,6.0,0.0,0.0,0.0
2023-04-01,0.0,0.0,0.0,0.0,0.0,0.0,0.0,0.0,29.0,97.0,117.0,148.0,253.0,157.0,329.0,277.0,242.0,123.0,103.0,68.0,17.0,0.0,0.0,0.0
2023-04-02,0.0,0.0,0.0,0.0,0.0,0.0,0.0,0.0,36.0,106.0,227.0,196.0,225.0,372.0,325.0,303.0,155.0,161.0,72.0,51.0,17.0,1.0,0.0,0.0
2023-04-03,0.0,0.0,0.0,0.0,0.0,0.0,0.0,0.0,4.0,19.0,38.0,40.0,48.0,93.0,141.0,95.0,109.0,59.0,63.0,31.0,8.0,0.0,0.0,0.0
2023-04-04,0.0,0.0,0.0,0.0,0.0,0.0,0.0,0.0,4.0,12.0,28.0,48.0,60.0,77.0,152.0,274.0,151.0,141.0,62.0,21.0,9.0,1.0,0.0,0.0
2023-04-05,0.0,0.0,0.0,0.0,0.0,0.0,0.0,1.0,18.0,82.0,199.0,273.0,173.0,396.0,430.0,368.0,236.0,236.0,145.0,107.0,47.0,3.0,0.0,0.0
2023-04-06,0.0,0.0,0.0,0.0,0.0,0.0,0.0,2.0,50.0,115.0,238.0,338.0,446.0,419.0,415.0,420.0,394.0,369.0,270.0,172.0,60.0,5.0,0.0,0.0
2023-04-07,0.0,0.0,0.0,0.0,0.0,0.0,0.0,1.0,8.0,21.0,32.0,65.0,99.0,118.0,70.0,134.0,142.0,53.0,31.0,14.0,12.0,4.0,0.0,0.0
2023-04-08,0.0,0.0,0.0,0.0,0.0,0.0,0.0,4.0,29.0,95.0,121.0,109.0,270.0,363.0,313.0,256.0,329.0,382.0,256.0,153.0,75.0,7.0,0.0,0.0
2023-04-09,0.0,0.0,0.0,0.0,0.0,0.0,0.0,3.0,52.0,35.0,43.0,25.0,46.0,55.0,50.0,53.0,75.0,120.0,94.0,56.0,13.0,1.0,0.0,0.0
2023-04-10,0.0,0.0,0.0,0.0,0.0,0.0,0.0,7.0,71.0,165.0,270.0,355.0,424.0,464.0,506.0,351.0,256.0,322.0,233.0,136.0,39.0,4.0,0.0,0.0
2023-04-11,0.0,0.0,0.0,0.0,0.0,0.0,0.0,6.0,41.0,58.0,88.0,82.0,99.0,103.0,95.0,116.0,150.0,178.0,150.0,117.0,49.0,9.0,0.0,0.0
2023-04-12,0.0,0.0,0.0,0.0,0.0,0.0,0.0,12.0,79.0,172.0,269.0,353.0,444.0,406.0,439.0,390.0,334.0,322.0,252.0,149.0,79.0,13.0,0.0,0.0
2023-04-13,0.0,0.0,0.0,0.0,0.0,0.0,0.0,15.0,95.0,203.0,320.0,431.0,509.0,522.0,529.0,551.0,458.0,382.0,217.0,165.0,67.0,4.0,0.0,0.0
2023-04-14,0.0,0.0,0.0,0.0,0.0,0.0,0.0,17.0,100.0,213.0,321.0,410.0,505.0,561.0,581.0,565.0,513.0,429.0,328.0,218.0,106.0,21.0,0.0,0.0
2023-04-15,0.0,0.0,0.0,0.0,0.0,0.0,0.0,21.0,106.0,218.0,284.0,396.0,413.0,384.0,413.0,407.0,347.0,344.0,297.0,161.0,71.0,17.0,0.0,0.0
2023-04-16,0.0,0.0,0.0,0.0,0.0,0.0,0.0,4.0,7.0,31.0,51.0,29.0,255.0,97.0,111.0,180.0,105.0,76.0,51.0,27.0,7.0,1.0,0.0,0.0
2023-04-17,0.0,0.0,0.0,0.0,0.0,0.0,0.0,16.0,51.0,215.0,293.0,357.0,442.0,428.0,420.0,420.0,213.0,196.0,131.0,162.0,109.0,26.0,0.0,0.0
2023-04-18,0.0,0.0,0.0,0.0,0.0,0.0,0.0,21.0,66.0,129.0,251.0,334.0,314.0,343.0,313.0,334.0,218.0,88.0,87.0,33.0,13.0,4.0,0.0,0.0
2023-04-19,0.0,0.0,0.0,0.0,0.0,0.0,0.0,8.0,32.0,51.0,47.0,62.0,76.0,346.0,176.0,193.0,206.0,148.0,74.0,66.0,41.0,24.0,0.0,0.0
2023-04-20,0.0,0.0,0.0,0.0,0.0,0.0,0.0,14.0,54.0,96.0,151.0,232.0,374.0,336.0,501.0,471.0,469.0,391.0,321.0,227.0,125.0,37.0,0.0,0.0
2023-04-21,0.0,0.0,0.0,0.0,0.0,0.0,1.0,33.0,124.0,232.0,306.0,378.0,363.0,521.0,580.0,553.0,520.0,456.0,356.0,245.0,126.0,39.0,1.0,0.0
2023-04-22,0.0,0.0,0.0,0.0,0.0,0.0,0.0,7.0,20.0,45.0,76.0,99.0,91.0,66.0,90.0,109.0,96.0,59.0,41.0,30.0,20.0,5.0,0.0,0.0
2023-04-23,0.0,0.0,0.0,0.0,0.0,0.0,0.0,7.0,20.0,46.0,86.0,211.0,272.0,325.0,422.0,489.0,510.0,456.0,358.0,232.0,119.0,39.0,2.0,0.0
2023-04-24,0.0,0.0,0.0,0.0,0.0,0.0,2.0,17.0,25.0,74.0,264.0,345.0,398.0,379.0,392.0,425.0,292.0,246.0,204.0,112.0,87.0,31.0,2.0,0.0
2023-04-25,0.0,0.0,0.0,0.0,0.0,0.0,3.0,40.0,91.0,177.0,320.0,411.0,490.0,601.0,606.0,534.0,373.0,298.0,194.0,118.0,54.0,27.0,1.0,0.0
2023-04-26,0.0,0.0,0.0,0.0,0.0,0.0,4.0,51.0,107.0,71.0,91.0,158.0,189.0,132.0,111.0,116.0,112.0,87.0,63.0,36.0,39.0,10.0,1.0,0.0
2023-04-27,0.0,0.0,0.0,0.0,0.0,0.0,5.0,44.0,68.0,169.0,257.0,318.0,395.0,408.0,359.0,335.0,229.0,295.0,254.0,204.0,143.0,57.0,5.0,0.0
2023-04-28,0.0,0.0,0.0,0.0,0.0,0.0,2.0,19.0,42.0,57.0,91.0,93.0,133.0,245.0,215.0,215.0,247.0,277.0,289.0,277.0,168.0,72.0,7.0,0.0
2023-04-29,0.0,0.0,0.0,0.0,0.0,0.0,9.0,64.0,131.0,247.0,365.0,486.0,551.0,485.0,498.0,531.0,457.0,400.0,354.0,266.0,145.0,54.0,8.0,0.0
2023-04-30,0.0,0.0,0.0,0.0,0.0,0.0,5.0,27.0,80.0,186.0,342.0,450.0,500.0,635.0,623.0,603.0,563.0,512.0,421.0,303.0,184.0,78.0,10.0,0.0
2023-05-01,0.0,0.0,0.0,0.0,0.0,0.0,12.0,69.0,155.0,279.0,359.0,424.0,460.0,471.0,526.0,552.0,442.0,372.0,229.0,176.0,141.0,54.0,9.0,0.0
2023-05-02,0.0,0.0,0.0,0.0,0.0,0.0,7.0,44.0,126.0,130.0,204.0,145.0,140.0,239.0,151.0,115.0,73.0,71.0,44.0,29.0,18.0,11.0,2.0,0.0
2023-05-03,0.0,0.0,0.0,0.0,0.0,0.0,7.0,42.0,83.0,57.0,193.0,318.0,272.0,146.0,239.0,185.0,159.0,86.0,74.0,54.0,30.0,22.0,6.0,0.0
2023-05-04,0.0,0.0,0.0,0.0,0.0,0.0,2.0,12.0,21.0,33.0,58.0,95.0,102.0,60.0,80.0,124.0,134.0,124.0,152.0,73.0,19.0,12.0,2.0,0.0
2023-05-05,0.0,0.0,0.0,0.0,0.0,0.0,3.0,14.0,35.0,54.0,99.0,109.0,114.0,276.0,190.0,56.0,56.0,56.0,60.0,51.0,63.0,25.0,7.0,0.0
2023-05-06,0.0,0.0,0.0,0.0,0.0,0.0,5.0,40.0,82.0,164.0,130.0,126.0,286.0,322.0,284.0,140.0,110.0,110.0,147.0,77.0,29.0,17.0,5.0,0.0
2023-05-07,0.0,0.0,0.0,0.0,0.0,0.0,6.0,19.0,42.0,193.0,341.0,342.0,134.0,259.0,277.0,148.0,106.0,75.0,98.0,81.0,59.0,29.0,6.0,0.0
2023-05-08,0.0,0.0,0.0,0.0,0.0,0.0,13.0,43.0,67.0,50.0,72.0,63.0,73.0,69.0,64.0,75.0,73.0,61.0,46.0,28.0,24.0,14.0,4.0,0.0
2023-05-09,0.0,0.0,0.0,0.0,0.0,0.0,16.0,48.0,103.0,112.0,168.0,234.0,275.0,177.0,192.0,219.0,147.0,104.0,102.0,60.0,39.0,17.0,3.0,0.0
2023-05-10,0.0,0.0,0.0,0.0,0.0,0.0,11.0,28.0,54.0,94.0,132.0,192.0,244.0,255.0,253.0,295.0,325.0,268.0,199.0,253.0,196.0,93.0,28.0,0.0
2023-05-11,0.0,0.0,0.0,0.0,0.0,1.0,13.0,38.0,70.0,128.0,170.0,176.0,197.0,193.0,197.0,172.0,104.0,154.0,78.0,44.0,22.0,9.0,3.0,0.0
2023-05-12,0.0,0.0,0.0,0.0,0.0,0.0,9.0,15.0,41.0,45.0,106.0,221.0,181.0,359.0,366.0,591.0,542.0,154.0,106.0,234.0,143.0,111.0,35.0,1.0
2023-05-13,0.0,0.0,0.0,0.0,0.0,3.0,40.0,99.0,114.0,169.0,175.0,234.0,196.0,179.0,148.0,89.0,91.0,72.0,31.0,26.0,18.0,8.0,3.0,0.0
2023-05-14,0.0,0.0,0.0,0.0,0.0,1.0,19.0,74.0,142.0,236.0,427.0,502.0,588.0,598.0,662.0,620.0,599.0,525.0,437.0,330.0,203.0,80.0,15.0,1.0
2023-05-15,0.0,0.0,0.0,0.0,0.0,0.0,5.0,28.0,82.0,141.0,355.0,410.0,434.0,539.0,548.0,620.0,571.0,517.0,437.0,358.0,246.0,135.0,47.0,3.0
2023-05-16,0.0,0.0,0.0,0.0,0.0,4.0,39.0,89.0,168.0,190.0,226.0,134.0,77.0,150.0,117.0,253.0,147.0,114.0,87.0,100.0,121.0,28.0,13.0,1.0
2023-05-17,0.0,0.0,0.0,0.0,0.0,1.0,10.0,33.0,69.0,146.0,336.0,364.0,424.0,476.0,365.0,305.0,279.0,206.0,197.0,112.0,47.0,22.0,5.0,1.0
2023-05-18,0.0,0.0,0.0,0.0,0.0,1.0,9.0,12.0,22.0,31.0,58.0,61.0,67.0,69.0,93.0,81.0,70.0,55.0,37.0,42.0,41.0,31.0,25.0,1.0
2023-05-19,0.0,0.0,0.0,0.0,0.0,3.0,20.0,48.0,73.0,53.0,91.0,92.0,67.0,70.0,74.0,170.0,391.0,361.0,360.0,308.0,190.0,115.0,50.0,6.0
2023-05-20,0.0,0.0,0.0,0.0,0.0,7.0,32.0,93.0,109.0,255.0,328.0,479.0,483.0,542.0,616.0,656.0,317.0,329.0,416.0,270.0,178.0,109.0,52.0,7.0
2023-05-21,0.0,0.0,0.0,0.0,0.0,3.0,45.0,145.0,206.0,303.0,354.0,330.0,95.0,194.0,132.0,132.0,274.0,558.0,444.0,351.0,228.0,132.0,52.0,8.0
2023-05-22,0.0,0.0,0.0,0.0,0.0,8.0,36.0,146.0,194.0,266.0,354.0,415.0,517.0,462.0,357.0,463.0,404.0,270.0,101.0,41.0,32.0,22.0,7.0,2.0
2023-05-23,0.0,0.0,0.0,0.0,0.0,1.0,8.0,18.0,39.0,108.0,334.0,253.0,522.0,467.0,485.0,585.0,311.0,315.0,230.0,160.0,182.0,92.0,42.0,5.0
2023-05-24,0.0,0.0,0.0,0.0,0.0,16.0,78.0,168.0,184.0,217.0,307.0,440.0,427.0,563.0,600.0,636.0,541.0,397.0,393.0,223.0,137.0,96.0,43.0,12.0
2023-05-25,0.0,0.0,0.0,0.0,0.0,8.0,25.0,77.0,200.0,353.0,426.0,572.0,595.0,517.0,491.0,454.0,341.0,365.0,170.0,114.0,94.0,56.0,25.0,5.0
2023-05-26,0.0,0.0,0.0,0.0,0.0,1.0,6.0,10.0,29.0,25.0,65.0,51.0,67.0,75.0,51.0,82.0,90.0,56.0,170.0,59.0,141.0,45.0,28.0,7.0
2023-05-27,0.0,0.0,0.0,0.0,0.0,6.0,28.0,84.0,242.0,416.0,533.0,632.0,706.0,754.0,709.0,557.0,414.0,303.0,412.0,279.0,252.0,111.0,34.0,6.0
2023-05-28,0.0,0.0,0.0,0.0,0.0,3.0,11.0,16.0,42.0,41.0,59.0,62.0,73.0,74.0,97.0,79.0,58.0,38.0,27.0,37.0,34.0,26.0,19.0,3.0
2023-05-29,0.0,0.0,0.0,0.0,0.0,5.0,25.0,47.0,71.0,91.0,144.0,130.0,222.0,161.0,146.0,561.0,123.0,212.0,87.0,33.0,17.0,15.0,11.0,3.0
2023-05-30,0.0,0.0,0.0,0.0,0.0,4.0,20.0,53.0,106.0,263.0,177.0,159.0,294.0,257.0,326.0,302.0,280.0,252.0,206.0,174.0,119.0,82.0,35.0,8.0
2023-05-31,0.0,0.0,0.0,0.0,0.0,8.0,28.0,52.0,112.0,147.0,307.0,432.0,542.0,504.0,582.0,491.0,253.0,177.0,139.0,73.0,63.0,52.0,22.0,8.0
2023-06-01,0.0,0.0,0.0,0.0,0.0,9.0,36.0,134.0,218.0,158.0,165.0,191.0,203.0,312.0,457.0,350.0,259.0,194.0,128.0,206.0,82.0,36.0,30.0,19.0
2023-06-02,0.0,0.0,0.0,0.0,0.0,10.0,37.0,54.0,81.0,94.0,166.0,221.0,226.0,549.0,504.0,443.0,414.0,406.0,285.0,236.0,184.0,86.0,31.0,9.0
2023-06-03,0.0,0.0,0.0,0.0,0.0,8.0,11.0,33.0,86.0,154.0,239.0,274.0,371.0,394.0,545.0,276.0,361.0,472.0,397.0,248.0,229.0,162.0,80.0,24.0
2023-06-04,1.0,0.0,0.0,0.0,1.0,19.0,48.0,94.0,141.0,269.0,153.0,291.0,132.0,95.0,166.0,115.0,159.0,90.0,175.0,159.0,133.0,96.0,44.0,9.0
2023-06-05,1.0,0.0,0.0,0.0,0.0,8.0,49.0,180.0,164.0,164.0,201.0,237.0,279.0,305.0,330.0,336.0,362.0,274.0,263.0,186.0,164.0,96.0,52.0,11.0
2023-06-06,1.0,0.0,0.0,0.0,1.0,11.0,27.0,62.0,74.0,96.0,168.0,186.0,267.0,263.0,299.0,471.0,365.0,291.0,249.0,145.0,132.0,95.0,47.0,13.0
2023-06-07,1.0,0.0,0.0,0.0,1.0,19.0,53.0,94.0,172.0,214.0,250.0,377.0,419.0,425.0,340.0,313.0,269.0,349.0,231.0,151.0,44.0,25.0,17.0,3.0
2023-06-08,0.0,0.0,0.0,0.0,0.0,3.0,7.0,16.0,27.0,42.0,64.0,83.0,93.0,100.0,107.0,85.0,75.0,68.0,65.0,45.0,37.0,25.0,13.0,5.0
2023-06-09,0.0,0.0,0.0,0.0,0.0,6.0,24.0,21.0,44.0,61.0,295.0,332.0,344.0,524.0,385.0,442.0,472.0,352.0,444.0,310.0,252.0,127.0,58.0,25.0
2023-06-10,3.0,0.0,0.0,0.0,2.0,28.0,75.0,132.0,285.0,252.0,352.0,482.0,444.0,326.0,654.0,436.0,558.0,576.0,499.0,354.0,267.0,175.0,92.0,33.0
2023-06-11,3.0,0.0,0.0,0.0,2.0,15.0,42.0,86.0,180.0,277.0,425.0,478.0,564.0,567.0,486.0,470.0,439.0,366.0,252.0,170.0,170.0,68.0,48.0,24.0
2023-06-12,2.0,0.0,0.0,0.0,2.0,19.0,36.0,76.0,125.0,199.0,296.0,361.0,337.0,302.0,427.0,435.0,531.0,550.0,417.0,382.0,264.0,169.0,90.0,37.0
2023-06-13,4.0,0.0,0.0,0.0,4.0,34.0,91.0,190.0,306.0,424.0,514.0,562.0,618.0,439.0,419.0,587.0,499.0,429.0,432.0,383.0,303.0,196.0,102.0,37.0
2023-06-14,4.0,0.0,0.0,0.0,4.0,24.0,41.0,103.0,177.0,229.0,346.0,357.0,167.0,160.0,281.0,316.0,249.0,188.0,137.0,232.0,51.0,43.0,15.0,8.0
2023-06-15,1.0,0.0,0.0,0.0,1.0,9.0,31.0,73.0,111.0,156.0,247.0,292.0,505.0,270.0,265.0,324.0,465.0,447.0,415.0,312.0,212.0,87.0,32.0,12.0
2023-06-16,2.0,0.0,0.0,0.0,2.0,14.0,37.0,63.0,102.0,168.0,198.0,303.0,454.0,370.0,306.0,383.0,189.0,167.0,148.0,138.0,114.0,77.0,32.0,12.0
2023-06-17,2.0,0.0,0.0,0.0,1.0,8.0,21.0,47.0,62.0,109.0,115.0,165.0,151.0,184.0,252.0,241.0,252.0,234.0,150.0,128.0,79.0,64.0,39.0,17.0
2023-06-18,3.0,0.0,0.0,0.0,2.0,18.0,28.0,59.0,122.0,135.0,129.0,221.0,255.0,193.0,170.0,164.0,140.0,130.0,101.0,121.0,63.0,27.0,14.0,7.0
2023-06-19,1.0,0.0,0.0,0.0,1.0,5.0,13.0,31.0,77.0,95.0,132.0,126.0,174.0,130.0,130.0,144.0,162.0,138.0,139.0,81.0,46.0,23.0,18.0,16.0
2023-06-20,2.0,0.0,0.0,0.0,1.0,8.0,14.0,51.0,126.0,268.0,443.0,510.0,558.0,695.0,686.0,680.0,577.0,599.0,515.0,414.0,301.0,199.0,108.0,40.0
2023-06-21,5.0,0.0,0.0,0.0,4.0,28.0,67.0,126.0,221.0,335.0,426.0,567.0,646.0,662.0,625.0,714.0,686.0,629.0,548.0,435.0,319.0,195.0,99.0,27.0
2023-06-22,4.0,0.0,0.0,0.0,3.0,31.0,80.0,128.0,175.0,236.0,252.0,296.0,309.0,323.0,448.0,513.0,347.0,125.0,105.0,115.0,31.0,17.0,8.0,4.0
2023-06-23,1.0,0.0,0.0,0.0,1.0,15.0,44.0,50.0,78.0,48.0,90.0,127.0,76.0,149.0,234.0,75.0,75.0,94.0,63.0,64.0,44.0,50.0,22.0,9.0
2023-06-24,2.0,0.0,0.0,0.0,4.0,37.0,98.0,93.0,85.0,168.0,285.0,501.0,528.0,528.0,341.0,612.0,243.0,131.0,205.0,118.0,86.0,25.0,4.0,4.0
2023-06-25,1.0,0.0,0.0,0.0,3.0,21.0,40.0,82.0,119.0,143.0,183.0,127.0,149.0,373.0,100.0,94.0,64.0,69.0,38.0,47.0,27.0,21.0,13.0,6.0
2023-06-26,1.0,0.0,0.0,0.0,2.0,14.0,67.0,149.0,218.0,315.0,406.0,451.0,553.0,495.0,586.0,615.0,510.0,494.0,429.0,342.0,274.0,177.0,82.0,34.0
2023-06-27,4.0,0.0,0.0,0.0,3.0,28.0,65.0,142.0,202.0,329.0,348.0,389.0,435.0,355.0,422.0,175.0,158.0,150.0,105.0,132.0,82.0,34.0,22.0,6.0
2023-06-28,1.0,0.0,0.0,0.0,1.0,8.0,23.0,38.0,78.0,152.0,122.0,139.0,373.0,595.0,360.0,204.0,90.0,94.0,105.0,216.0,126.0,62.0,47.0,15.0
2023-06-29,2.0,0.0,0.0,0.0,2.0,19.0,35.0,82.0,184.0,238.0,265.0,263.0,288.0,243.0,326.0,350.0,280.0,254.0,209.0,154.0,113.0,62.0,35.0,12.0
2023-06-30,2.0,0.0,0.0,0.0,1.0,10.0,23.0,50.0,82.0,115.0,170.0,265.0,276.0,442.0,387.0,398.0,219.0,103.0,173.0,317.0,192.0,97.0,62.0,31.0
2023-07-01,4.0,0.0,0.0,0.0,1.0,25.0,59.0,94.0,153.0,237.0,354.0,412.0,469.0,261.0,186.0,442.0,324.0,462.0,286.0,170.0,71.0,100.0,47.0,29.0
2023-07-02,4.0,0.0,0.0,0.0,2.0,31.0,86.0,179.0,276.0,386.0,463.0,511.0,496.0,517.0,541.0,494.0,598.0,567.0,467.0,317.0,199.0,117.0,85.0,30.0
2023-07-03,4.0,0.0,0.0,0.0,2.0,32.0,97.0,189.0,295.0,410.0,511.0,600.0,693.0,742.0,760.0,742.0,707.0,582.0,525.0,419.0,315.0,204.0,100.0,39.0
2023-07-04,4.0,0.0,0.0,0.0,2.0,29.0,76.0,163.0,287.0,409.0,528.0,627.0,701.0,749.0,767.0,737.0,607.0,453.0,416.0,308.0,280.0,191.0,102.0,36.0
2023-07-05,3.0,0.0,0.0,0.0,1.0,22.0,71.0,131.0,158.0,226.0,221.0,356.0,316.0,143.0,136.0,176.0,432.0,134.0,92.0,184.0,267.0,166.0,102.0,36.0
2023-07-06,3.0,0.0,0.0,0.0,1.0,26.0,86.0,177.0,289.0,408.0,519.0,616.0,692.0,662.0,743.0,745.0,702.0,629.0,529.0,421.0,306.0,193.0,100.0,35.0
2023-07-07,3.0,0.0,0.0,0.0,1.0,26.0,80.0,163.0,274.0,380.0,494.0,601.0,676.0,737.0,758.0,737.0,690.0,611.0,532.0,417.0,292.0,186.0,93.0,30.0
2023-07-08,2.0,0.0,0.0,0.0,1.0,25.0,87.0,177.0,286.0,399.0,508.0,602.0,679.0,729.0,744.0,727.0,679.0,593.0,511.0,336.0,172.0,77.0,71.0,32.0
2023-07-09,2.0,0.0,0.0,0.0,1.0,23.0,75.0,159.0,258.0,350.0,473.0,570.0,652.0,670.0,691.0,689.0,669.0,616.0,534.0,428.0,312.0,200.0,100.0,27.0
2023-07-10,2.0,0.0,0.0,0.0,0.0,22.0,84.0,163.0,239.0,228.0,260.0,335.0,383.0,719.0,691.0,621.0,573.0,467.0,451.0,270.0,175.0,99.0,38.0,10.0
2023-07-11,0.0,0.0,0.0,0.0,0.0,9.0,30.0,42.0,75.0,231.0,204.0,347.0,647.0,732.0,744.0,741.0,696.0,624.0,529.0,421.0,306.0,196.0,100.0,31.0
2023-07-12,1.0,0.0,0.0,0.0,0.0,21.0,79.0,159.0,249.0,387.0,505.0,591.0,674.0,729.0,750.0,738.0,693.0,622.0,527.0,416.0,301.0,191.0,96.0,29.0
2023-07-13,1.0,0.0,0.0,0.0,0.0,19.0,77.0,162.0,263.0,377.0,440.0,498.0,412.0,502.0,456.0,460.0,467.0,462.0,392.0,339.0,224.0,109.0,31.0,7.0
2023-07-14,0.0,0.0,0.0,0.0,0.0,8.0,34.0,80.0,105.0,202.0,280.0,282.0,398.0,640.0,625.0,657.0,635.0,517.0,421.0,358.0,229.0,156.0,80.0,19.0
2023-07-15,0.0,0.0,0.0,0.0,0.0,11.0,39.0,52.0,96.0,158.0,284.0,293.0,447.0,462.0,493.0,599.0,636.0,556.0,468.0,357.0,279.0,165.0,80.0,21.0
2023-07-16,0.0,0.0,0.0,0.0,0.0,13.0,53.0,130.0,228.0,317.0,436.0,536.0,645.0,712.0,687.0,705.0,674.0,607.0,507.0,381.0,263.0,175.0,88.0,24.0
2023-07-17,0.0,0.0,0.0,0.0,0.0,14.0,73.0,164.0,272.0,387.0,487.0,533.0,593.0,662.0,739.0,730.0,666.0,521.0,423.0,392.0,289.0,174.0,83.0,20.0
2023-07-18,0.0,0.0,0.0,0.0,0.0,13.0,68.0,154.0,249.0,333.0,433.0,523.0,594.0,698.0,729.0,720.0,678.0,605.0,511.0,401.0,285.0,175.0,72.0,17.0
2023-07-19,0.0,0.0,0.0,0.0,0.0,6.0,20.0,47.0,44.0,165.0,392.0,386.0,453.0,664.0,711.0,644.0,654.0,596.0,502.0,388.0,226.0,86.0,26.0,6.0
2023-07-20,0.0,0.0,0.0,0.0,0.0,2.0,13.0,24.0,43.0,63.0,86.0,135.0,231.0,151.0,203.0,238.0,187.0,152.0,205.0,177.0,95.0,44.0,21.0,4.0
2023-07-21,0.0,0.0,0.0,0.0,0.0,5.0,40.0,82.0,146.0,168.0,220.0,384.0,443.0,429.0,516.0,407.0,360.0,382.0,288.0,158.0,149.0,94.0,47.0,13.0
2023-07-22,0.0,0.0,0.0,0.0,0.0,7.0,55.0,132.0,208.0,334.0,392.0,340.0,329.0,323.0,429.0,289.0,239.0,212.0,333.0,339.0,177.0,130.0,68.0,12.0
2023-07-23,0.0,0.0,0.0,0.0,0.0,4.0,27.0,66.0,118.0,247.0,341.0,248.0,194.0,505.0,545.0,624.0,554.0,391.0,205.0,168.0,168.0,57.0,25.0,5.0
2023-07-24,0.0,0.0,0.0,0.0,0.0,5.0,44.0,107.0,196.0,293.0,287.0,281.0,287.0,277.0,259.0,231.0,334.0,252.0,198.0,163.0,112.0,74.0,35.0,6.0
2023-07-25,0.0,0.0,0.0,0.0,0.0,2.0,21.0,54.0,124.0,166.0,163.0,165.0,274.0,352.0,383.0,397.0,313.0,283.0,244.0,201.0,136.0,63.0,24.0,4.0
2023-07-26,0.0,0.0,0.0,0.0,0.0,1.0,14.0,84.0,178.0,297.0,320.0,447.0,330.0,175.0,114.0,239.0,296.0,448.0,360.0,208.0,107.0,53.0,32.0,4.0
2023-07-27,0.0,0.0,0.0,0.0,0.0,3.0,45.0,117.0,226.0,348.0,461.0,534.0,562.0,648.0,615.0,589.0,473.0,561.0,415.0,301.0,226.0,142.0,49.0,5.0
2023-07-28,0.0,0.0,0.0,0.0,0.0,2.0,35.0,113.0,210.0,313.0,426.0,524.0,589.0,532.0,369.0,354.0,411.0,439.0,421.0,357.0,239.0,143.0,56.0,5.0
2023-07-29,0.0,0.0,0.0,0.0,0.0,2.0,41.0,122.0,218.0,293.0,267.0,205.0,281.0,259.0,319.0,360.0,276.0,177.0,156.0,101.0,47.0,30.0,11.0,1.0
2023-07-30,0.0,0.0,0.0,0.0,0.0,0.0,8.0,27.0,45.0,82.0,96.0,130.0,114.0,124.0,137.0,143.0,150.0,224.0,151.0,128.0,93.0,93.0,41.0,3.0
2023-07-31,0.0,0.0,0.0,0.0,0.0,1.0,24.0,79.0,164.0,284.0,401.0,479.0,552.0,435.0,427.0,605.0,544.0,469.0,389.0,307.0,208.0,115.0,42.0,3.0
2023-08-01,0.0,0.0,0.0,0.0,0.0,0.0,31.0,104.0,181.0,287.0,378.0,457.0,561.0,653.0,641.0,643.0,629.0,551.0,463.0,327.0,224.0,132.0,45.0,2.0
2023-08-02,0.0,0.0,0.0,0.0,0.0,0.0,29.0,105.0,207.0,320.0,435.0,534.0,609.0,660.0,687.0,676.0,631.0,558.0,463.0,352.0,237.0,128.0,42.0,2.0
2023-08-03,0.0,0.0,0.0,0.0,0.0,0.0,27.0,105.0,197.0,265.0,310.0,243.0,352.0,355.0,429.0,510.0,463.0,380.0,328.0,256.0,170.0,86.0,34.0,1.0
2023-08-04,0.0,0.0,0.0,0.0,0.0,0.0,10.0,44.0,80.0,136.0,199.0,196.0,250.0,298.0,283.0,278.0,337.0,370.0,293.0,210.0,115.0,68.0,22.0,0.0
2023-08-05,0.0,0.0,0.0,0.0,0.0,0.0,3.0,14.0,53.0,89.0,153.0,297.0,254.0,297.0,418.0,324.0,397.0,377.0,228.0,217.0,143.0,82.0,23.0,0.0
2023-08-06,0.0,0.0,0.0,0.0,0.0,0.0,9.0,35.0,60.0,180.0,260.0,209.0,177.0,378.0,298.0,144.0,205.0,358.0,271.0,161.0,145.0,78.0,23.0,0.0
2023-08-07,0.0,0.0,0.0,0.0,0.0,0.0,13.0,67.0,141.0,229.0,374.0,450.0,407.0,370.0,433.0,273.0,360.0,297.0,237.0,153.0,98.0,50.0,14.0,0.0
2023-08-08,0.0,0.0,0.0,0.0,0.0,0.0,8.0,43.0,85.0,249.0,295.0,403.0,481.0,256.0,324.0,400.0,487.0,478.0,402.0,309.0,206.0,101.0,24.0,0.0
2023-08-09,0.0,0.0,0.0,0.0,0.0,0.0,14.0,79.0,165.0,251.0,402.0,512.0,601.0,645.0,599.0,548.0,340.0,309.0,192.0,136.0,59.0,31.0,5.0,0.0
2023-08-10,0.0,0.0,0.0,0.0,0.0,0.0,3.0,15.0,26.0,26.0,59.0,80.0,131.0,252.0,225.0,238.0,225.0,197.0,300.0,237.0,138.0,62.0,16.0,0.0
2023-08-11,0.0,0.0,0.0,0.0,0.0,0.0,4.0,43.0,41.0,131.0,159.0,189.0,141.0,309.0,189.0,269.0,244.0,292.0,244.0,166.0,119.0,52.0,12.0,0.0
2023-08-12,0.0,0.0,0.0,0.0,0.0,0.0,8.0,53.0,114.0,231.0,327.0,464.0,549.0,524.0,459.0,463.0,322.0,283.0,249.0,267.0,178.0,83.0,14.0,0.0
2023-08-13,0.0,0.0,0.0,0.0,0.0,0.0,5.0,26.0,78.0,148.0,242.0,403.0,540.0,540.0,602.0,599.0,564.0,499.0,420.0,308.0,192.0,86.0,13.0,0.0
2023-08-14,0.0,0.0,0.0,0.0,0.0,0.0,7.0,68.0,169.0,273.0,382.0,471.0,545.0,598.0,636.0,612.0,565.0,503.0,404.0,294.0,172.0,69.0,9.0,0.0
2023-08-15,0.0,0.0,0.0,0.0,0.0,0.0,4.0,45.0,121.0,181.0,184.0,169.0,241.0,370.0,330.0,364.0,320.0,341.0,259.0,205.0,64.0,19.0,4.0,0.0
2023-08-16,0.0,0.0,0.0,0.0,0.0,0.0,3.0,19.0,69.0,102.0,130.0,121.0,175.0,223.0,221.0,329.0,290.0,196.0,165.0,164.0,91.0,44.0,5.0,0.0
2023-08-17,0.0,0.0,0.0,0.0,0.0,0.0,1.0,9.0,17.0,46.0,61.0,55.0,64.0,82.0,74.0,67.0,56.0,61.0,62.0,75.0,39.0,11.0,1.0,0.0
2023-08-18,0.0,0.0,0.0,0.0,0.0,0.0,1.0,7.0,13.0,19.0,32.0,90.0,136.0,109.0,105.0,126.0,71.0,84.0,59.0,30.0,23.0,23.0,1.0,0.0
2023-08-19,0.0,0.0,0.0,0.0,0.0,0.0,1.0,31.0,56.0,183.0,302.0,401.0,470.0,283.0,240.0,373.0,490.0,453.0,355.0,259.0,150.0,53.0,3.0,0.0
2023-08-20,0.0,0.0,0.0,0.0,0.0,0.0,1.0,40.0,92.0,150.0,287.0,359.0,456.0,596.0,613.0,598.0,552.0,475.0,376.0,262.0,139.0,50.0,2.0,0.0
2023-08-21,0.0,0.0,0.0,0.0,0.0,0.0,1.0,43.0,140.0,182.0,371.0,472.0,533.0,575.0,566.0,382.0,182.0,306.0,137.0,126.0,50.0,14.0,0.0,0.0
2023-08-22,0.0,0.0,0.0,0.0,0.0,0.0,0.0,38.0,129.0,245.0,354.0,450.0,526.0,575.0,595.0,579.0,531.0,449.0,353.0,245.0,136.0,43.0,1.0,0.0
2023-08-23,0.0,0.0,0.0,0.0,0.0,0.0,0.0,30.0,103.0,205.0,280.0,253.0,266.0,348.0,396.0,306.0,253.0,137.0,100.0,71.0,33.0,10.0,0.0,0.0
2023-08-24,0.0,0.0,0.0,0.0,0.0,0.0,0.0,30.0,107.0,190.0,332.0,444.0,521.0,575.0,597.0,583.0,535.0,457.0,358.0,245.0,132.0,38.0,0.0,0.0
2023-08-25,0.0,0.0,0.0,0.0,0.0,0.0,0.0,29.0,117.0,206.0,314.0,411.0,484.0,503.0,497.0,410.0,368.0,295.0,168.0,72.0,25.0,6.0,0.0,0.0
2023-08-26,0.0,0.0,0.0,0.0,0.0,0.0,0.0,3.0,13.0,27.0,36.0,56.0,64.0,49.0,62.0,57.0,33.0,49.0,54.0,90.0,35.0,13.0,0.0,0.0
2023-08-27,0.0,0.0,0.0,0.0,0.0,0.0,0.0,15.0,104.0,206.0,231.0,315.0,375.0,444.0,386.0,392.0,355.0,363.0,235.0,153.0,64.0,5.0,0.0,0.0
2023-08-28,0.0,0.0,0.0,0.0,0.0,0.0,0.0,8.0,48.0,94.0,136.0,241.0,281.0,169.0,274.0,525.0,471.0,419.0,333.0,219.0,105.0,21.0,0.0,0.0
2023-08-29,0.0,0.0,0.0,0.0,0.0,0.0,0.0,15.0,73.0,128.0,185.0,210.0,266.0,514.0,503.0,340.0,442.0,381.0,290.0,201.0,89.0,17.0,0.0,0.0
2023-08-30,0.0,0.0,0.0,0.0,0.0,0.0,0.0,7.0,40.0,52.0,116.0,270.0,295.0,143.0,156.0,149.0,158.0,120.0,112.0,78.0,30.0,7.0,0.0,0.0
2023-08-31,0.0,0.0,0.0,0.0,0.0,0.0,0.0,12.0,84.0,165.0,257.0,354.0,405.0,238.0,241.0,291.0,238.0,284.0,195.0,138.0,72.0,9.0,0.0,0.0
2023-09-01,0.0,0.0,0.0,0.0,0.0,0.0,0.0,8.0,48.0,89.0,128.0,140.0,142.0,97.0,103.0,99.0,76.0,39.0,29.0,19.0,11.0,1.0,0.0,0.0
2023-09-02,0.0,0.0,0.0,0.0,0.0,0.0,0.0,3.0,13.0,52.0,184.0,239.0,362.0,253.0,389.0,331.0,267.0,198.0,164.0,149.0,73.0,8.0,0.0,0.0
2023-09-03,0.0,0.0,0.0,0.0,0.0,0.0,0.0,7.0,39.0,120.0,193.0,223.0,400.0,384.0,322.0,445.0,376.0,305.0,208.0,112.0,58.0,6.0,0.0,0.0
2023-09-04,0.0,0.0,0.0,0.0,0.0,0.0,0.0,6.0,60.0,134.0,244.0,263.0,305.0,181.0,365.0,315.0,310.0,155.0,193.0,151.0,68.0,5.0,0.0,0.0
2023-09-05,0.0,0.0,0.0,0.0,0.0,0.0,0.0,3.0,47.0,140.0,180.0,255.0,253.0,297.0,311.0,259.0,117.0,83.0,68.0,56.0,10.0,1.0,0.0,0.0
2023-09-06,0.0,0.0,0.0,0.0,0.0,0.0,0.0,1.0,12.0,31.0,48.0,80.0,203.0,124.0,133.0,105.0,131.0,133.0,56.0,41.0,14.0,1.0,0.0,0.0
2023-09-07,0.0,0.0,0.0,0.0,0.0,0.0,0.0,2.0,20.0,50.0,57.0,157.0,146.0,122.0,127.0,149.0,83.0,84.0,110.0,34.0,11.0,1.0,0.0,0.0
2023-09-08,0.0,0.0,0.0,0.0,0.0,0.0,0.0,2.0,48.0,56.0,130.0,113.0,241.0,126.0,224.0,81.0,110.0,44.0,62.0,44.0,11.0,1.0,0.0,0.0
2023-09-09,0.0,0.0,0.0,0.0,0.0,0.0,0.0,1.0,22.0,60.0,111.0,157.0,199.0,399.0,380.0,290.0,257.0,252.0,169.0,52.0,15.0,0.0,0.0,0.0
2023-09-10,0.0,0.0,0.0,0.0,0.0,0.0,0.0,1.0,19.0,53.0,96.0,140.0,227.0,402.0,373.0,415.0,343.0,271.0,128.0,88.0,29.0,0.0,0.0,0.0
2023-09-11,0.0,0.0,0.0,0.0,0.0,0.0,0.0,1.0,49.0,151.0,262.0,363.0,442.0,491.0,506.0,484.0,431.0,349.0,247.0,137.0,38.0,0.0,0.0,0.0
2023-09-12,0.0,0.0,0.0,0.0,0.0,0.0,0.0,0.0,37.0,122.0,193.0,293.0,264.0,331.0,351.0,305.0,331.0,277.0,145.0,111.0,25.0,0.0,0.0,0.0
2023-09-13,0.0,0.0,0.0,0.0,0.0,0.0,0.0,0.0,18.0,63.0,100.0,136.0,216.0,217.0,306.0,152.0,117.0,83.0,85.0,66.0,14.0,0.0,0.0,0.0
2023-09-14,0.0,0.0,0.0,0.0,0.0,0.0,0.0,0.0,29.0,121.0,235.0,337.0,415.0,461.0,477.0,458.0,406.0,325.0,224.0,116.0,25.0,0.0,0.0,0.0
2023-09-15,0.0,0.0,0.0,0.0,0.0,0.0,0.0,0.0,31.0,118.0,219.0,297.0,328.0,301.0,196.0,155.0,159.0,89.0,83.0,83.0,14.0,0.0,0.0,0.0
2023-09-16,0.0,0.0,0.0,0.0,0.0,0.0,0.0,0.0,6.0,13.0,31.0,32.0,38.0,31.0,29.0,28.0,30.0,20.0,16.0,12.0,5.0,0.0,0.0,0.0
2023-09-17,0.0,0.0,0.0,0.0,0.0,0.0,0.0,0.0,23.0,101.0,168.0,291.0,371.0,344.0,340.0,251.0,190.0,249.0,188.0,74.0,13.0,0.0,0.0,0.0
2023-09-18,0.0,0.0,0.0,0.0,0.0,0.0,0.0,0.0,23.0,107.0,208.0,313.0,391.0,428.0,416.0,384.0,253.0,144.0,189.0,76.0,10.0,0.0,0.0,0.0
2023-09-19,0.0,0.0,0.0,0.0,0.0,0.0,0.0,0.0,5.0,50.0,129.0,166.0,125.0,94.0,157.0,75.0,38.0,116.0,93.0,30.0,3.0,0.0,0.0,0.0
2023-09-20,0.0,0.0,0.0,0.0,0.0,0.0,0.0,0.0,7.0,54.0,134.0,261.0,368.0,428.0,442.0,420.0,368.0,282.0,179.0,81.0,8.0,0.0,0.0,0.0
2023-09-21,0.0,0.0,0.0,0.0,0.0,0.0,0.0,0.0,16.0,97.0,195.0,291.0,379.0,430.0,444.0,421.0,367.0,283.0,181.0,76.0,6.0,0.0,0.0,0.0
2023-09-22,0.0,0.0,0.0,0.0,0.0,0.0,0.0,0.0,9.0,61.0,130.0,192.0,277.0,302.0,340.0,319.0,194.0,103.0,70.0,36.0,3.0,0.0,0.0,0.0
2023-09-23,0.0,0.0,0.0,0.0,0.0,0.0,0.0,0.0,9.0,59.0,163.0,119.0,48.0,68.0,108.0,132.0,178.0,106.0,67.0,15.0,0.0,0.0,0.0,0.0
2023-09-24,0.0,0.0,0.0,0.0,0.0,0.0,0.0,0.0,2.0,10.0,15.0,27.0,35.0,45.0,73.0,158.0,93.0,36.0,15.0,7.0,0.0,0.0,0.0,0.0
2023-09-25,0.0,0.0,0.0,0.0,0.0,0.0,0.0,0.0,6.0,50.0,144.0,263.0,334.0,320.0,327.0,356.0,285.0,209.0,121.0,42.0,1.0,0.0,0.0,0.0
2023-09-26,0.0,0.0,0.0,0.0,0.0,0.0,0.0,0.0,1.0,26.0,46.0,110.0,106.0,69.0,179.0,163.0,122.0,20.0,77.0,34.0,1.0,0.0,0.0,0.0
2023-09-27,0.0,0.0,0.0,0.0,0.0,0.0,0.0,0.0,1.0,23.0,122.0,216.0,279.0,284.0,281.0,234.0,142.0,163.0,107.0,30.0,0.0,0.0,0.0,0.0
2023-09-28,0.0,0.0,0.0,0.0,0.0,0.0,0.0,0.0,2.0,40.0,104.0,60.0,90.0,283.0,277.0,309.0,270.0,199.0,121.0,35.0,0.0,0.0,0.0,0.0
2023-09-29,0.0,0.0,0.0,0.0,0.0,0.0,0.0,0.0,2.0,41.0,115.0,178.0,281.0,317.0,323.0,310.0,264.0,202.0,109.0,26.0,0.0,0.0,0.0,0.0
2023-09-30,0.0,0.0,0.0,0.0,0.0,0.0,0.0,0.0,1.0,9.0,19.0,34.0,88.0,88.0,85.0,105.0,80.0,68.0,24.0,8.0,0.0,0.0,0.0,0.0
2023-10-01,0.0,0.0,0.0,0.0,0.0,0.0,0.0,0.0,1.0,12.0,40.0,72.0,120.0,220.0,191.0,86.0,99.0,99.0,77.0,16.0,0.0,0.0,0.0,0.0
2023-10-02,0.0,0.0,0.0,0.0,0.0,0.0,0.0,0.0,1.0,45.0,137.0,228.0,290.0,319.0,333.0,293.0,225.0,131.0,75.0,16.0,0.0,0.0,0.0,0.0
2023-10-03,0.0,0.0,0.0,0.0,0.0,0.0,0.0,0.0,0.0,41.0,117.0,201.0,254.0,293.0,304.0,287.0,258.0,188.0,94.0,16.0,0.0,0.0,0.0,0.0
2023-10-04,0.0,0.0,0.0,0.0,0.0,0.0,0.0,0.0,0.0,29.0,90.0,186.0,257.0,35.0,43.0,34.0,32.0,20.0,11.0,2.0,0.0,0.0,0.0,0.0
2023-10-05,0.0,0.0,0.0,0.0,0.0,0.0,0.0,0.0,0.0,4.0,14.0,21.0,36.0,83.0,74.0,47.0,45.0,31.0,13.0,2.0,0.0,0.0,0.0,0.0
2023-10-06,0.0,0.0,0.0,0.0,0.0,0.0,0.0,0.0,0.0,14.0,59.0,66.0,95.0,245.0,254.0,243.0,218.0,160.0,77.0,10.0,0.0,0.0,0.0,0.0
2023-10-07,0.0,0.0,0.0,0.0,0.0,0.0,0.0,0.0,0.0,21.0,89.0,162.0,212.0,284.0,232.0,188.0,100.0,95.0,43.0,3.0,0.0,0.0,0.0,0.0
2023-10-08,0.0,0.0,0.0,0.0,0.0,0.0,0.0,0.0,0.0,10.0,17.0,32.0,48.0,63.0,63.0,58.0,85.0,39.0,18.0,1.0,0.0,0.0,0.0,0.0
2023-10-09,0.0,0.0,0.0,0.0,0.0,0.0,0.0,0.0,0.0,1.0,6.0,9.0,26.0,20.0,29.0,44.0,55.0,139.0,58.0,3.0,0.0,0.0,0.0,0.0
2023-10-10,0.0,0.0,0.0,0.0,0.0,0.0,0.0,0.0,0.0,10.0,47.0,112.0,115.0,184.0,190.0,97.0,137.0,112.0,48.0,3.0,0.0,0.0,0.0,0.0
2023-10-11,0.0,0.0,0.0,0.0,0.0,0.0,0.0,0.0,0.0,15.0,67.0,153.0,147.0,145.0,107.0,91.0,68.0,27.0,12.0,0.0,0.0,0.0,0.0,0.0
2023-10-12,0.0,0.0,0.0,0.0,0.0,0.0,0.0,0.0,0.0,2.0,17.0,37.0,124.0,195.0,111.0,60.0,62.0,31.0,17.0,0.0,0.0,0.0,0.0,0.0
2023-10-13,0.0,0.0,0.0,0.0,0.0,0.0,0.0,0.0,0.0,12.0,80.0,156.0,222.0,219.0,199.0,188.0,179.0,110.0,41.0,1.0,0.0,0.0,0.0,0.0
2023-10-14,0.0,0.0,0.0,0.0,0.0,0.0,0.0,0.0,0.0,3.0,30.0,74.0,176.0,67.0,94.0,152.0,80.0,28.0,9.0,0.0,0.0,0.0,0.0,0.0
2023-10-15,0.0,0.0,0.0,0.0,0.0,0.0,0.0,0.0,0.0,1.0,7.0,39.0,55.0,35.0,56.0,39.0,26.0,15.0,7.0,0.0,0.0,0.0,0.0,0.0
2023-10-16,0.0,0.0,0.0,0.0,0.0,0.0,0.0,0.0,0.0,2.0,23.0,52.0,96.0,220.0,151.0,119.0,128.0,54.0,20.0,0.0,0.0,0.0,0.0,0.0
2023-10-17,0.0,0.0,0.0,0.0,0.0,0.0,0.0,0.0,0.0,1.0,5.0,15.0,18.0,25.0,33.0,24.0,18.0,17.0,6.0,0.0,0.0,0.0,0.0,0.0
2023-10-18,0.0,0.0,0.0,0.0,0.0,0.0,0.0,0.0,0.0,2.0,20.0,88.0,82.0,122.0,24.0,22.0,26.0,20.0,5.0,0.0,0.0,0.0,0.0,0.0
2023-10-19,0.0,0.0,0.0,0.0,0.0,0.0,0.0,0.0,0.0,1.0,14.0,56.0,123.0,85.0,47.0,106.0,22.0,11.0,3.0,0.0,0.0,0.0,0.0,0.0
2023-10-20,0.0,0.0,0.0,0.0,0.0,0.0,0.0,0.0,0.0,0.0,7.0,13.0,19.0,22.0,21.0,27.0,16.0,11.0,3.0,0.0,0.0,0.0,0.0,0.0
2023-10-21,0.0,0.0,0.0,0.0,0.0,0.0,0.0,0.0,0.0,0.0,16.0,97.0,115.0,103.0,155.0,135.0,94.0,47.0,11.0,0.0,0.0,0.0,0.0,0.0
2023-10-22,0.0,0.0,0.0,0.0,0.0,0.0,0.0,0.0,0.0,1.0,36.0,88.0,76.0,50.0,50.0,100.0,94.0,47.0,10.0,0.0,0.0,0.0,0.0,0.0
2023-10-23,0.0,0.0,0.0,0.0,0.0,0.0,0.0,0.0,0.0,0.0,29.0,81.0,133.0,185.0,167.0,143.0,112.0,63.0,9.0,0.0,0.0,0.0,0.0,0.0
2023-10-24,0.0,0.0,0.0,0.0,0.0,0.0,0.0,0.0,0.0,0.0,23.0,76.0,113.0,145.0,161.0,140.0,102.0,48.0,6.0,0.0,0.0,0.0,0.0,0.0
2023-10-25,0.0,0.0,0.0,0.0,0.0,0.0,0.0,0.0,0.0,0.0,20.0,60.0,106.0,87.0,87.0,143.0,82.0,46.0,5.0,0.0,0.0,0.0,0.0,0.0
2023-10-26,0.0,0.0,0.0,0.0,0.0,0.0,0.0,0.0,0.0,0.0,8.0,24.0,65.0,61.0,24.0,20.0,19.0,12.0,1.0,0.0,0.0,0.0,0.0,0.0
2023-10-27,0.0,0.0,0.0,0.0,0.0,0.0,0.0,0.0,0.0,0.0,13.0,44.0,119.0,151.0,152.0,118.0,46.0,34.0,3.0,0.0,0.0,0.0,0.0,0.0
2023-10-28,0.0,0.0,0.0,0.0,0.0,0.0,0.0,0.0,0.0,0.0,17.0,71.0,137.0,156.0,181.0,148.0,90.0,40.0,2.0,0.0,0.0,0.0,0.0,0.0
2023-10-29,0.0,0.0,0.0,0.0,0.0,0.0,0.0,0.0,0.0,0.0,17.0,79.0,136.0,177.0,183.0,160.0,109.0,44.0,2.0,0.0,0.0,0.0,0.0,0.0
2023-10-30,0.0,0.0,0.0,0.0,0.0,0.0,0.0,0.0,0.0,0.0,14.0,69.0,124.0,138.0,164.0,130.0,80.0,28.0,1.0,0.0,0.0,0.0,0.0,0.0
2023-10-31,0.0,0.0,0.0,0.0,0.0,0.0,0.0,0.0,0.0,0.0,12.0,71.0,131.0,164.0,169.0,148.0,96.0,32.0,0.0,0.0,0.0,0.0,0.0,0.0
2023-11-01,0.0,0.0,0.0,0.0,0.0,0.0,0.0,0.0,0.0,0.0,11.0,68.0,126.0,162.0,170.0,146.0,96.0,33.0,0.0,0.0,0.0,0.0,0.0,0.0
2023-11-02,0.0,0.0,0.0,0.0,0.0,0.0,0.0,0.0,0.0,0.0,9.0,63.0,121.0,154.0,160.0,139.0,90.0,29.0,0.0,0.0,0.0,0.0,0.0,0.0
2023-11-03,0.0,0.0,0.0,0.0,0.0,0.0,0.0,0.0,0.0,0.0,7.0,59.0,116.0,134.0,123.0,86.0,58.0,20.0,0.0,0.0,0.0,0.0,0.0,0.0
2023-11-04,0.0,0.0,0.0,0.0,0.0,0.0,0.0,0.0,0.0,0.0,3.0,49.0,89.0,136.0,134.0,116.0,69.0,20.0,0.0,0.0,0.0,0.0,0.0,0.0
2023-11-05,0.0,0.0,0.0,0.0,0.0,0.0,0.0,0.0,0.0,0.0,1.0,13.0,18.0,55.0,70.0,60.0,34.0,17.0,0.0,0.0,0.0,0.0,0.0,0.0
2023-11-06,0.0,0.0,0.0,0.0,0.0,0.0,0.0,0.0,0.0,0.0,2.0,40.0,92.0,35.0,23.0,22.0,12.0,2.0,0.0,0.0,0.0,0.0,0.0,0.0
2023-11-07,0.0,0.0,0.0,0.0,0.0,0.0,0.0,0.0,0.0,0.0,1.0,18.0,23.0,71.0,104.0,96.0,50.0,11.0,0.0,0.0,0.0,0.0,0.0,0.0
2023-11-08,0.0,0.0,0.0,0.0,0.0,0.0,0.0,0.0,0.0,0.0,1.0,31.0,77.0,75.0,106.0,99.0,58.0,11.0,0.0,0.0,0.0,0.0,0.0,0.0
2023-11-09,0.0,0.0,0.0,0.0,0.0,0.0,0.0,0.0,0.0,0.0,1.0,34.0,85.0,118.0,125.0,103.0,58.0,10.0,0.0,0.0,0.0,0.0,0.0,0.0
2023-11-10,0.0,0.0,0.0,0.0,0.0,0.0,0.0,0.0,0.0,0.0,0.0,25.0,56.0,95.0,71.0,55.0,34.0,7.0,0.0,0.0,0.0,0.0,0.0,0.0
2023-11-11,0.0,0.0,0.0,0.0,0.0,0.0,0.0,0.0,0.0,0.0,0.0,18.0,20.0,14.0,24.0,58.0,30.0,5.0,0.0,0.0,0.0,0.0,0.0,0.0
2023-11-12,0.0,0.0,0.0,0.0,0.0,0.0,0.0,0.0,0.0,0.0,0.0,18.0,48.0,65.0,80.0,62.0,30.0,4.0,0.0,0.0,0.0,0.0,0.0,0.0
2023-11-13,0.0,0.0,0.0,0.0,0.0,0.0,0.0,0.0,0.0,0.0,0.0,21.0,67.0,97.0,101.0,84.0,37.0,4.0,0.0,0.0,0.0,0.0,0.0,0.0
2023-11-14,0.0,0.0,0.0,0.0,0.0,0.0,0.0,0.0,0.0,0.0,0.0,11.0,40.0,33.0,63.0,56.0,19.0,1.0,0.0,0.0,0.0,0.0,0.0,0.0
2023-11-15,0.0,0.0,0.0,0.0,0.0,0.0,0.0,0.0,0.0,0.0,0.0,13.0,49.0,70.0,52.0,14.0,6.0,0.0,0.0,0.0,0.0,0.0,0.0,0.0
2023-11-16,0.0,0.0,0.0,0.0,0.0,0.0,0.0,0.0,0.0,0.0,0.0,10.0,16.0,34.0,54.0,63.0,31.0,1.0,0.0,0.0,0.0,0.0,0.0,0.0
2023-11-17,0.0,0.0,0.0,0.0,0.0,0.0,0.0,0.0,0.0,0.0,0.0,11.0,45.0,69.0,60.0,57.0,27.0,1.0,0.0,0.0,0.0,0.0,0.0,0.0
2023-11-18,0.0,0.0,0.0,0.0,0.0,0.0,0.0,0.0,0.0,0.0,0.0,2.0,34.0,49.0,62.0,52.0,18.0,1.0,0.0,0.0,0.0,0.0,0.0,0.0
2023-11-19,0.0,0.0,0.0,0.0,0.0,0.0,0.0,0.0,0.0,0.0,0.0,6.0,18.0,67.0,71.0,51.0,17.0,0.0,0.0,0.0,0.0,0.0,0.0,0.0
2023-11-20,0.0,0.0,0.0,0.0,0.0,0.0,0.0,0.0,0.0,0.0,0.0,1.0,14.0,9.0,6.0,5.0,2.0,0.0,0.0,0.0,0.0,0.0,0.0,0.0
2023-11-21,0.0,0.0,0.0,0.0,0.0,0.0,0.0,0.0,0.0,0.0,0.0,4.0,30.0,54.0,64.0,48.0,19.0,0.0,0.0,0.0,0.0,0.0,0.0,0.0
2023-11-22,0.0,0.0,0.0,0.0,0.0,0.0,0.0,0.0,0.0,0.0,0.0,3.0,30.0,38.0,63.0,43.0,14.0,0.0,0.0,0.0,0.0,0.0,0.0,0.0
2023-11-23,0.0,0.0,0.0,0.0,0.0,0.0,0.0,0.0,0.0,0.0,0.0,2.0,21.0,37.0,38.0,30.0,10.0,0.0,0.0,0.0,0.0,0.0,0.0,0.0
2023-11-24,0.0,0.0,0.0,0.0,0.0,0.0,0.0,0.0,0.0,0.0,0.0,0.0,6.0,14.0,11.0,10.0,3.0,0.0,0.0,0.0,0.0,0.0,0.0,0.0
2023-11-25,0.0,0.0,0.0,0.0,0.0,0.0,0.0,0.0,0.0,0.0,0.0,1.0,10.0,12.0,24.0,10.0,5.0,0.0,0.0,0.0,0.0,0.0,0.0,0.0
2023-11-26,0.0,0.0,0.0,0.0,0.0,0.0,0.0,0.0,0.0,0.0,0.0,1.0,11.0,26.0,38.0,29.0,7.0,0.0,0.0,0.0,0.0,0.0,0.0,0.0
2023-11-27,0.0,0.0,0.0,0.0,0.0,0.0,0.0,0.0,0.0,0.0,0.0,0.0,3.0,4.0,4.0,4.0,1.0,0.0,0.0,0.0,0.0,0.0,0.0,0.0
2023-11-28,0.0,0.0,0.0,0.0,0.0,0.0,0.0,0.0,0.0,0.0,0.0,0.0,18.0,37.0,46.0,31.0,7.0,0.0,0.0,0.0,0.0,0.0,0.0,0.0
2023-11-29,0.0,0.0,0.0,0.0,0.0,0.0,0.0,0.0,0.0,0.0,0.0,0.0,6.0,9.0,35.0,26.0,6.0,0.0,0.0,0.0,0.0,0.0,0.0,0.0
2023-11-30,0.0,0.0,0.0,0.0,0.0,0.0,0.0,0.0,0.0,0.0,0.0,0.0,16.0,34.0,45.0,32.0,6.0,0.0,0.0,0.0,0.0,0.0,0.0,0.0
2023-12-01,0.0,0.0,0.0,0.0,0.0,0.0,0.0,0.0,0.0,0.0,0.0,0.0,15.0,39.0,47.0,32.0,6.0,0.0,0.0,0.0,0.0,0.0,0.0,0.0
2023-12-02,0.0,0.0,0.0,0.0,0.0,0.0,0.0,0.0,0.0,0.0,0.0,0.0,11.0,34.0,41.0,24.0,4.0,0.0,0.0,0.0,0.0,0.0,0.0,0.0
2023-12-03,0.0,0.0,0.0,0.0,0.0,0.0,0.0,0.0,0.0,0.0,0.0,0.0,3.0,16.0,11.0,4.0,2.0,0.0,0.0,0.0,0.0,0.0,0.0,0.0
2023-12-04,0.0,0.0,0.0,0.0,0.0,0.0,0.0,0.0,0.0,0.0,0.0,0.0,4.0,9.0,17.0,12.0,2.0,0.0,0.0,0.0,0.0,0.0,0.0,0.0
2023-12-05,0.0,0.0,0.0,0.0,0.0,0.0,0.0,0.0,0.0,0.0,0.0,0.0,9.0,31.0,39.0,26.0,4.0,0.0,0.0,0.0,0.0,0.0,0.0,0.0
2023-12-06,0.0,0.0,0.0,0.0,0.0,0.0,0.0,0.0,0.0,0.0,0.0,0.0,8.0,29.0,35.0,25.0,3.0,0.0,0.0,0.0,0.0,0.0,0.0,0.0
2023-12-07,0.0,0.0,0.0,0.0,0.0,0.0,0.0,0.0,0.0,0.0,0.0,0.0,7.0,29.0,36.0,23.0,3.0,0.0,0.0,0.0,0.0,0.0,0.0,0.0
2023-12-08,0.0,0.0,0.0,0.0,0.0,0.0,0.0,0.0,0.0,0.0,0.0,0.0,6.0,27.0,32.0,20.0,2.0,0.0,0.0,0.0,0.0,0.0,0.0,0.0
2023-12-09,0.0,0.0,0.0,0.0,0.0,0.0,0.0,0.0,0.0,0.0,0.0,0.0,6.0,26.0,33.0,21.0,2.0,0.0,0.0,0.0,0.0,0.0,0.0,0.0
2023-12-10,0.0,0.0,0.0,0.0,0.0,0.0,0.0,0.0,0.0,0.0,0.0,0.0,4.0,18.0,24.0,16.0,1.0,0.0,0.0,0.0,0.0,0.0,0.0,0.0
2023-12-11,0.0,0.0,0.0,0.0,0.0,0.0,0.0,0.0,0.0,0.0,0.0,0.0,3.0,13.0,12.0,10.0,1.0,0.0,0.0,0.0,0.0,0.0,0.0,0.0
2023-12-12,0.0,0.0,0.0,0.0,0.0,0.0,0.0,0.0,0.0,0.0,0.0,0.0,2.0,8.0,19.0,9.0,0.0,0.0,0.0,0.0,0.0,0.0,0.0,0.0
2023-12-13,0.0,0.0,0.0,0.0,0.0,0.0,0.0,0.0,0.0,0.0,0.0,0.0,0.0,1.0,3.0,2.0,0.0,0.0,0.0,0.0,0.0,0.0,0.0,0.0
2023-12-14,0.0,0.0,0.0,0.0,0.0,0.0,0.0,0.0,0.0,0.0,0.0,0.0,2.0,18.0,25.0,16.0,1.0,0.0,0.0,0.0,0.0,0.0,0.0,0.0
2023-12-15,0.0,0.0,0.0,0.0,0.0,0.0,0.0,0.0,0.0,0.0,0.0,0.0,1.0,10.0,8.0,11.0,1.0,0.0,0.0,0.0,0.0,0.0,0.0,0.0
2023-12-16,0.0,0.0,0.0,0.0,0.0,0.0,0.0,0.0,0.0,0.0,0.0,0.0,1.0,8.0,15.0,10.0,1.0,0.0,0.0,0.0,0.0,0.0,0.0,0.0
2023-12-17,0.0,0.0,0.0,0.0,0.0,0.0,0.0,0.0,0.0,0.0,0.0,0.0,1.0,12.0,22.0,14.0,1.0,0.0,0.0,0.0,0.0,0.0,0.0,0.0
2023-12-18,0.0,0.0,0.0,0.0,0.0,0.0,0.0,0.0,0.0,0.0,0.0,0.0,1.0,12.0,21.0,14.0,1.0,0.0,0.0,0.0,0.0,0.0,0.0,0.0
2023-12-19,0.0,0.0,0.0,0.0,0.0,0.0,0.0,0.0,0.0,0.0,0.0,0.0,1.0,16.0,22.0,13.0,1.0,0.0,0.0,0.0,0.0,0.0,0.0,0.0
2023-12-20,0.0,0.0,0.0,0.0,0.0,0.0,0.0,0.0,0.0,0.0,0.0,0.0,1.0,6.0,11.0,5.0,0.0,0.0,0.0,0.0,0.0,0.0,0.0,0.0
2023-12-21,0.0,0.0,0.0,0.0,0.0,0.0,0.0,0.0,0.0,0.0,0.0,0.0,1.0,5.0,10.0,6.0,0.0,0.0,0.0,0.0,0.0,0.0,0.0,0.0
2023-12-22,0.0,0.0,0.0,0.0,0.0,0.0,0.0,0.0,0.0,0.0,0.0,0.0,1.0,10.0,16.0,8.0,0.0,0.0,0.0,0.0,0.0,0.0,0.0,0.0
2023-12-23,0.0,0.0,0.0,0.0,0.0,0.0,0.0,0.0,0.0,0.0,0.0,0.0,1.0,7.0,6.0,3.0,0.0,0.0,0.0,0.0,0.0,0.0,0.0,0.0
2023-12-24,0.0,0.0,0.0,0.0,0.0,0.0,0.0,0.0,0.0,0.0,0.0,0.0,1.0,9.0,17.0,15.0,1.0,0.0,0.0,0.0,0.0,0.0,0.0,0.0
2023-12-25,0.0,0.0,0.0,0.0,0.0,0.0,0.0,0.0,0.0,0.0,0.0,0.0,1.0,16.0,25.0,18.0,1.0,0.0,0.0,0.0,0.0,0.0,0.0,0.0
2023-12-26,0.0,0.0,0.0,0.0,0.0,0.0,0.0,0.0,0.0,0.0,0.0,0.0,1.0,11.0,20.0,5.0,0.0,0.0,0.0,0.0,0.0,0.0,0.0,0.0
2023-12-27,0.0,0.0,0.0,0.0,0.0,0.0,0.0,0.0,0.0,0.0,0.0,0.0,2.0,16.0,23.0,16.0,2.0,0.0,0.0,0.0,0.0,0.0,0.0,0.0
2023-12-28,0.0,0.0,0.0,0.0,0.0,0.0,0.0,0.0,0.0,0.0,0.0,0.0,1.0,9.0,15.0,13.0,1.0,0.0,0.0,0.0,0.0,0.0,0.0,0.0
2023-12-29,0.0,0.0,0.0,0.0,0.0,0.0,0.0,0.0,0.0,0.0,0.0,0.0,2.0,13.0,16.0,10.0,1.0,0.0,0.0,0.0,0.0,0.0,0.0,0.0
2023-12-30,0.0,0.0,0.0,0.0,0.0,0.0,0.0,0.0,0.0,0.0,0.0,0.0,2.0,16.0,24.0,17.0,2.0,0.0,0.0,0.0,0.0,0.0,0.0,0.0
2023-12-31,0.0,0.0,0.0,0.0,0.0,0.0,0.0,0.0,0.0,0.0,0.0,0.0,2.0,18.0,26.0,19.0,3.0,0.0,0.0,0.0,0.0,0.0,0.0,0.0
