"# hourly global horizontal irradiance (W/m2), benchmark SoCal site (33.25N -119.5W), 2022"
"# source: Open-Meteo ERA5 archive (open-meteo.com), CC-BY 4.0; local time auto"
date,h0,h1,h2,h3,h4,h5,h6,h7,h8,h9,h10,h11,h12,h13,h14,h15,h16,h17,h18,h19,h20,h21,h22,h23
2022-01-01,0.0,0.0,0.0,0.0,0.0,0.0,0.0,0.0,0.0,52.0,217.0,380.0,502.0,565.0,565.0,503.0,383.0,222.0,57.0,0.0,0.0,0.0,0.0,0.0
2022-01-02,0.0,0.0,0.0,0.0,0.0,0.0,0.0,0.0,0.0,50.0,208.0,375.0,502.0,567.0,569.0,507.0,389.0,228.0,61.0,0.0,0.0,0.0,0.0,0.0
2022-01-03,0.0,0.0,0.0,0.0,0.0,0.0,0.0,0.0,0.0,52.0,219.0,384.0,505.0,570.0,570.0,507.0,383.0,225.0,61.0,0.0,0.0,0.0,0.0,0.0
2022-01-04,0.0,0.0,0.0,0.0,0.0,0.0,0.0,0.0,0.0,49.0,201.0,312.0,442.0,549.0,559.0,500.0,386.0,229.0,62.0,0.0,0.0,0.0,0.0,0.0
2022-01-05,0.0,0.0,0.0,0.0,0.0,0.0,0.0,0.0,0.0,49.0,210.0,370.0,490.0,556.0,560.0,503.0,390.0,227.0,66.0,0.0,0.0,0.0,0.0,0.0
2022-01-06,0.0,0.0,0.0,0.0,0.0,0.0,0.0,0.0,0.0,50.0,214.0,377.0,500.0,567.0,571.0,513.0,395.0,232.0,58.0,0.0,0.0,0.0,0.0,0.0
2022-01-07,0.0,0.0,0.0,0.0,0.0,0.0,0.0,0.0,0.0,21.0,104.0,265.0,449.0,527.0,563.0,476.0,258.0,235.0,56.0,0.0,0.0,0.0,0.0,0.0
2022-01-08,0.0,0.0,0.0,0.0,0.0,0.0,0.0,0.0,0.0,27.0,127.0,277.0,465.0,544.0,552.0,454.0,339.0,189.0,57.0,0.0,0.0,0.0,0.0,0.0
2022-01-09,0.0,0.0,0.0,0.0,0.0,0.0,0.0,0.0,0.0,47.0,212.0,378.0,503.0,571.0,575.0,518.0,403.0,244.0,74.0,0.0,0.0,0.0,0.0,0.0
2022-01-10,0.0,0.0,0.0,0.0,0.0,0.0,0.0,0.0,0.0,23.0,110.0,288.0,359.0,394.0,357.0,351.0,284.0,161.0,45.0,0.0,0.0,0.0,0.0,0.0
2022-01-11,0.0,0.0,0.0,0.0,0.0,0.0,0.0,0.0,0.0,53.0,227.0,398.0,528.0,600.0,606.0,545.0,427.0,264.0,85.0,0.0,0.0,0.0,0.0,0.0
2022-01-12,0.0,0.0,0.0,0.0,0.0,0.0,0.0,0.0,0.0,37.0,141.0,225.0,328.0,378.0,425.0,375.0,310.0,196.0,60.0,0.0,0.0,0.0,0.0,0.0
2022-01-13,0.0,0.0,0.0,0.0,0.0,0.0,0.0,0.0,0.0,13.0,48.0,113.0,195.0,232.0,317.0,177.0,125.0,51.0,20.0,0.0,0.0,0.0,0.0,0.0
2022-01-14,0.0,0.0,0.0,0.0,0.0,0.0,0.0,0.0,0.0,48.0,211.0,380.0,497.0,510.0,587.0,482.0,365.0,247.0,75.0,1.0,0.0,0.0,0.0,0.0
2022-01-15,0.0,0.0,0.0,0.0,0.0,0.0,0.0,0.0,0.0,6.0,76.0,138.0,179.0,152.0,237.0,276.0,267.0,146.0,18.0,1.0,0.0,0.0,0.0,0.0
2022-01-16,0.0,0.0,0.0,0.0,0.0,0.0,0.0,0.0,0.0,42.0,168.0,277.0,384.0,496.0,548.0,496.0,377.0,234.0,73.0,1.0,0.0,0.0,0.0,0.0
2022-01-17,0.0,0.0,0.0,0.0,0.0,0.0,0.0,0.0,0.0,29.0,127.0,198.0,464.0,461.0,382.0,351.0,343.0,209.0,73.0,1.0,0.0,0.0,0.0,0.0
2022-01-18,0.0,0.0,0.0,0.0,0.0,0.0,0.0,0.0,0.0,48.0,198.0,361.0,494.0,541.0,555.0,504.0,417.0,263.0,89.0,2.0,0.0,0.0,0.0,0.0
2022-01-19,0.0,0.0,0.0,0.0,0.0,0.0,0.0,0.0,0.0,28.0,126.0,242.0,274.0,391.0,387.0,443.0,413.0,270.0,91.0,2.0,0.0,0.0,0.0,0.0
2022-01-20,0.0,0.0,0.0,0.0,0.0,0.0,0.0,0.0,0.0,57.0,230.0,402.0,532.0,605.0,616.0,563.0,450.0,288.0,106.0,2.0,0.0,0.0,0.0,0.0
2022-01-21,0.0,0.0,0.0,0.0,0.0,0.0,0.0,0.0,0.0,58.0,232.0,402.0,532.0,608.0,620.0,570.0,457.0,296.0,109.0,3.0,0.0,0.0,0.0,0.0
2022-01-22,0.0,0.0,0.0,0.0,0.0,0.0,0.0,0.0,0.0,62.0,245.0,422.0,555.0,632.0,644.0,587.0,470.0,304.0,116.0,4.0,0.0,0.0,0.0,0.0
2022-01-23,0.0,0.0,0.0,0.0,0.0,0.0,0.0,0.0,0.0,62.0,240.0,413.0,545.0,621.0,633.0,579.0,464.0,302.0,117.0,4.0,0.0,0.0,0.0,0.0
2022-01-24,0.0,0.0,0.0,0.0,0.0,0.0,0.0,0.0,0.0,63.0,243.0,419.0,553.0,630.0,642.0,589.0,473.0,309.0,121.0,4.0,0.0,0.0,0.0,0.0
2022-01-25,0.0,0.0,0.0,0.0,0.0,0.0,0.0,0.0,0.0,56.0,221.0,381.0,543.0,595.0,623.0,580.0,465.0,304.0,121.0,5.0,0.0,0.0,0.0,0.0
2022-01-26,0.0,0.0,0.0,0.0,0.0,0.0,0.0,0.0,0.0,55.0,223.0,388.0,528.0,591.0,586.0,513.0,379.0,241.0,117.0,6.0,0.0,0.0,0.0,0.0
2022-01-27,0.0,0.0,0.0,0.0,0.0,0.0,0.0,0.0,0.0,67.0,249.0,425.0,559.0,635.0,647.0,596.0,481.0,317.0,131.0,7.0,0.0,0.0,0.0,0.0
2022-01-28,0.0,0.0,0.0,0.0,0.0,0.0,0.0,0.0,0.0,62.0,245.0,433.0,567.0,643.0,655.0,602.0,488.0,324.0,135.0,7.0,0.0,0.0,0.0,0.0
2022-01-29,0.0,0.0,0.0,0.0,0.0,0.0,0.0,0.0,0.0,34.0,125.0,144.0,253.0,240.0,184.0,351.0,401.0,153.0,134.0,8.0,0.0,0.0,0.0,0.0
2022-01-30,0.0,0.0,0.0,0.0,0.0,0.0,0.0,0.0,0.0,75.0,265.0,447.0,585.0,663.0,676.0,622.0,502.0,337.0,144.0,9.0,0.0,0.0,0.0,0.0
2022-01-31,0.0,0.0,0.0,0.0,0.0,0.0,0.0,0.0,0.0,42.0,172.0,228.0,329.0,508.0,366.0,396.0,298.0,231.0,74.0,7.0,0.0,0.0,0.0,0.0
2022-02-01,0.0,0.0,0.0,0.0,0.0,0.0,0.0,0.0,0.0,60.0,240.0,421.0,539.0,598.0,659.0,556.0,487.0,336.0,143.0,10.0,0.0,0.0,0.0,0.0
2022-02-02,0.0,0.0,0.0,0.0,0.0,0.0,0.0,0.0,0.0,81.0,270.0,450.0,588.0,668.0,682.0,626.0,511.0,347.0,156.0,12.0,0.0,0.0,0.0,0.0
2022-02-03,0.0,0.0,0.0,0.0,0.0,0.0,0.0,0.0,0.0,83.0,276.0,456.0,592.0,671.0,684.0,630.0,514.0,347.0,155.0,12.0,0.0,0.0,0.0,0.0
2022-02-04,0.0,0.0,0.0,0.0,0.0,0.0,0.0,0.0,0.0,84.0,273.0,453.0,591.0,673.0,688.0,636.0,522.0,356.0,161.0,14.0,0.0,0.0,0.0,0.0
2022-02-05,0.0,0.0,0.0,0.0,0.0,0.0,0.0,0.0,0.0,89.0,285.0,469.0,609.0,691.0,706.0,650.0,534.0,367.0,168.0,15.0,0.0,0.0,0.0,0.0
2022-02-06,0.0,0.0,0.0,0.0,0.0,0.0,0.0,0.0,0.0,92.0,289.0,474.0,614.0,695.0,710.0,656.0,538.0,369.0,170.0,16.0,0.0,0.0,0.0,0.0
2022-02-07,0.0,0.0,0.0,0.0,0.0,0.0,0.0,0.0,1.0,93.0,288.0,471.0,610.0,692.0,707.0,653.0,536.0,368.0,173.0,17.0,0.0,0.0,0.0,0.0
2022-02-08,0.0,0.0,0.0,0.0,0.0,0.0,0.0,0.0,1.0,95.0,292.0,475.0,614.0,670.0,632.0,597.0,489.0,326.0,172.0,18.0,0.0,0.0,0.0,0.0
2022-02-09,0.0,0.0,0.0,0.0,0.0,0.0,0.0,0.0,1.0,99.0,298.0,485.0,626.0,708.0,723.0,669.0,552.0,383.0,184.0,20.0,0.0,0.0,0.0,0.0
2022-02-10,0.0,0.0,0.0,0.0,0.0,0.0,0.0,0.0,1.0,101.0,300.0,483.0,622.0,702.0,719.0,667.0,552.0,383.0,182.0,21.0,0.0,0.0,0.0,0.0
2022-02-11,0.0,0.0,0.0,0.0,0.0,0.0,0.0,0.0,1.0,104.0,302.0,485.0,625.0,704.0,718.0,664.0,548.0,381.0,184.0,22.0,0.0,0.0,0.0,0.0
2022-02-12,0.0,0.0,0.0,0.0,0.0,0.0,0.0,0.0,2.0,107.0,306.0,489.0,630.0,712.0,726.0,672.0,556.0,388.0,189.0,24.0,0.0,0.0,0.0,0.0
2022-02-13,0.0,0.0,0.0,0.0,0.0,0.0,0.0,0.0,2.0,111.0,313.0,499.0,640.0,721.0,736.0,682.0,564.0,394.0,194.0,25.0,0.0,0.0,0.0,0.0
2022-02-14,0.0,0.0,0.0,0.0,0.0,0.0,0.0,0.0,2.0,113.0,315.0,500.0,640.0,720.0,733.0,678.0,558.0,388.0,186.0,25.0,0.0,0.0,0.0,0.0
2022-02-15,0.0,0.0,0.0,0.0,0.0,0.0,0.0,0.0,2.0,88.0,285.0,503.0,642.0,731.0,734.0,614.0,484.0,396.0,192.0,25.0,0.0,0.0,0.0,0.0
2022-02-16,0.0,0.0,0.0,0.0,0.0,0.0,0.0,0.0,3.0,118.0,321.0,507.0,649.0,730.0,742.0,687.0,571.0,402.0,200.0,29.0,0.0,0.0,0.0,0.0
2022-02-17,0.0,0.0,0.0,0.0,0.0,0.0,0.0,0.0,4.0,123.0,327.0,514.0,655.0,743.0,762.0,707.0,587.0,414.0,210.0,32.0,0.0,0.0,0.0,0.0
2022-02-18,0.0,0.0,0.0,0.0,0.0,0.0,0.0,0.0,5.0,129.0,337.0,526.0,667.0,747.0,760.0,705.0,586.0,415.0,210.0,33.0,0.0,0.0,0.0,0.0
2022-02-19,0.0,0.0,0.0,0.0,0.0,0.0,0.0,0.0,5.0,131.0,338.0,525.0,665.0,744.0,724.0,660.0,484.0,279.0,157.0,26.0,0.0,0.0,0.0,0.0
2022-02-20,0.0,0.0,0.0,0.0,0.0,0.0,0.0,0.0,6.0,124.0,314.0,512.0,642.0,721.0,752.0,684.0,519.0,361.0,137.0,16.0,0.0,0.0,0.0,0.0
2022-02-21,0.0,0.0,0.0,0.0,0.0,0.0,0.0,0.0,5.0,125.0,318.0,465.0,483.0,546.0,378.0,503.0,421.0,396.0,210.0,36.0,0.0,0.0,0.0,0.0
2022-02-22,0.0,0.0,0.0,0.0,0.0,0.0,0.0,0.0,6.0,121.0,230.0,434.0,459.0,548.0,591.0,357.0,292.0,355.0,146.0,27.0,0.0,0.0,0.0,0.0
2022-02-23,0.0,0.0,0.0,0.0,0.0,0.0,0.0,0.0,8.0,137.0,350.0,516.0,658.0,751.0,787.0,736.0,620.0,443.0,226.0,40.0,0.0,0.0,0.0,0.0
2022-02-24,0.0,0.0,0.0,0.0,0.0,0.0,0.0,0.0,10.0,154.0,367.0,557.0,699.0,780.0,792.0,735.0,613.0,438.0,233.0,44.0,0.0,0.0,0.0,0.0
2022-02-25,0.0,0.0,0.0,0.0,0.0,0.0,0.0,0.0,10.0,155.0,364.0,553.0,695.0,777.0,789.0,733.0,613.0,441.0,236.0,45.0,0.0,0.0,0.0,0.0
2022-02-26,0.0,0.0,0.0,0.0,0.0,0.0,0.0,0.0,12.0,159.0,372.0,562.0,705.0,788.0,802.0,743.0,623.0,448.0,241.0,47.0,0.0,0.0,0.0,0.0
2022-02-27,0.0,0.0,0.0,0.0,0.0,0.0,0.0,0.0,13.0,160.0,361.0,540.0,707.0,787.0,803.0,752.0,629.0,452.0,242.0,48.0,0.0,0.0,0.0,0.0
2022-02-28,0.0,0.0,0.0,0.0,0.0,0.0,0.0,0.0,15.0,172.0,388.0,580.0,723.0,805.0,818.0,762.0,640.0,463.0,252.0,52.0,0.0,0.0,0.0,0.0
2022-03-01,0.0,0.0,0.0,0.0,0.0,0.0,0.0,0.0,16.0,181.0,400.0,593.0,736.0,819.0,830.0,771.0,648.0,470.0,257.0,55.0,0.0,0.0,0.0,0.0
2022-03-02,0.0,0.0,0.0,0.0,0.0,0.0,0.0,0.0,17.0,182.0,400.0,593.0,734.0,807.0,777.0,691.0,574.0,391.0,209.0,42.0,0.0,0.0,0.0,0.0
2022-03-03,0.0,0.0,0.0,0.0,0.0,0.0,0.0,0.0,15.0,146.0,278.0,437.0,701.0,792.0,803.0,737.0,610.0,438.0,71.0,15.0,0.0,0.0,0.0,0.0
2022-03-04,0.0,0.0,0.0,0.0,0.0,0.0,0.0,0.0,17.0,176.0,381.0,554.0,701.0,793.0,773.0,720.0,617.0,401.0,229.0,27.0,0.0,0.0,0.0,0.0
2022-03-05,0.0,0.0,0.0,0.0,0.0,0.0,0.0,0.0,17.0,122.0,252.0,520.0,695.0,792.0,782.0,728.0,584.0,449.0,254.0,55.0,0.0,0.0,0.0,0.0
2022-03-06,0.0,0.0,0.0,0.0,0.0,0.0,0.0,0.0,23.0,191.0,400.0,591.0,742.0,825.0,833.0,774.0,650.0,473.0,262.0,62.0,0.0,0.0,0.0,0.0
2022-03-07,0.0,0.0,0.0,0.0,0.0,0.0,0.0,0.0,26.0,200.0,416.0,604.0,746.0,826.0,836.0,778.0,656.0,480.0,269.0,65.0,0.0,0.0,0.0,0.0
2022-03-08,0.0,0.0,0.0,0.0,0.0,0.0,0.0,0.0,28.0,208.0,425.0,615.0,757.0,837.0,848.0,789.0,665.0,487.0,273.0,68.0,0.0,0.0,0.0,0.0
2022-03-09,0.0,0.0,0.0,0.0,0.0,0.0,0.0,0.0,29.0,206.0,420.0,608.0,747.0,824.0,833.0,774.0,652.0,477.0,266.0,66.0,0.0,0.0,0.0,0.0
2022-03-10,0.0,0.0,0.0,0.0,0.0,0.0,0.0,0.0,26.0,187.0,402.0,588.0,754.0,833.0,839.0,783.0,660.0,487.0,276.0,71.0,0.0,0.0,0.0,0.0
2022-03-11,0.0,0.0,0.0,0.0,0.0,0.0,0.0,0.0,36.0,225.0,441.0,628.0,768.0,849.0,860.0,800.0,676.0,497.0,284.0,75.0,0.0,0.0,0.0,0.0
2022-03-12,0.0,0.0,0.0,0.0,0.0,0.0,0.0,0.0,38.0,228.0,447.0,638.0,780.0,859.0,868.0,806.0,678.0,499.0,285.0,76.0,0.0,0.0,0.0,0.0
2022-03-13,0.0,0.0,0.0,0.0,0.0,0.0,0.0,0.0,40.0,232.0,427.0,577.0,746.0,835.0,848.0,789.0,668.0,497.0,284.0,77.0,0.0,0.0,0.0,0.0
2022-03-14,0.0,0.0,0.0,0.0,0.0,0.0,0.0,0.0,42.0,233.0,449.0,638.0,775.0,852.0,861.0,800.0,678.0,498.0,288.0,80.0,0.0,0.0,0.0,0.0
2022-03-15,0.0,0.0,0.0,0.0,0.0,0.0,0.0,0.0,40.0,226.0,446.0,637.0,770.0,829.0,808.0,701.0,535.0,333.0,152.0,35.0,0.0,0.0,0.0,0.0
2022-03-16,0.0,0.0,0.0,0.0,0.0,0.0,0.0,0.0,47.0,241.0,458.0,647.0,786.0,866.0,877.0,817.0,693.0,514.0,296.0,84.0,0.0,0.0,0.0,0.0
2022-03-17,0.0,0.0,0.0,0.0,0.0,0.0,0.0,0.0,50.0,234.0,446.0,636.0,782.0,856.0,863.0,802.0,678.0,499.0,290.0,78.0,0.0,0.0,0.0,0.0
2022-03-18,0.0,0.0,0.0,0.0,0.0,0.0,0.0,0.0,54.0,255.0,472.0,659.0,799.0,877.0,886.0,825.0,699.0,518.0,302.0,89.0,0.0,0.0,0.0,0.0
2022-03-19,0.0,0.0,0.0,0.0,0.0,0.0,0.0,0.0,47.0,213.0,435.0,578.0,749.0,789.0,838.0,753.0,642.0,267.0,173.0,81.0,0.0,0.0,0.0,0.0
2022-03-20,0.0,0.0,0.0,0.0,0.0,0.0,0.0,0.0,54.0,256.0,470.0,660.0,798.0,875.0,884.0,823.0,696.0,518.0,302.0,91.0,0.0,0.0,0.0,0.0
2022-03-21,0.0,0.0,0.0,0.0,0.0,0.0,0.0,0.0,61.0,261.0,468.0,659.0,790.0,866.0,873.0,800.0,687.0,511.0,301.0,92.0,1.0,0.0,0.0,0.0
2022-03-22,0.0,0.0,0.0,0.0,0.0,0.0,0.0,0.0,66.0,268.0,482.0,666.0,801.0,876.0,882.0,819.0,694.0,516.0,305.0,95.0,1.0,0.0,0.0,0.0
2022-03-23,0.0,0.0,0.0,0.0,0.0,0.0,0.0,0.0,69.0,271.0,485.0,669.0,804.0,877.0,882.0,819.0,694.0,517.0,305.0,96.0,1.0,0.0,0.0,0.0
2022-03-24,0.0,0.0,0.0,0.0,0.0,0.0,0.0,0.0,73.0,277.0,492.0,677.0,812.0,886.0,891.0,829.0,702.0,524.0,312.0,99.0,1.0,0.0,0.0,0.0
2022-03-25,0.0,0.0,0.0,0.0,0.0,0.0,0.0,0.0,67.0,265.0,454.0,629.0,782.0,842.0,853.0,747.0,593.0,437.0,288.0,94.0,1.0,0.0,0.0,0.0
2022-03-26,0.0,0.0,0.0,0.0,0.0,0.0,0.0,0.0,47.0,160.0,347.0,469.0,720.0,847.0,856.0,781.0,639.0,513.0,302.0,100.0,1.0,0.0,0.0,0.0
2022-03-27,0.0,0.0,0.0,0.0,0.0,0.0,0.0,0.0,39.0,159.0,258.0,365.0,470.0,585.0,498.0,437.0,536.0,382.0,254.0,94.0,1.0,0.0,0.0,0.0
2022-03-28,0.0,0.0,0.0,0.0,0.0,0.0,0.0,0.0,19.0,48.0,401.0,677.0,687.0,857.0,865.0,765.0,548.0,151.0,253.0,55.0,1.0,0.0,0.0,0.0
2022-03-29,0.0,0.0,0.0,0.0,0.0,0.0,0.0,0.0,90.0,295.0,511.0,694.0,826.0,897.0,902.0,842.0,704.0,527.0,297.0,102.0,2.0,0.0,0.0,0.0
2022-03-30,0.0,0.0,0.0,0.0,0.0,0.0,0.0,1.0,71.0,233.0,492.0,653.0,784.0,818.0,771.0,797.0,702.0,528.0,311.0,110.0,2.0,0.0,0.0,0.0
2022-03-31,0.0,0.0,0.0,0.0,0.0,0.0,0.0,1.0,61.0,168.0,269.0,429.0,641.0,842.0,875.0,746.0,693.0,536.0,261.0,107.0,2.0,0.0,0.0,0.0
2022-04-01,0.0,0.0,0.0,0.0,0.0,0.0,0.0,1.0,45.0,169.0,286.0,376.0,544.0,830.0,892.0,827.0,703.0,527.0,319.0,111.0,3.0,0.0,0.0,0.0
2022-04-02,0.0,0.0,0.0,0.0,0.0,0.0,0.0,1.0,49.0,161.0,318.0,540.0,649.0,689.0,714.0,664.0,527.0,386.0,221.0,57.0,2.0,0.0,0.0,0.0
2022-04-03,0.0,0.0,0.0,0.0,0.0,0.0,0.0,1.0,44.0,106.0,206.0,360.0,523.0,717.0,749.0,814.0,703.0,497.0,282.0,78.0,3.0,0.0,0.0,0.0
2022-04-04,0.0,0.0,0.0,0.0,0.0,0.0,0.0,3.0,118.0,338.0,554.0,739.0,870.0,936.0,933.0,863.0,728.0,544.0,332.0,120.0,4.0,0.0,0.0,0.0
2022-04-05,0.0,0.0,0.0,0.0,0.0,0.0,0.0,3.0,118.0,330.0,543.0,724.0,854.0,924.0,927.0,862.0,734.0,555.0,343.0,126.0,4.0,0.0,0.0,0.0
2022-04-06,0.0,0.0,0.0,0.0,0.0,0.0,0.0,4.0,123.0,338.0,548.0,727.0,856.0,922.0,923.0,858.0,731.0,553.0,342.0,127.0,5.0,0.0,0.0,0.0
2022-04-07,0.0,0.0,0.0,0.0,0.0,0.0,0.0,5.0,129.0,347.0,563.0,745.0,871.0,952.0,952.0,884.0,754.0,573.0,360.0,135.0,5.0,0.0,0.0,0.0
2022-04-08,0.0,0.0,0.0,0.0,0.0,0.0,0.0,6.0,132.0,351.0,570.0,756.0,890.0,960.0,961.0,893.0,761.0,577.0,360.0,136.0,6.0,0.0,0.0,0.0
2022-04-09,0.0,0.0,0.0,0.0,0.0,0.0,0.0,6.0,132.0,330.0,562.0,749.0,880.0,951.0,963.0,899.0,764.0,576.0,357.0,137.0,6.0,0.0,0.0,0.0
2022-04-10,0.0,0.0,0.0,0.0,0.0,0.0,0.0,6.0,125.0,330.0,556.0,738.0,871.0,939.0,938.0,872.0,750.0,575.0,356.0,136.0,6.0,0.0,0.0,0.0
2022-04-11,0.0,0.0,0.0,0.0,0.0,0.0,0.0,8.0,138.0,354.0,565.0,743.0,867.0,932.0,919.0,853.0,723.0,501.0,316.0,92.0,4.0,0.0,0.0,0.0
2022-04-12,0.0,0.0,0.0,0.0,0.0,0.0,0.0,9.0,154.0,379.0,600.0,785.0,921.0,988.0,984.0,913.0,781.0,596.0,370.0,146.0,8.0,0.0,0.0,0.0
2022-04-13,0.0,0.0,0.0,0.0,0.0,0.0,0.0,11.0,158.0,383.0,600.0,781.0,910.0,975.0,969.0,898.0,768.0,586.0,367.0,145.0,8.0,0.0,0.0,0.0
2022-04-14,0.0,0.0,0.0,0.0,0.0,0.0,0.0,11.0,155.0,375.0,590.0,769.0,896.0,962.0,962.0,893.0,755.0,574.0,361.0,143.0,8.0,0.0,0.0,0.0
2022-04-15,0.0,0.0,0.0,0.0,0.0,0.0,0.0,12.0,152.0,369.0,580.0,756.0,884.0,949.0,946.0,878.0,749.0,569.0,355.0,142.0,9.0,0.0,0.0,0.0
2022-04-16,0.0,0.0,0.0,0.0,0.0,0.0,0.0,11.0,120.0,354.0,567.0,744.0,863.0,938.0,932.0,874.0,525.0,316.0,349.0,144.0,9.0,0.0,0.0,0.0
2022-04-17,0.0,0.0,0.0,0.0,0.0,0.0,0.0,7.0,112.0,352.0,529.0,674.0,835.0,913.0,964.0,906.0,777.0,593.0,376.0,153.0,10.0,0.0,0.0,0.0
2022-04-18,0.0,0.0,0.0,0.0,0.0,0.0,0.0,14.0,152.0,353.0,593.0,686.0,871.0,951.0,959.0,893.0,753.0,500.0,275.0,97.0,5.0,0.0,0.0,0.0
2022-04-19,0.0,0.0,0.0,0.0,0.0,0.0,0.0,5.0,105.0,286.0,475.0,752.0,884.0,936.0,934.0,857.0,739.0,531.0,365.0,145.0,11.0,0.0,0.0,0.0
2022-04-20,0.0,0.0,0.0,0.0,0.0,0.0,0.0,18.0,170.0,386.0,595.0,770.0,893.0,956.0,953.0,884.0,755.0,576.0,366.0,151.0,11.0,0.0,0.0,0.0
2022-04-21,0.0,0.0,0.0,0.0,0.0,0.0,0.0,11.0,114.0,232.0,478.0,613.0,805.0,728.0,720.0,736.0,729.0,544.0,331.0,144.0,11.0,0.0,0.0,0.0
2022-04-22,0.0,0.0,0.0,0.0,0.0,0.0,0.0,21.0,179.0,396.0,595.0,771.0,867.0,960.0,965.0,897.0,772.0,595.0,377.0,159.0,13.0,0.0,0.0,0.0
2022-04-23,0.0,0.0,0.0,0.0,0.0,0.0,0.0,23.0,187.0,406.0,615.0,790.0,914.0,976.0,973.0,904.0,775.0,596.0,382.0,164.0,14.0,0.0,0.0,0.0
2022-04-24,0.0,0.0,0.0,0.0,0.0,0.0,0.0,25.0,194.0,416.0,628.0,804.0,928.0,990.0,985.0,914.0,784.0,603.0,391.0,170.0,15.0,0.0,0.0,0.0
2022-04-25,0.0,0.0,0.0,0.0,0.0,0.0,0.0,27.0,196.0,416.0,625.0,797.0,920.0,981.0,976.0,905.0,772.0,597.0,382.0,159.0,13.0,0.0,0.0,0.0
2022-04-26,0.0,0.0,0.0,0.0,0.0,0.0,0.0,19.0,144.0,311.0,463.0,645.0,837.0,928.0,934.0,901.0,774.0,597.0,321.0,132.0,13.0,0.0,0.0,0.0
2022-04-27,0.0,0.0,0.0,0.0,0.0,0.0,0.0,28.0,191.0,394.0,620.0,795.0,916.0,974.0,972.0,906.0,781.0,605.0,390.0,172.0,17.0,0.0,0.0,0.0
2022-04-28,0.0,0.0,0.0,0.0,0.0,0.0,0.0,32.0,195.0,398.0,640.0,818.0,945.0,999.0,994.0,925.0,795.0,615.0,399.0,178.0,19.0,0.0,0.0,0.0
2022-04-29,0.0,0.0,0.0,0.0,0.0,0.0,0.0,33.0,210.0,412.0,604.0,789.0,930.0,991.0,986.0,916.0,786.0,609.0,396.0,178.0,20.0,0.0,0.0,0.0
2022-04-30,0.0,0.0,0.0,0.0,0.0,0.0,0.0,35.0,212.0,431.0,639.0,812.0,933.0,995.0,994.0,927.0,798.0,617.0,401.0,180.0,20.0,0.0,0.0,0.0
2022-05-01,0.0,0.0,0.0,0.0,0.0,0.0,0.0,36.0,214.0,433.0,641.0,818.0,937.0,994.0,988.0,918.0,789.0,609.0,394.0,178.0,21.0,0.0,0.0,0.0
2022-05-02,0.0,0.0,0.0,0.0,0.0,0.0,0.0,34.0,203.0,413.0,623.0,800.0,921.0,983.0,980.0,914.0,787.0,611.0,388.0,167.0,20.0,0.0,0.0,0.0
2022-05-03,0.0,0.0,0.0,0.0,0.0,0.0,0.0,32.0,174.0,294.0,540.0,746.0,874.0,954.0,976.0,911.0,782.0,607.0,395.0,180.0,23.0,0.0,0.0,0.0
2022-05-04,0.0,0.0,0.0,0.0,0.0,0.0,0.0,41.0,219.0,434.0,638.0,806.0,926.0,988.0,986.0,918.0,790.0,614.0,402.0,187.0,24.0,0.0,0.0,0.0
2022-05-05,0.0,0.0,0.0,0.0,0.0,0.0,0.0,42.0,211.0,410.0,567.0,671.0,796.0,864.0,943.0,898.0,771.0,615.0,405.0,188.0,25.0,0.0,0.0,0.0
2022-05-06,0.0,0.0,0.0,0.0,0.0,0.0,0.0,43.0,221.0,433.0,631.0,792.0,908.0,965.0,961.0,892.0,765.0,592.0,388.0,180.0,22.0,0.0,0.0,0.0
2022-05-07,0.0,0.0,0.0,0.0,0.0,0.0,0.0,41.0,131.0,368.0,643.0,815.0,939.0,1006.0,1004.0,937.0,808.0,625.0,414.0,194.0,27.0,0.0,0.0,0.0
2022-05-08,0.0,0.0,0.0,0.0,0.0,0.0,0.0,47.0,231.0,450.0,657.0,828.0,947.0,1008.0,1003.0,932.0,801.0,622.0,414.0,197.0,28.0,0.0,0.0,0.0
2022-05-09,0.0,0.0,0.0,0.0,0.0,0.0,0.0,51.0,239.0,458.0,662.0,830.0,949.0,1008.0,1002.0,931.0,800.0,622.0,413.0,196.0,28.0,0.0,0.0,0.0
2022-05-10,0.0,0.0,0.0,0.0,0.0,0.0,0.0,50.0,228.0,432.0,629.0,804.0,936.0,999.0,1002.0,940.0,818.0,641.0,427.0,205.0,32.0,0.0,0.0,0.0
2022-05-11,0.0,0.0,0.0,0.0,0.0,0.0,0.0,55.0,248.0,470.0,679.0,851.0,974.0,1038.0,1033.0,957.0,822.0,640.0,421.0,204.0,32.0,0.0,0.0,0.0
2022-05-12,0.0,0.0,0.0,0.0,0.0,0.0,0.0,56.0,247.0,467.0,672.0,842.0,961.0,1021.0,1015.0,944.0,815.0,637.0,424.0,206.0,33.0,0.0,0.0,0.0
2022-05-13,0.0,0.0,0.0,0.0,0.0,0.0,0.0,56.0,243.0,459.0,662.0,830.0,950.0,1011.0,1007.0,939.0,813.0,637.0,427.0,209.0,34.0,0.0,0.0,0.0
2022-05-14,0.0,0.0,0.0,0.0,0.0,0.0,0.0,58.0,249.0,459.0,656.0,837.0,931.0,987.0,950.0,885.0,776.0,613.0,422.0,207.0,35.0,0.0,0.0,0.0
2022-05-15,0.0,0.0,0.0,0.0,0.0,0.0,0.0,51.0,187.0,412.0,563.0,628.0,556.0,930.0,898.0,852.0,755.0,593.0,397.0,184.0,24.0,0.0,0.0,0.0
2022-05-16,0.0,0.0,0.0,0.0,0.0,0.0,0.0,58.0,237.0,424.0,609.0,785.0,915.0,989.0,989.0,921.0,798.0,627.0,423.0,210.0,37.0,0.0,0.0,0.0
2022-05-17,0.0,0.0,0.0,0.0,0.0,0.0,0.0,52.0,218.0,437.0,664.0,823.0,944.0,980.0,990.0,925.0,801.0,628.0,419.0,207.0,37.0,0.0,0.0,0.0
2022-05-18,0.0,0.0,0.0,0.0,0.0,0.0,0.0,54.0,231.0,398.0,509.0,602.0,812.0,944.0,950.0,887.0,775.0,614.0,273.0,145.0,25.0,0.0,0.0,0.0
2022-05-19,0.0,0.0,0.0,0.0,0.0,0.0,0.0,28.0,117.0,248.0,387.0,536.0,621.0,744.0,893.0,822.0,724.0,539.0,328.0,178.0,30.0,0.0,0.0,0.0
2022-05-20,0.0,0.0,0.0,0.0,0.0,0.0,0.0,32.0,115.0,236.0,376.0,475.0,684.0,733.0,710.0,745.0,660.0,551.0,427.0,203.0,38.0,0.0,0.0,0.0
2022-05-21,0.0,0.0,0.0,0.0,0.0,0.0,0.0,35.0,161.0,310.0,537.0,754.0,918.0,989.0,986.0,918.0,795.0,624.0,416.0,211.0,41.0,0.0,0.0,0.0
2022-05-22,0.0,0.0,0.0,0.0,0.0,0.0,0.0,50.0,206.0,379.0,573.0,752.0,845.0,948.0,930.0,874.0,771.0,611.0,277.0,178.0,33.0,0.0,0.0,0.0
2022-05-23,0.0,0.0,0.0,0.0,0.0,0.0,0.0,64.0,249.0,454.0,643.0,792.0,905.0,972.0,976.0,911.0,788.0,616.0,307.0,129.0,30.0,0.0,0.0,0.0
2022-05-24,0.0,0.0,0.0,0.0,0.0,0.0,0.0,32.0,124.0,282.0,443.0,607.0,658.0,915.0,954.0,898.0,785.0,624.0,326.0,152.0,30.0,0.0,0.0,0.0
2022-05-25,0.0,0.0,0.0,0.0,0.0,0.0,0.0,37.0,127.0,289.0,442.0,602.0,704.0,783.0,729.0,696.0,692.0,597.0,348.0,206.0,45.0,0.0,0.0,0.0
2022-05-26,0.0,0.0,0.0,0.0,0.0,0.0,0.0,30.0,124.0,286.0,425.0,442.0,647.0,761.0,815.0,797.0,674.0,522.0,341.0,149.0,26.0,0.0,0.0,0.0
2022-05-27,0.0,0.0,0.0,0.0,0.0,0.0,0.0,38.0,116.0,231.0,382.0,619.0,812.0,866.0,882.0,811.0,709.0,619.0,350.0,173.0,41.0,0.0,0.0,0.0
2022-05-28,0.0,0.0,0.0,0.0,0.0,0.0,0.0,30.0,115.0,214.0,350.0,439.0,576.0,640.0,705.0,805.0,747.0,572.0,397.0,209.0,45.0,0.0,0.0,0.0
2022-05-29,0.0,0.0,0.0,0.0,0.0,0.0,0.0,59.0,204.0,444.0,642.0,824.0,958.0,1020.0,1020.0,956.0,830.0,657.0,447.0,233.0,53.0,0.0,0.0,0.0
2022-05-30,0.0,0.0,0.0,0.0,0.0,0.0,0.0,75.0,264.0,473.0,669.0,832.0,948.0,1004.0,997.0,932.0,810.0,643.0,423.0,234.0,55.0,0.0,0.0,0.0
2022-05-31,0.0,0.0,0.0,0.0,0.0,0.0,0.0,77.0,269.0,483.0,683.0,848.0,963.0,1020.0,1016.0,949.0,825.0,655.0,452.0,240.0,56.0,0.0,0.0,0.0
2022-06-01,0.0,0.0,0.0,0.0,0.0,0.0,0.0,76.0,265.0,475.0,670.0,832.0,947.0,1005.0,1000.0,934.0,813.0,646.0,446.0,237.0,57.0,0.0,0.0,0.0
2022-06-02,0.0,0.0,0.0,0.0,0.0,0.0,0.0,77.0,254.0,444.0,629.0,802.0,943.0,998.0,996.0,930.0,789.0,563.0,364.0,177.0,56.0,0.0,0.0,0.0
2022-06-03,0.0,0.0,0.0,0.0,0.0,0.0,0.0,63.0,171.0,268.0,449.0,665.0,729.0,853.0,851.0,669.0,518.0,289.0,242.0,109.0,35.0,0.0,0.0,0.0
2022-06-04,0.0,0.0,0.0,0.0,0.0,0.0,0.0,54.0,153.0,297.0,505.0,679.0,796.0,871.0,880.0,905.0,788.0,627.0,366.0,229.0,55.0,0.0,0.0,0.0
2022-06-05,0.0,0.0,0.0,0.0,0.0,0.0,0.0,39.0,108.0,239.0,487.0,672.0,827.0,971.0,931.0,855.0,762.0,517.0,303.0,135.0,29.0,0.0,0.0,0.0
2022-06-06,0.0,0.0,0.0,0.0,0.0,0.0,0.0,30.0,100.0,220.0,368.0,484.0,654.0,731.0,745.0,921.0,799.0,638.0,441.0,239.0,61.0,0.0,0.0,0.0
2022-06-07,0.0,0.0,0.0,0.0,0.0,0.0,0.0,75.0,255.0,424.0,544.0,656.0,835.0,1004.0,1011.0,945.0,828.0,660.0,460.0,248.0,64.0,0.0,0.0,0.0
2022-06-08,0.0,0.0,0.0,0.0,0.0,0.0,1.0,78.0,266.0,474.0,668.0,831.0,942.0,1001.0,1009.0,949.0,827.0,654.0,453.0,244.0,62.0,0.0,0.0,0.0
2022-06-09,0.0,0.0,0.0,0.0,0.0,0.0,0.0,54.0,183.0,355.0,492.0,656.0,793.0,920.0,930.0,876.0,767.0,640.0,377.0,218.0,58.0,0.0,0.0,0.0
2022-06-10,0.0,0.0,0.0,0.0,0.0,0.0,0.0,35.0,129.0,239.0,376.0,661.0,858.0,934.0,934.0,913.0,797.0,636.0,442.0,240.0,63.0,0.0,0.0,0.0
2022-06-11,0.0,0.0,0.0,0.0,0.0,0.0,0.0,56.0,169.0,328.0,406.0,571.0,753.0,896.0,895.0,870.0,664.0,473.0,295.0,144.0,35.0,0.0,0.0,0.0
2022-06-12,0.0,0.0,0.0,0.0,0.0,0.0,0.0,62.0,218.0,406.0,603.0,744.0,794.0,943.0,891.0,768.0,682.0,578.0,277.0,187.0,34.0,0.0,0.0,0.0
2022-06-13,0.0,0.0,0.0,0.0,0.0,0.0,1.0,79.0,265.0,443.0,586.0,734.0,869.0,986.0,1013.0,947.0,828.0,663.0,465.0,258.0,71.0,0.0,0.0,0.0
2022-06-14,0.0,0.0,0.0,0.0,0.0,0.0,1.0,79.0,265.0,471.0,663.0,823.0,938.0,996.0,993.0,929.0,812.0,652.0,454.0,252.0,69.0,0.0,0.0,0.0
2022-06-15,0.0,0.0,0.0,0.0,0.0,0.0,1.0,77.0,262.0,469.0,664.0,827.0,941.0,998.0,996.0,934.0,817.0,654.0,460.0,242.0,67.0,0.0,0.0,0.0
2022-06-16,0.0,0.0,0.0,0.0,0.0,0.0,1.0,79.0,269.0,479.0,678.0,838.0,943.0,976.0,921.0,804.0,590.0,601.0,327.0,228.0,71.0,0.0,0.0,0.0
2022-06-17,0.0,0.0,0.0,0.0,0.0,0.0,0.0,78.0,260.0,464.0,662.0,841.0,949.0,1014.0,1011.0,948.0,831.0,665.0,466.0,255.0,72.0,0.0,0.0,0.0
2022-06-18,0.0,0.0,0.0,0.0,0.0,0.0,0.0,75.0,263.0,478.0,675.0,839.0,956.0,1015.0,1014.0,953.0,836.0,671.0,473.0,263.0,74.0,0.0,0.0,0.0
2022-06-19,0.0,0.0,0.0,0.0,0.0,0.0,0.0,77.0,263.0,470.0,665.0,830.0,947.0,1010.0,1012.0,953.0,838.0,672.0,472.0,262.0,74.0,0.0,0.0,0.0
2022-06-20,0.0,0.0,0.0,0.0,0.0,0.0,0.0,78.0,267.0,477.0,674.0,840.0,959.0,1022.0,1022.0,961.0,844.0,679.0,481.0,269.0,77.0,0.0,0.0,0.0
2022-06-21,0.0,0.0,0.0,0.0,0.0,0.0,0.0,78.0,268.0,480.0,678.0,841.0,957.0,1017.0,1016.0,954.0,836.0,671.0,474.0,263.0,75.0,0.0,0.0,0.0
2022-06-22,0.0,0.0,0.0,0.0,0.0,0.0,0.0,38.0,146.0,297.0,406.0,735.0,945.0,1005.0,1007.0,947.0,829.0,663.0,470.0,260.0,74.0,0.0,0.0,0.0
2022-06-23,0.0,0.0,0.0,0.0,0.0,0.0,0.0,73.0,247.0,462.0,664.0,813.0,929.0,1000.0,1000.0,941.0,824.0,660.0,468.0,260.0,75.0,0.0,0.0,0.0
2022-06-24,0.0,0.0,0.0,0.0,0.0,0.0,0.0,74.0,249.0,445.0,619.0,775.0,898.0,983.0,994.0,932.0,802.0,658.0,388.0,207.0,53.0,0.0,0.0,0.0
2022-06-25,0.0,0.0,0.0,0.0,0.0,0.0,0.0,44.0,185.0,409.0,633.0,804.0,931.0,994.0,995.0,936.0,822.0,661.0,463.0,258.0,74.0,0.0,0.0,0.0
2022-06-26,0.0,0.0,0.0,0.0,0.0,0.0,0.0,70.0,251.0,455.0,646.0,808.0,925.0,988.0,989.0,932.0,820.0,659.0,466.0,260.0,76.0,0.0,0.0,0.0
2022-06-27,0.0,0.0,0.0,0.0,0.0,0.0,0.0,70.0,254.0,463.0,659.0,823.0,941.0,1004.0,1004.0,943.0,826.0,661.0,469.0,261.0,75.0,0.0,0.0,0.0
2022-06-28,0.0,0.0,0.0,0.0,0.0,0.0,0.0,68.0,247.0,449.0,641.0,801.0,916.0,976.0,977.0,918.0,805.0,646.0,455.0,253.0,71.0,0.0,0.0,0.0
2022-06-29,0.0,0.0,0.0,0.0,0.0,0.0,0.0,65.0,241.0,440.0,629.0,786.0,899.0,959.0,962.0,905.0,794.0,638.0,447.0,249.0,72.0,0.0,0.0,0.0
2022-06-30,0.0,0.0,0.0,0.0,0.0,0.0,0.0,45.0,196.0,444.0,628.0,795.0,910.0,971.0,975.0,918.0,806.0,643.0,448.0,252.0,72.0,0.0,0.0,0.0
2022-07-01,0.0,0.0,0.0,0.0,0.0,0.0,0.0,56.0,197.0,402.0,639.0,798.0,908.0,979.0,981.0,922.0,807.0,647.0,443.0,249.0,72.0,0.0,0.0,0.0
2022-07-02,0.0,0.0,0.0,0.0,0.0,0.0,0.0,44.0,163.0,322.0,490.0,685.0,806.0,872.0,923.0,911.0,829.0,660.0,466.0,259.0,75.0,0.0,0.0,0.0
2022-07-03,0.0,0.0,0.0,0.0,0.0,0.0,0.0,35.0,127.0,312.0,500.0,733.0,877.0,945.0,1000.0,939.0,822.0,659.0,442.0,258.0,73.0,0.0,0.0,0.0
2022-07-04,0.0,0.0,0.0,0.0,0.0,0.0,0.0,57.0,236.0,440.0,618.0,780.0,913.0,975.0,974.0,893.0,799.0,618.0,338.0,200.0,62.0,0.0,0.0,0.0
2022-07-05,0.0,0.0,0.0,0.0,0.0,0.0,0.0,26.0,101.0,198.0,247.0,416.0,508.0,610.0,780.0,737.0,603.0,557.0,251.0,132.0,27.0,0.0,0.0,0.0
2022-07-06,0.0,0.0,0.0,0.0,0.0,0.0,0.0,30.0,127.0,210.0,440.0,745.0,713.0,788.0,738.0,721.0,709.0,626.0,456.0,252.0,72.0,0.0,0.0,0.0
2022-07-07,0.0,0.0,0.0,0.0,0.0,0.0,0.0,31.0,138.0,290.0,428.0,598.0,733.0,898.0,956.0,921.0,820.0,659.0,457.0,253.0,71.0,0.0,0.0,0.0
2022-07-08,0.0,0.0,0.0,0.0,0.0,0.0,0.0,48.0,220.0,416.0,602.0,730.0,809.0,897.0,915.0,922.0,820.0,662.0,455.0,255.0,73.0,0.0,0.0,0.0
2022-07-09,0.0,0.0,0.0,0.0,0.0,0.0,0.0,34.0,144.0,302.0,464.0,647.0,817.0,929.0,941.0,940.0,813.0,651.0,443.0,238.0,70.0,0.0,0.0,0.0
2022-07-10,0.0,0.0,0.0,0.0,0.0,0.0,0.0,56.0,232.0,440.0,635.0,799.0,918.0,982.0,991.0,914.0,810.0,651.0,408.0,222.0,62.0,0.0,0.0,0.0
2022-07-11,0.0,0.0,0.0,0.0,0.0,0.0,0.0,25.0,108.0,239.0,296.0,496.0,636.0,717.0,641.0,736.0,605.0,539.0,345.0,166.0,38.0,0.0,0.0,0.0
2022-07-12,0.0,0.0,0.0,0.0,0.0,0.0,0.0,22.0,95.0,223.0,301.0,460.0,547.0,578.0,609.0,674.0,593.0,526.0,351.0,190.0,53.0,0.0,0.0,0.0
2022-07-13,0.0,0.0,0.0,0.0,0.0,0.0,0.0,23.0,109.0,196.0,320.0,532.0,660.0,748.0,844.0,865.0,793.0,656.0,452.0,249.0,65.0,0.0,0.0,0.0
2022-07-14,0.0,0.0,0.0,0.0,0.0,0.0,0.0,20.0,83.0,187.0,319.0,451.0,591.0,706.0,728.0,764.0,651.0,492.0,326.0,180.0,55.0,0.0,0.0,0.0
2022-07-15,0.0,0.0,0.0,0.0,0.0,0.0,0.0,46.0,212.0,411.0,618.0,783.0,902.0,964.0,972.0,922.0,811.0,650.0,455.0,248.0,67.0,0.0,0.0,0.0
2022-07-16,0.0,0.0,0.0,0.0,0.0,0.0,0.0,46.0,214.0,409.0,605.0,769.0,889.0,956.0,958.0,900.0,788.0,632.0,439.0,239.0,64.0,0.0,0.0,0.0
2022-07-17,0.0,0.0,0.0,0.0,0.0,0.0,0.0,44.0,194.0,375.0,544.0,719.0,881.0,830.0,951.0,896.0,785.0,628.0,442.0,239.0,63.0,0.0,0.0,0.0
2022-07-18,0.0,0.0,0.0,0.0,0.0,0.0,0.0,44.0,211.0,411.0,605.0,768.0,886.0,950.0,953.0,897.0,784.0,627.0,447.0,242.0,63.0,0.0,0.0,0.0
2022-07-19,0.0,0.0,0.0,0.0,0.0,0.0,0.0,44.0,213.0,416.0,612.0,778.0,898.0,960.0,963.0,906.0,794.0,633.0,441.0,238.0,62.0,0.0,0.0,0.0
2022-07-20,0.0,0.0,0.0,0.0,0.0,0.0,0.0,42.0,205.0,406.0,599.0,763.0,882.0,936.0,924.0,832.0,722.0,477.0,365.0,219.0,59.0,0.0,0.0,0.0
2022-07-21,0.0,0.0,0.0,0.0,0.0,0.0,0.0,42.0,205.0,412.0,596.0,742.0,884.0,936.0,917.0,875.0,789.0,634.0,435.0,239.0,60.0,0.0,0.0,0.0
2022-07-22,0.0,0.0,0.0,0.0,0.0,0.0,0.0,40.0,203.0,404.0,597.0,761.0,892.0,964.0,973.0,918.0,806.0,645.0,448.0,240.0,60.0,0.0,0.0,0.0
2022-07-23,0.0,0.0,0.0,0.0,0.0,0.0,0.0,40.0,206.0,406.0,601.0,762.0,885.0,955.0,960.0,909.0,796.0,637.0,424.0,234.0,57.0,0.0,0.0,0.0
2022-07-24,0.0,0.0,0.0,0.0,0.0,0.0,0.0,25.0,136.0,296.0,461.0,572.0,737.0,841.0,940.0,908.0,787.0,635.0,405.0,224.0,53.0,0.0,0.0,0.0
2022-07-25,0.0,0.0,0.0,0.0,0.0,0.0,0.0,35.0,189.0,388.0,585.0,756.0,894.0,953.0,950.0,898.0,798.0,644.0,411.0,222.0,54.0,0.0,0.0,0.0
2022-07-26,0.0,0.0,0.0,0.0,0.0,0.0,0.0,27.0,146.0,307.0,472.0,601.0,776.0,875.0,913.0,876.0,795.0,634.0,355.0,191.0,44.0,0.0,0.0,0.0
2022-07-27,0.0,0.0,0.0,0.0,0.0,0.0,0.0,19.0,115.0,252.0,432.0,614.0,720.0,878.0,911.0,909.0,798.0,635.0,375.0,208.0,49.0,0.0,0.0,0.0
2022-07-28,0.0,0.0,0.0,0.0,0.0,0.0,0.0,15.0,88.0,223.0,359.0,573.0,687.0,798.0,836.0,820.0,767.0,615.0,422.0,220.0,49.0,0.0,0.0,0.0
2022-07-29,0.0,0.0,0.0,0.0,0.0,0.0,0.0,31.0,182.0,381.0,582.0,756.0,872.0,940.0,944.0,887.0,775.0,615.0,422.0,220.0,48.0,0.0,0.0,0.0
2022-07-30,0.0,0.0,0.0,0.0,0.0,0.0,0.0,31.0,190.0,359.0,506.0,560.0,637.0,662.0,861.0,853.0,760.0,604.0,411.0,212.0,45.0,0.0,0.0,0.0
2022-07-31,0.0,0.0,0.0,0.0,0.0,0.0,0.0,27.0,176.0,357.0,578.0,745.0,862.0,861.0,843.0,838.0,737.0,599.0,405.0,212.0,45.0,0.0,0.0,0.0
2022-08-01,0.0,0.0,0.0,0.0,0.0,0.0,0.0,27.0,172.0,371.0,561.0,739.0,858.0,890.0,769.0,620.0,738.0,594.0,346.0,119.0,31.0,0.0,0.0,0.0
2022-08-02,0.0,0.0,0.0,0.0,0.0,0.0,0.0,22.0,139.0,261.0,400.0,602.0,710.0,784.0,820.0,769.0,712.0,591.0,398.0,201.0,41.0,0.0,0.0,0.0
2022-08-03,0.0,0.0,0.0,0.0,0.0,0.0,0.0,26.0,169.0,378.0,576.0,740.0,861.0,926.0,930.0,873.0,759.0,598.0,407.0,204.0,40.0,0.0,0.0,0.0
2022-08-04,0.0,0.0,0.0,0.0,0.0,0.0,0.0,26.0,169.0,302.0,402.0,713.0,857.0,923.0,927.0,870.0,758.0,594.0,312.0,168.0,32.0,0.0,0.0,0.0
2022-08-05,0.0,0.0,0.0,0.0,0.0,0.0,0.0,20.0,149.0,353.0,553.0,721.0,852.0,912.0,929.0,881.0,770.0,608.0,412.0,206.0,38.0,0.0,0.0,0.0
2022-08-06,0.0,0.0,0.0,0.0,0.0,0.0,0.0,20.0,161.0,372.0,573.0,749.0,875.0,943.0,948.0,889.0,773.0,610.0,415.0,209.0,38.0,0.0,0.0,0.0
2022-08-07,0.0,0.0,0.0,0.0,0.0,0.0,0.0,25.0,185.0,392.0,598.0,769.0,896.0,964.0,970.0,912.0,793.0,626.0,423.0,210.0,37.0,0.0,0.0,0.0
2022-08-08,0.0,0.0,0.0,0.0,0.0,0.0,0.0,21.0,154.0,344.0,558.0,740.0,869.0,937.0,942.0,881.0,764.0,599.0,403.0,198.0,34.0,0.0,0.0,0.0
2022-08-09,0.0,0.0,0.0,0.0,0.0,0.0,0.0,21.0,156.0,351.0,529.0,724.0,860.0,925.0,935.0,877.0,760.0,596.0,398.0,194.0,32.0,0.0,0.0,0.0
2022-08-10,0.0,0.0,0.0,0.0,0.0,0.0,0.0,22.0,171.0,377.0,579.0,751.0,876.0,942.0,944.0,884.0,767.0,599.0,402.0,193.0,31.0,0.0,0.0,0.0
2022-08-11,0.0,0.0,0.0,0.0,0.0,0.0,0.0,17.0,136.0,325.0,469.0,677.0,832.0,932.0,938.0,883.0,764.0,599.0,398.0,191.0,30.0,0.0,0.0,0.0
2022-08-12,0.0,0.0,0.0,0.0,0.0,0.0,0.0,20.0,166.0,371.0,573.0,744.0,868.0,935.0,937.0,876.0,759.0,595.0,395.0,188.0,28.0,0.0,0.0,0.0
2022-08-13,0.0,0.0,0.0,0.0,0.0,0.0,0.0,19.0,165.0,370.0,570.0,740.0,864.0,931.0,935.0,877.0,760.0,593.0,395.0,187.0,27.0,0.0,0.0,0.0
2022-08-14,0.0,0.0,0.0,0.0,0.0,0.0,0.0,19.0,166.0,372.0,568.0,739.0,866.0,933.0,939.0,879.0,761.0,593.0,390.0,183.0,25.0,0.0,0.0,0.0
2022-08-15,0.0,0.0,0.0,0.0,0.0,0.0,0.0,13.0,124.0,314.0,497.0,717.0,851.0,922.0,934.0,871.0,755.0,586.0,386.0,179.0,24.0,0.0,0.0,0.0
2022-08-16,0.0,0.0,0.0,0.0,0.0,0.0,0.0,12.0,106.0,252.0,451.0,663.0,829.0,901.0,918.0,867.0,752.0,585.0,383.0,174.0,21.0,0.0,0.0,0.0
2022-08-17,0.0,0.0,0.0,0.0,0.0,0.0,0.0,12.0,109.0,269.0,451.0,542.0,703.0,756.0,804.0,789.0,703.0,568.0,376.0,171.0,21.0,0.0,0.0,0.0
2022-08-18,0.0,0.0,0.0,0.0,0.0,0.0,0.0,13.0,138.0,277.0,433.0,594.0,797.0,860.0,937.0,878.0,757.0,586.0,386.0,175.0,20.0,0.0,0.0,0.0
2022-08-19,0.0,0.0,0.0,0.0,0.0,0.0,0.0,11.0,126.0,341.0,531.0,718.0,838.0,901.0,909.0,826.0,737.0,576.0,375.0,168.0,18.0,0.0,0.0,0.0
2022-08-20,0.0,0.0,0.0,0.0,0.0,0.0,0.0,13.0,126.0,262.0,416.0,606.0,794.0,889.0,908.0,845.0,741.0,573.0,293.0,153.0,16.0,0.0,0.0,0.0
2022-08-21,0.0,0.0,0.0,0.0,0.0,0.0,0.0,7.0,74.0,220.0,403.0,518.0,680.0,785.0,903.0,850.0,732.0,565.0,262.0,94.0,11.0,0.0,0.0,0.0
2022-08-22,0.0,0.0,0.0,0.0,0.0,0.0,0.0,11.0,126.0,323.0,553.0,724.0,843.0,903.0,876.0,777.0,596.0,458.0,230.0,129.0,13.0,0.0,0.0,0.0
2022-08-23,0.0,0.0,0.0,0.0,0.0,0.0,0.0,11.0,134.0,337.0,542.0,708.0,828.0,886.0,877.0,834.0,732.0,562.0,360.0,153.0,13.0,0.0,0.0,0.0
2022-08-24,0.0,0.0,0.0,0.0,0.0,0.0,0.0,6.0,87.0,206.0,336.0,452.0,633.0,785.0,857.0,805.0,704.0,533.0,266.0,115.0,10.0,0.0,0.0,0.0
2022-08-25,0.0,0.0,0.0,0.0,0.0,0.0,0.0,10.0,102.0,281.0,530.0,713.0,831.0,892.0,888.0,818.0,671.0,497.0,317.0,118.0,9.0,0.0,0.0,0.0
2022-08-26,0.0,0.0,0.0,0.0,0.0,0.0,0.0,6.0,75.0,239.0,363.0,516.0,682.0,719.0,805.0,785.0,665.0,514.0,325.0,117.0,8.0,0.0,0.0,0.0
2022-08-27,0.0,0.0,0.0,0.0,0.0,0.0,0.0,5.0,69.0,182.0,306.0,455.0,546.0,583.0,672.0,722.0,682.0,524.0,333.0,129.0,7.0,0.0,0.0,0.0
2022-08-28,0.0,0.0,0.0,0.0,0.0,0.0,0.0,4.0,60.0,146.0,310.0,356.0,491.0,537.0,523.0,488.0,460.0,400.0,276.0,111.0,8.0,0.0,0.0,0.0
2022-08-29,0.0,0.0,0.0,0.0,0.0,0.0,0.0,8.0,128.0,312.0,448.0,508.0,645.0,737.0,806.0,840.0,729.0,553.0,349.0,137.0,7.0,0.0,0.0,0.0
2022-08-30,0.0,0.0,0.0,0.0,0.0,0.0,0.0,6.0,81.0,226.0,419.0,618.0,802.0,895.0,903.0,836.0,716.0,542.0,336.0,129.0,6.0,0.0,0.0,0.0
2022-08-31,0.0,0.0,0.0,0.0,0.0,0.0,0.0,8.0,137.0,342.0,544.0,715.0,836.0,898.0,895.0,828.0,702.0,530.0,328.0,125.0,5.0,0.0,0.0,0.0
2022-09-01,0.0,0.0,0.0,0.0,0.0,0.0,0.0,8.0,137.0,345.0,545.0,716.0,838.0,899.0,896.0,830.0,705.0,531.0,327.0,122.0,5.0,0.0,0.0,0.0
2022-09-02,0.0,0.0,0.0,0.0,0.0,0.0,0.0,7.0,127.0,320.0,499.0,663.0,789.0,818.0,795.0,700.0,538.0,414.0,311.0,116.0,4.0,0.0,0.0,0.0
2022-09-03,0.0,0.0,0.0,0.0,0.0,0.0,0.0,7.0,128.0,329.0,523.0,693.0,813.0,876.0,874.0,808.0,682.0,508.0,299.0,108.0,3.0,0.0,0.0,0.0
2022-09-04,0.0,0.0,0.0,0.0,0.0,0.0,0.0,6.0,65.0,73.0,339.0,684.0,802.0,706.0,354.0,352.0,244.0,158.0,306.0,102.0,3.0,0.0,0.0,0.0
2022-09-05,0.0,0.0,0.0,0.0,0.0,0.0,0.0,6.0,120.0,322.0,523.0,692.0,812.0,874.0,871.0,803.0,677.0,500.0,293.0,103.0,2.0,0.0,0.0,0.0
2022-09-06,0.0,0.0,0.0,0.0,0.0,0.0,0.0,5.0,125.0,329.0,530.0,699.0,818.0,877.0,873.0,805.0,677.0,503.0,298.0,100.0,2.0,0.0,0.0,0.0
2022-09-07,0.0,0.0,0.0,0.0,0.0,0.0,0.0,5.0,121.0,323.0,521.0,688.0,807.0,867.0,863.0,794.0,659.0,491.0,292.0,96.0,1.0,0.0,0.0,0.0
2022-09-08,0.0,0.0,0.0,0.0,0.0,0.0,0.0,5.0,119.0,320.0,514.0,682.0,803.0,867.0,862.0,782.0,639.0,485.0,276.0,51.0,1.0,0.0,0.0,0.0
2022-09-09,0.0,0.0,0.0,0.0,0.0,0.0,0.0,4.0,117.0,257.0,388.0,409.0,442.0,474.0,300.0,143.0,86.0,67.0,39.0,9.0,0.0,0.0,0.0,0.0
2022-09-10,0.0,0.0,0.0,0.0,0.0,0.0,0.0,2.0,33.0,66.0,343.0,389.0,429.0,288.0,213.0,265.0,301.0,215.0,46.0,7.0,0.0,0.0,0.0,0.0
2022-09-11,0.0,0.0,0.0,0.0,0.0,0.0,0.0,3.0,94.0,244.0,260.0,360.0,452.0,695.0,703.0,699.0,638.0,468.0,267.0,78.0,0.0,0.0,0.0,0.0
2022-09-12,0.0,0.0,0.0,0.0,0.0,0.0,0.0,2.0,72.0,235.0,499.0,671.0,791.0,830.0,828.0,758.0,638.0,465.0,263.0,74.0,0.0,0.0,0.0,0.0
2022-09-13,0.0,0.0,0.0,0.0,0.0,0.0,0.0,3.0,102.0,273.0,444.0,610.0,734.0,787.0,795.0,742.0,628.0,471.0,269.0,75.0,0.0,0.0,0.0,0.0
2022-09-14,0.0,0.0,0.0,0.0,0.0,0.0,0.0,3.0,114.0,321.0,528.0,701.0,822.0,882.0,876.0,803.0,670.0,487.0,275.0,75.0,0.0,0.0,0.0,0.0
2022-09-15,0.0,0.0,0.0,0.0,0.0,0.0,0.0,3.0,107.0,297.0,493.0,671.0,786.0,844.0,857.0,788.0,655.0,475.0,262.0,68.0,0.0,0.0,0.0,0.0
2022-09-16,0.0,0.0,0.0,0.0,0.0,0.0,0.0,2.0,104.0,312.0,510.0,681.0,806.0,864.0,857.0,786.0,653.0,473.0,263.0,67.0,0.0,0.0,0.0,0.0
2022-09-17,0.0,0.0,0.0,0.0,0.0,0.0,0.0,2.0,88.0,238.0,431.0,574.0,794.0,865.0,846.0,781.0,650.0,469.0,260.0,64.0,0.0,0.0,0.0,0.0
2022-09-18,0.0,0.0,0.0,0.0,0.0,0.0,0.0,2.0,102.0,307.0,518.0,687.0,802.0,854.0,839.0,761.0,637.0,455.0,247.0,58.0,0.0,0.0,0.0,0.0
2022-09-19,0.0,0.0,0.0,0.0,0.0,0.0,0.0,2.0,94.0,247.0,352.0,520.0,660.0,817.0,811.0,740.0,605.0,443.0,228.0,48.0,0.0,0.0,0.0,0.0
2022-09-20,0.0,0.0,0.0,0.0,0.0,0.0,0.0,1.0,95.0,293.0,489.0,649.0,763.0,821.0,827.0,754.0,623.0,445.0,240.0,53.0,0.0,0.0,0.0,0.0
2022-09-21,0.0,0.0,0.0,0.0,0.0,0.0,0.0,1.0,97.0,298.0,501.0,671.0,789.0,847.0,839.0,764.0,629.0,448.0,239.0,50.0,0.0,0.0,0.0,0.0
2022-09-22,0.0,0.0,0.0,0.0,0.0,0.0,0.0,1.0,98.0,300.0,505.0,678.0,799.0,857.0,848.0,771.0,634.0,450.0,240.0,49.0,0.0,0.0,0.0,0.0
2022-09-23,0.0,0.0,0.0,0.0,0.0,0.0,0.0,1.0,96.0,304.0,514.0,685.0,801.0,856.0,837.0,747.0,627.0,442.0,232.0,45.0,0.0,0.0,0.0,0.0
2022-09-24,0.0,0.0,0.0,0.0,0.0,0.0,0.0,1.0,86.0,280.0,479.0,647.0,762.0,816.0,805.0,730.0,596.0,417.0,215.0,40.0,0.0,0.0,0.0,0.0
2022-09-25,0.0,0.0,0.0,0.0,0.0,0.0,0.0,1.0,87.0,279.0,477.0,645.0,762.0,817.0,804.0,728.0,592.0,412.0,209.0,37.0,0.0,0.0,0.0,0.0
2022-09-26,0.0,0.0,0.0,0.0,0.0,0.0,0.0,1.0,84.0,278.0,476.0,639.0,756.0,811.0,799.0,722.0,588.0,408.0,207.0,35.0,0.0,0.0,0.0,0.0
2022-09-27,0.0,0.0,0.0,0.0,0.0,0.0,0.0,0.0,84.0,278.0,470.0,608.0,720.0,807.0,795.0,720.0,585.0,405.0,203.0,33.0,0.0,0.0,0.0,0.0
2022-09-28,0.0,0.0,0.0,0.0,0.0,0.0,0.0,0.0,82.0,277.0,475.0,641.0,755.0,808.0,796.0,719.0,583.0,402.0,198.0,30.0,0.0,0.0,0.0,0.0
2022-09-29,0.0,0.0,0.0,0.0,0.0,0.0,0.0,0.0,81.0,269.0,465.0,625.0,747.0,808.0,797.0,721.0,585.0,403.0,195.0,28.0,0.0,0.0,0.0,0.0
2022-09-30,0.0,0.0,0.0,0.0,0.0,0.0,0.0,0.0,37.0,115.0,261.0,306.0,431.0,515.0,537.0,421.0,400.0,247.0,102.0,12.0,0.0,0.0,0.0,0.0
2022-10-01,0.0,0.0,0.0,0.0,0.0,0.0,0.0,0.0,51.0,165.0,263.0,392.0,397.0,527.0,548.0,495.0,444.0,322.0,134.0,18.0,0.0,0.0,0.0,0.0
2022-10-02,0.0,0.0,0.0,0.0,0.0,0.0,0.0,0.0,73.0,252.0,430.0,604.0,742.0,768.0,718.0,643.0,538.0,373.0,148.0,22.0,0.0,0.0,0.0,0.0
2022-10-03,0.0,0.0,0.0,0.0,0.0,0.0,0.0,0.0,48.0,198.0,363.0,557.0,697.0,756.0,766.0,688.0,555.0,373.0,174.0,20.0,0.0,0.0,0.0,0.0
2022-10-04,0.0,0.0,0.0,0.0,0.0,0.0,0.0,0.0,66.0,246.0,446.0,615.0,727.0,778.0,763.0,684.0,549.0,369.0,168.0,18.0,0.0,0.0,0.0,0.0
2022-10-05,0.0,0.0,0.0,0.0,0.0,0.0,0.0,0.0,65.0,243.0,434.0,603.0,715.0,760.0,743.0,676.0,541.0,353.0,151.0,14.0,0.0,0.0,0.0,0.0
2022-10-06,0.0,0.0,0.0,0.0,0.0,0.0,0.0,0.0,62.0,240.0,440.0,605.0,721.0,774.0,758.0,680.0,545.0,346.0,135.0,11.0,0.0,0.0,0.0,0.0
2022-10-07,0.0,0.0,0.0,0.0,0.0,0.0,0.0,0.0,61.0,245.0,433.0,569.0,635.0,674.0,653.0,635.0,519.0,346.0,153.0,14.0,0.0,0.0,0.0,0.0
2022-10-08,0.0,0.0,0.0,0.0,0.0,0.0,0.0,0.0,59.0,239.0,434.0,596.0,707.0,757.0,741.0,662.0,517.0,325.0,139.0,11.0,0.0,0.0,0.0,0.0
2022-10-09,0.0,0.0,0.0,0.0,0.0,0.0,0.0,0.0,57.0,232.0,427.0,589.0,701.0,754.0,734.0,652.0,513.0,331.0,119.0,8.0,0.0,0.0,0.0,0.0
2022-10-10,0.0,0.0,0.0,0.0,0.0,0.0,0.0,0.0,31.0,117.0,262.0,321.0,418.0,526.0,492.0,434.0,330.0,224.0,81.0,6.0,0.0,0.0,0.0,0.0
2022-10-11,0.0,0.0,0.0,0.0,0.0,0.0,0.0,0.0,26.0,162.0,224.0,316.0,415.0,492.0,525.0,561.0,477.0,299.0,121.0,7.0,0.0,0.0,0.0,0.0
2022-10-12,0.0,0.0,0.0,0.0,0.0,0.0,0.0,0.0,24.0,133.0,255.0,506.0,463.0,631.0,532.0,623.0,495.0,310.0,89.0,5.0,0.0,0.0,0.0,0.0
2022-10-13,0.0,0.0,0.0,0.0,0.0,0.0,0.0,0.0,48.0,190.0,349.0,506.0,624.0,587.0,597.0,504.0,377.0,237.0,64.0,5.0,0.0,0.0,0.0,0.0
2022-10-14,0.0,0.0,0.0,0.0,0.0,0.0,0.0,0.0,30.0,128.0,284.0,468.0,628.0,656.0,589.0,411.0,372.0,193.0,57.0,3.0,0.0,0.0,0.0,0.0
2022-10-15,0.0,0.0,0.0,0.0,0.0,0.0,0.0,0.0,21.0,97.0,370.0,540.0,652.0,680.0,682.0,609.0,474.0,302.0,115.0,5.0,0.0,0.0,0.0,0.0
2022-10-16,0.0,0.0,0.0,0.0,0.0,0.0,0.0,0.0,18.0,89.0,151.0,296.0,436.0,519.0,573.0,488.0,378.0,235.0,103.0,3.0,0.0,0.0,0.0,0.0
2022-10-17,0.0,0.0,0.0,0.0,0.0,0.0,0.0,0.0,41.0,197.0,383.0,565.0,668.0,718.0,701.0,622.0,483.0,304.0,114.0,4.0,0.0,0.0,0.0,0.0
2022-10-18,0.0,0.0,0.0,0.0,0.0,0.0,0.0,0.0,44.0,213.0,402.0,560.0,668.0,714.0,696.0,615.0,478.0,300.0,110.0,3.0,0.0,0.0,0.0,0.0
2022-10-19,0.0,0.0,0.0,0.0,0.0,0.0,0.0,0.0,43.0,213.0,401.0,559.0,667.0,713.0,696.0,579.0,425.0,218.0,100.0,3.0,0.0,0.0,0.0,0.0
2022-10-20,0.0,0.0,0.0,0.0,0.0,0.0,0.0,0.0,40.0,207.0,402.0,560.0,658.0,699.0,676.0,613.0,474.0,294.0,104.0,3.0,0.0,0.0,0.0,0.0
2022-10-21,0.0,0.0,0.0,0.0,0.0,0.0,0.0,0.0,38.0,205.0,383.0,542.0,655.0,699.0,684.0,605.0,468.0,287.0,80.0,2.0,0.0,0.0,0.0,0.0
2022-10-22,0.0,0.0,0.0,0.0,0.0,0.0,0.0,0.0,18.0,95.0,133.0,394.0,509.0,355.0,500.0,574.0,342.0,228.0,45.0,1.0,0.0,0.0,0.0,0.0
2022-10-23,0.0,0.0,0.0,0.0,0.0,0.0,0.0,0.0,38.0,207.0,397.0,555.0,667.0,720.0,707.0,624.0,479.0,294.0,98.0,2.0,0.0,0.0,0.0,0.0
2022-10-24,0.0,0.0,0.0,0.0,0.0,0.0,0.0,0.0,36.0,204.0,395.0,555.0,664.0,712.0,693.0,609.0,468.0,286.0,95.0,1.0,0.0,0.0,0.0,0.0
2022-10-25,0.0,0.0,0.0,0.0,0.0,0.0,0.0,0.0,35.0,201.0,388.0,546.0,652.0,698.0,678.0,594.0,454.0,274.0,88.0,1.0,0.0,0.0,0.0,0.0
2022-10-26,0.0,0.0,0.0,0.0,0.0,0.0,0.0,0.0,32.0,193.0,368.0,522.0,637.0,704.0,688.0,607.0,468.0,283.0,90.0,1.0,0.0,0.0,0.0,0.0
2022-10-27,0.0,0.0,0.0,0.0,0.0,0.0,0.0,0.0,32.0,194.0,381.0,538.0,645.0,691.0,670.0,586.0,446.0,267.0,83.0,1.0,0.0,0.0,0.0,0.0
2022-10-28,0.0,0.0,0.0,0.0,0.0,0.0,0.0,0.0,30.0,188.0,374.0,532.0,637.0,633.0,610.0,486.0,348.0,173.0,79.0,0.0,0.0,0.0,0.0,0.0
2022-10-29,0.0,0.0,0.0,0.0,0.0,0.0,0.0,0.0,29.0,190.0,379.0,539.0,646.0,692.0,672.0,590.0,451.0,270.0,81.0,0.0,0.0,0.0,0.0,0.0
2022-10-30,0.0,0.0,0.0,0.0,0.0,0.0,0.0,0.0,29.0,191.0,381.0,541.0,650.0,696.0,677.0,592.0,451.0,268.0,79.0,0.0,0.0,0.0,0.0,0.0
2022-10-31,0.0,0.0,0.0,0.0,0.0,0.0,0.0,0.0,25.0,162.0,303.0,451.0,617.0,551.0,519.0,377.0,301.0,216.0,60.0,0.0,0.0,0.0,0.0,0.0
2022-11-01,0.0,0.0,0.0,0.0,0.0,0.0,0.0,0.0,23.0,171.0,357.0,496.0,603.0,636.0,647.0,562.0,420.0,244.0,66.0,0.0,0.0,0.0,0.0,0.0
2022-11-02,0.0,0.0,0.0,0.0,0.0,0.0,0.0,0.0,11.0,80.0,282.0,497.0,628.0,679.0,657.0,572.0,432.0,249.0,68.0,0.0,0.0,0.0,0.0,0.0
2022-11-03,0.0,0.0,0.0,0.0,0.0,0.0,0.0,0.0,22.0,175.0,366.0,524.0,628.0,678.0,661.0,578.0,437.0,253.0,68.0,0.0,0.0,0.0,0.0,0.0
2022-11-04,0.0,0.0,0.0,0.0,0.0,0.0,0.0,0.0,21.0,167.0,354.0,476.0,595.0,658.0,642.0,562.0,423.0,245.0,65.0,0.0,0.0,0.0,0.0,0.0
2022-11-05,0.0,0.0,0.0,0.0,0.0,0.0,0.0,0.0,21.0,170.0,359.0,518.0,626.0,673.0,654.0,569.0,426.0,244.0,64.0,0.0,0.0,0.0,0.0,0.0
2022-11-06,0.0,0.0,0.0,0.0,0.0,0.0,0.0,0.0,17.0,104.0,165.0,303.0,568.0,588.0,492.0,518.0,391.0,208.0,20.0,0.0,0.0,0.0,0.0,0.0
2022-11-07,0.0,0.0,0.0,0.0,0.0,0.0,0.0,0.0,7.0,62.0,121.0,187.0,234.0,417.0,601.0,464.0,200.0,156.0,52.0,0.0,0.0,0.0,0.0,0.0
2022-11-08,0.0,0.0,0.0,0.0,0.0,0.0,0.0,0.0,16.0,141.0,293.0,498.0,523.0,464.0,251.0,78.0,51.0,35.0,8.0,0.0,0.0,0.0,0.0,0.0
2022-11-09,0.0,0.0,0.0,0.0,0.0,0.0,0.0,0.0,16.0,153.0,340.0,497.0,604.0,649.0,630.0,546.0,411.0,233.0,56.0,0.0,0.0,0.0,0.0,0.0
2022-11-10,0.0,0.0,0.0,0.0,0.0,0.0,0.0,0.0,16.0,160.0,347.0,506.0,614.0,660.0,641.0,558.0,417.0,237.0,56.0,0.0,0.0,0.0,0.0,0.0
2022-11-11,0.0,0.0,0.0,0.0,0.0,0.0,0.0,0.0,13.0,139.0,309.0,456.0,549.0,592.0,583.0,455.0,397.0,217.0,53.0,0.0,0.0,0.0,0.0,0.0
2022-11-12,0.0,0.0,0.0,0.0,0.0,0.0,0.0,0.0,14.0,156.0,342.0,498.0,605.0,651.0,631.0,549.0,411.0,231.0,53.0,0.0,0.0,0.0,0.0,0.0
2022-11-13,0.0,0.0,0.0,0.0,0.0,0.0,0.0,0.0,13.0,149.0,331.0,487.0,599.0,648.0,628.0,544.0,406.0,227.0,51.0,0.0,0.0,0.0,0.0,0.0
2022-11-14,0.0,0.0,0.0,0.0,0.0,0.0,0.0,0.0,12.0,148.0,332.0,488.0,594.0,640.0,616.0,532.0,399.0,224.0,50.0,0.0,0.0,0.0,0.0,0.0
2022-11-15,0.0,0.0,0.0,0.0,0.0,0.0,0.0,0.0,11.0,145.0,330.0,487.0,594.0,640.0,622.0,537.0,399.0,222.0,48.0,0.0,0.0,0.0,0.0,0.0
2022-11-16,0.0,0.0,0.0,0.0,0.0,0.0,0.0,0.0,10.0,145.0,332.0,491.0,597.0,648.0,629.0,547.0,404.0,227.0,50.0,0.0,0.0,0.0,0.0,0.0
2022-11-17,0.0,0.0,0.0,0.0,0.0,0.0,0.0,0.0,9.0,130.0,300.0,450.0,567.0,579.0,574.0,460.0,276.0,134.0,31.0,0.0,0.0,0.0,0.0,0.0
2022-11-18,0.0,0.0,0.0,0.0,0.0,0.0,0.0,0.0,9.0,134.0,319.0,475.0,583.0,631.0,612.0,527.0,388.0,213.0,44.0,0.0,0.0,0.0,0.0,0.0
2022-11-19,0.0,0.0,0.0,0.0,0.0,0.0,0.0,0.0,8.0,133.0,317.0,475.0,585.0,632.0,614.0,535.0,397.0,220.0,46.0,0.0,0.0,0.0,0.0,0.0
2022-11-20,0.0,0.0,0.0,0.0,0.0,0.0,0.0,0.0,7.0,134.0,319.0,478.0,587.0,634.0,616.0,533.0,395.0,217.0,44.0,0.0,0.0,0.0,0.0,0.0
2022-11-21,0.0,0.0,0.0,0.0,0.0,0.0,0.0,0.0,6.0,100.0,251.0,421.0,544.0,610.0,578.0,474.0,321.0,179.0,35.0,0.0,0.0,0.0,0.0,0.0
2022-11-22,0.0,0.0,0.0,0.0,0.0,0.0,0.0,0.0,6.0,126.0,310.0,470.0,580.0,627.0,610.0,531.0,394.0,216.0,43.0,0.0,0.0,0.0,0.0,0.0
2022-11-23,0.0,0.0,0.0,0.0,0.0,0.0,0.0,0.0,5.0,122.0,303.0,459.0,567.0,615.0,597.0,516.0,381.0,207.0,41.0,0.0,0.0,0.0,0.0,0.0
2022-11-24,0.0,0.0,0.0,0.0,0.0,0.0,0.0,0.0,5.0,118.0,298.0,454.0,563.0,612.0,595.0,515.0,379.0,206.0,41.0,0.0,0.0,0.0,0.0,0.0
2022-11-25,0.0,0.0,0.0,0.0,0.0,0.0,0.0,0.0,4.0,117.0,292.0,443.0,554.0,610.0,596.0,440.0,332.0,203.0,40.0,0.0,0.0,0.0,0.0,0.0
2022-11-26,0.0,0.0,0.0,0.0,0.0,0.0,0.0,0.0,4.0,111.0,290.0,447.0,557.0,605.0,589.0,508.0,375.0,203.0,38.0,0.0,0.0,0.0,0.0,0.0
2022-11-27,0.0,0.0,0.0,0.0,0.0,0.0,0.0,0.0,3.0,108.0,284.0,437.0,541.0,593.0,579.0,499.0,361.0,169.0,34.0,0.0,0.0,0.0,0.0,0.0
2022-11-28,0.0,0.0,0.0,0.0,0.0,0.0,0.0,0.0,2.0,92.0,242.0,345.0,519.0,547.0,518.0,469.0,354.0,191.0,34.0,0.0,0.0,0.0,0.0,0.0
2022-11-29,0.0,0.0,0.0,0.0,0.0,0.0,0.0,0.0,2.0,103.0,278.0,433.0,541.0,589.0,573.0,497.0,364.0,195.0,36.0,0.0,0.0,0.0,0.0,0.0
2022-11-30,0.0,0.0,0.0,0.0,0.0,0.0,0.0,0.0,1.0,42.0,128.0,235.0,353.0,369.0,364.0,364.0,272.0,132.0,25.0,0.0,0.0,0.0,0.0,0.0
2022-12-01,0.0,0.0,0.0,0.0,0.0,0.0,0.0,0.0,1.0,66.0,158.0,396.0,515.0,559.0,460.0,431.0,286.0,145.0,19.0,0.0,0.0,0.0,0.0,0.0
2022-12-02,0.0,0.0,0.0,0.0,0.0,0.0,0.0,0.0,0.0,17.0,49.0,154.0,314.0,421.0,339.0,164.0,118.0,62.0,17.0,0.0,0.0,0.0,0.0,0.0
2022-12-03,0.0,0.0,0.0,0.0,0.0,0.0,0.0,0.0,1.0,38.0,127.0,204.0,223.0,305.0,301.0,290.0,119.0,70.0,20.0,0.0,0.0,0.0,0.0,0.0
2022-12-04,0.0,0.0,0.0,0.0,0.0,0.0,0.0,0.0,0.0,39.0,84.0,132.0,236.0,259.0,239.0,439.0,344.0,185.0,34.0,0.0,0.0,0.0,0.0,0.0
2022-12-05,0.0,0.0,0.0,0.0,0.0,0.0,0.0,0.0,1.0,77.0,228.0,373.0,514.0,558.0,529.0,464.0,314.0,148.0,30.0,0.0,0.0,0.0,0.0,0.0
2022-12-06,0.0,0.0,0.0,0.0,0.0,0.0,0.0,0.0,1.0,67.0,185.0,263.0,323.0,535.0,457.0,446.0,323.0,192.0,33.0,0.0,0.0,0.0,0.0,0.0
2022-12-07,0.0,0.0,0.0,0.0,0.0,0.0,0.0,0.0,1.0,79.0,246.0,404.0,515.0,567.0,556.0,483.0,356.0,189.0,34.0,0.0,0.0,0.0,0.0,0.0
2022-12-08,0.0,0.0,0.0,0.0,0.0,0.0,0.0,0.0,0.0,75.0,239.0,393.0,504.0,561.0,541.0,472.0,348.0,181.0,33.0,0.0,0.0,0.0,0.0,0.0
2022-12-09,0.0,0.0,0.0,0.0,0.0,0.0,0.0,0.0,0.0,77.0,244.0,397.0,506.0,558.0,547.0,474.0,348.0,187.0,34.0,0.0,0.0,0.0,0.0,0.0
2022-12-10,0.0,0.0,0.0,0.0,0.0,0.0,0.0,0.0,0.0,64.0,203.0,345.0,454.0,540.0,512.0,418.0,311.0,171.0,32.0,0.0,0.0,0.0,0.0,0.0
2022-12-11,0.0,0.0,0.0,0.0,0.0,0.0,0.0,0.0,0.0,58.0,112.0,58.0,133.0,265.0,493.0,437.0,329.0,187.0,35.0,0.0,0.0,0.0,0.0,0.0
2022-12-12,0.0,0.0,0.0,0.0,0.0,0.0,0.0,0.0,0.0,68.0,210.0,244.0,447.0,497.0,543.0,473.0,336.0,177.0,37.0,0.0,0.0,0.0,0.0,0.0
2022-12-13,0.0,0.0,0.0,0.0,0.0,0.0,0.0,0.0,0.0,73.0,244.0,400.0,512.0,565.0,557.0,488.0,362.0,197.0,38.0,0.0,0.0,0.0,0.0,0.0
2022-12-14,0.0,0.0,0.0,0.0,0.0,0.0,0.0,0.0,0.0,69.0,235.0,392.0,504.0,557.0,551.0,482.0,356.0,193.0,37.0,0.0,0.0,0.0,0.0,0.0
2022-12-15,0.0,0.0,0.0,0.0,0.0,0.0,0.0,0.0,0.0,64.0,212.0,338.0,408.0,432.0,351.0,260.0,158.0,76.0,18.0,0.0,0.0,0.0,0.0,0.0
2022-12-16,0.0,0.0,0.0,0.0,0.0,0.0,0.0,0.0,0.0,63.0,227.0,378.0,501.0,557.0,551.0,484.0,361.0,199.0,40.0,0.0,0.0,0.0,0.0,0.0
2022-12-17,0.0,0.0,0.0,0.0,0.0,0.0,0.0,0.0,0.0,63.0,181.0,298.0,508.0,491.0,336.0,200.0,168.0,70.0,17.0,0.0,0.0,0.0,0.0,0.0
2022-12-18,0.0,0.0,0.0,0.0,0.0,0.0,0.0,0.0,0.0,66.0,235.0,394.0,509.0,565.0,559.0,492.0,368.0,204.0,42.0,0.0,0.0,0.0,0.0,0.0
2022-12-19,0.0,0.0,0.0,0.0,0.0,0.0,0.0,0.0,0.0,60.0,226.0,385.0,501.0,561.0,558.0,490.0,366.0,203.0,42.0,0.0,0.0,0.0,0.0,0.0
2022-12-20,0.0,0.0,0.0,0.0,0.0,0.0,0.0,0.0,0.0,57.0,217.0,387.0,502.0,560.0,554.0,486.0,363.0,201.0,42.0,0.0,0.0,0.0,0.0,0.0
2022-12-21,0.0,0.0,0.0,0.0,0.0,0.0,0.0,0.0,0.0,60.0,226.0,382.0,497.0,556.0,551.0,485.0,363.0,202.0,43.0,0.0,0.0,0.0,0.0,0.0
2022-12-22,0.0,0.0,0.0,0.0,0.0,0.0,0.0,0.0,0.0,45.0,190.0,349.0,472.0,506.0,451.0,382.0,246.0,152.0,43.0,0.0,0.0,0.0,0.0,0.0
2022-12-23,0.0,0.0,0.0,0.0,0.0,0.0,0.0,0.0,0.0,51.0,203.0,364.0,467.0,522.0,488.0,478.0,360.0,202.0,44.0,0.0,0.0,0.0,0.0,0.0
2022-12-24,0.0,0.0,0.0,0.0,0.0,0.0,0.0,0.0,0.0,56.0,220.0,378.0,494.0,553.0,550.0,486.0,366.0,207.0,46.0,0.0,0.0,0.0,0.0,0.0
2022-12-25,0.0,0.0,0.0,0.0,0.0,0.0,0.0,0.0,0.0,56.0,222.0,382.0,498.0,558.0,556.0,493.0,372.0,211.0,48.0,0.0,0.0,0.0,0.0,0.0
2022-12-26,0.0,0.0,0.0,0.0,0.0,0.0,0.0,0.0,0.0,46.0,176.0,328.0,467.0,530.0,427.0,432.0,332.0,169.0,36.0,0.0,0.0,0.0,0.0,0.0
2022-12-27,0.0,0.0,0.0,0.0,0.0,0.0,0.0,0.0,0.0,25.0,111.0,218.0,271.0,222.0,228.0,240.0,75.0,34.0,10.0,0.0,0.0,0.0,0.0,0.0
2022-12-28,0.0,0.0,0.0,0.0,0.0,0.0,0.0,0.0,0.0,53.0,196.0,379.0,504.0,566.0,567.0,506.0,385.0,220.0,52.0,0.0,0.0,0.0,0.0,0.0
2022-12-29,0.0,0.0,0.0,0.0,0.0,0.0,0.0,0.0,0.0,23.0,44.0,93.0,113.0,167.0,161.0,160.0,120.0,47.0,11.0,0.0,0.0,0.0,0.0,0.0
2022-12-30,0.0,0.0,0.0,0.0,0.0,0.0,0.0,0.0,0.0,24.0,86.0,129.0,289.0,339.0,327.0,207.0,144.0,75.0,23.0,0.0,0.0,0.0,0.0,0.0
2022-12-31,0.0,0.0,0.0,0.0,0.0,0.0,0.0,0.0,0.0,15.0,57.0,123.0,138.0,226.0,189.0,219.0,111.0,91.0,14.0,0.0,0.0,0.0,0.0,0.0
